"Year";"Month";"Ballino_Fiave";"Bolzano";"Mori";"Riva_del_Garda";"Rovereto";"Trento_Gardolo";"Trento_Sud"
1882;1;NA;NA;NA;NA;0;NA;NA
1882;2;NA;NA;NA;NA;0;NA;NA
1882;3;NA;NA;NA;NA;0;NA;NA
1882;4;NA;NA;NA;NA;NA;NA;NA
1882;5;NA;NA;NA;NA;NA;NA;NA
1882;6;NA;NA;NA;NA;NA;NA;NA
1882;7;NA;NA;NA;NA;NA;NA;NA
1882;8;NA;NA;NA;NA;NA;NA;NA
1882;9;NA;NA;NA;NA;NA;NA;NA
1882;10;NA;NA;NA;NA;0;NA;NA
1882;11;NA;NA;NA;NA;0;NA;NA
1882;12;NA;NA;NA;NA;3;NA;NA
1883;1;NA;NA;NA;NA;5;NA;NA
1883;2;NA;NA;NA;NA;0;NA;NA
1883;3;NA;NA;NA;NA;34;NA;NA
1883;4;NA;NA;NA;NA;NA;NA;NA
1883;5;NA;NA;NA;NA;NA;NA;NA
1883;6;NA;NA;NA;NA;NA;NA;NA
1883;7;NA;NA;NA;NA;NA;NA;NA
1883;8;NA;NA;NA;NA;NA;NA;NA
1883;9;NA;NA;NA;NA;NA;NA;NA
1883;10;NA;NA;NA;NA;0;NA;NA
1883;11;NA;NA;NA;NA;0;NA;NA
1883;12;NA;NA;NA;NA;5;NA;NA
1884;1;NA;NA;NA;NA;13;NA;NA
1884;2;NA;NA;NA;NA;0;NA;NA
1884;3;NA;NA;NA;NA;0;NA;NA
1884;4;NA;NA;NA;NA;NA;NA;NA
1884;5;NA;NA;NA;NA;NA;NA;NA
1884;6;NA;NA;NA;NA;NA;NA;NA
1884;7;NA;NA;NA;NA;NA;NA;NA
1884;8;NA;NA;NA;NA;NA;NA;NA
1884;9;NA;NA;NA;NA;NA;NA;NA
1884;10;NA;NA;NA;NA;0;NA;NA
1884;11;NA;NA;NA;NA;1;NA;NA
1884;12;NA;NA;NA;NA;40;NA;NA
1885;1;NA;NA;NA;NA;55;NA;NA
1885;2;NA;NA;NA;NA;0;NA;NA
1885;3;NA;NA;NA;NA;8;NA;NA
1885;4;NA;NA;NA;NA;NA;NA;NA
1885;5;NA;NA;NA;NA;NA;NA;NA
1885;6;NA;NA;NA;NA;NA;NA;NA
1885;7;NA;NA;NA;NA;NA;NA;NA
1885;8;NA;NA;NA;NA;NA;NA;NA
1885;9;NA;NA;NA;NA;NA;NA;NA
1885;10;NA;NA;NA;NA;0;NA;NA
1885;11;NA;NA;NA;NA;0;NA;NA
1885;12;NA;NA;NA;NA;0;NA;NA
1886;1;NA;NA;NA;NA;53;NA;NA
1886;2;NA;NA;NA;NA;0;NA;NA
1886;3;NA;NA;NA;NA;0;NA;NA
1886;4;NA;NA;NA;NA;NA;NA;NA
1886;5;NA;NA;NA;NA;NA;NA;NA
1886;6;NA;NA;NA;NA;NA;NA;NA
1886;7;NA;NA;NA;NA;NA;NA;NA
1886;8;NA;NA;NA;NA;NA;NA;NA
1886;9;NA;NA;NA;NA;NA;NA;NA
1886;10;NA;NA;NA;NA;0;NA;NA
1886;11;NA;NA;NA;NA;0;NA;NA
1886;12;NA;NA;NA;NA;10;NA;NA
1887;1;NA;NA;NA;NA;35;NA;NA
1887;2;NA;NA;NA;NA;54;NA;NA
1887;3;NA;NA;NA;NA;0;NA;NA
1887;4;NA;NA;NA;NA;NA;NA;NA
1887;5;NA;NA;NA;NA;NA;NA;NA
1887;6;NA;NA;NA;NA;NA;NA;NA
1887;7;NA;NA;NA;NA;NA;NA;NA
1887;8;NA;NA;NA;NA;NA;NA;NA
1887;9;NA;NA;NA;NA;NA;NA;NA
1887;10;NA;NA;NA;NA;0;NA;NA
1887;11;NA;NA;NA;NA;0;NA;NA
1887;12;NA;NA;NA;NA;9;NA;NA
1888;1;NA;NA;NA;NA;0;NA;NA
1888;2;NA;NA;NA;NA;64;NA;NA
1888;3;NA;NA;NA;NA;0;NA;NA
1888;4;NA;NA;NA;NA;NA;NA;NA
1888;5;NA;NA;NA;NA;NA;NA;NA
1888;6;NA;NA;NA;NA;NA;NA;NA
1888;7;NA;NA;NA;NA;NA;NA;NA
1888;8;NA;NA;NA;NA;NA;NA;NA
1888;9;NA;NA;NA;NA;NA;NA;NA
1888;10;NA;NA;NA;NA;0;NA;NA
1888;11;NA;NA;NA;NA;0;NA;NA
1888;12;NA;NA;NA;NA;0;NA;NA
1889;1;NA;NA;NA;NA;0;NA;NA
1889;2;NA;NA;NA;NA;30;NA;NA
1889;3;NA;NA;NA;NA;0;NA;NA
1889;4;NA;NA;NA;NA;NA;NA;NA
1889;5;NA;NA;NA;NA;NA;NA;NA
1889;6;NA;NA;NA;NA;NA;NA;NA
1889;7;NA;NA;NA;NA;NA;NA;NA
1889;8;NA;NA;NA;NA;NA;NA;NA
1889;9;NA;NA;NA;NA;NA;NA;NA
1889;10;NA;NA;NA;NA;0;NA;NA
1889;11;NA;NA;NA;NA;0;NA;NA
1889;12;NA;NA;NA;NA;20;NA;NA
1890;1;NA;NA;NA;NA;4;NA;NA
1890;2;NA;NA;NA;NA;0;NA;NA
1890;3;NA;NA;NA;NA;0;NA;NA
1890;4;NA;NA;NA;NA;NA;NA;NA
1890;5;NA;NA;NA;NA;NA;NA;NA
1890;6;NA;NA;NA;NA;NA;NA;NA
1890;7;NA;NA;NA;NA;NA;NA;NA
1890;8;NA;NA;NA;NA;NA;NA;NA
1890;9;NA;NA;NA;NA;NA;NA;NA
1890;10;NA;NA;NA;NA;0;NA;NA
1890;11;NA;NA;NA;NA;3;NA;NA
1890;12;NA;NA;NA;NA;9;NA;NA
1891;1;NA;NA;NA;NA;8;NA;NA
1891;2;NA;NA;NA;NA;0;NA;NA
1891;3;NA;NA;NA;NA;32;NA;NA
1891;4;NA;NA;NA;NA;NA;NA;NA
1891;5;NA;NA;NA;NA;NA;NA;NA
1891;6;NA;NA;NA;NA;NA;NA;NA
1891;7;NA;NA;NA;NA;NA;NA;NA
1891;8;NA;NA;NA;NA;NA;NA;NA
1891;9;NA;NA;NA;NA;NA;NA;NA
1891;10;NA;NA;NA;NA;0;NA;NA
1891;11;NA;NA;NA;NA;0;NA;NA
1891;12;NA;NA;NA;NA;3;NA;NA
1892;1;NA;NA;NA;NA;11;NA;NA
1892;2;NA;NA;NA;NA;12;NA;NA
1892;3;NA;NA;NA;NA;36;NA;NA
1892;4;NA;NA;NA;NA;NA;NA;NA
1892;5;NA;NA;NA;NA;NA;NA;NA
1892;6;NA;NA;NA;NA;NA;NA;NA
1892;7;NA;NA;NA;NA;NA;NA;NA
1892;8;NA;NA;NA;NA;NA;NA;NA
1892;9;NA;NA;NA;NA;NA;NA;NA
1892;10;NA;NA;NA;NA;0;NA;NA
1892;11;NA;NA;NA;NA;0;NA;NA
1892;12;NA;NA;NA;NA;4;NA;NA
1893;1;NA;NA;NA;NA;0;NA;NA
1893;2;NA;NA;NA;NA;32;NA;NA
1893;3;NA;NA;NA;NA;0;NA;NA
1893;4;NA;NA;NA;NA;NA;NA;NA
1893;5;NA;NA;NA;NA;NA;NA;NA
1893;6;NA;NA;NA;NA;NA;NA;NA
1893;7;NA;NA;NA;NA;NA;NA;NA
1893;8;NA;NA;NA;NA;NA;NA;NA
1893;9;NA;NA;NA;NA;NA;NA;NA
1893;10;NA;NA;NA;NA;0;NA;NA
1893;11;NA;NA;NA;NA;0;NA;NA
1893;12;NA;NA;NA;NA;0;NA;NA
1894;1;NA;NA;NA;NA;11;NA;NA
1894;2;NA;NA;NA;NA;0;NA;NA
1894;3;NA;NA;NA;NA;0;NA;NA
1894;4;NA;NA;NA;NA;NA;NA;NA
1894;5;NA;NA;NA;NA;NA;NA;NA
1894;6;NA;NA;NA;NA;NA;NA;NA
1894;7;NA;NA;NA;NA;NA;NA;NA
1894;8;NA;NA;NA;NA;NA;NA;NA
1894;9;NA;NA;NA;NA;NA;NA;NA
1894;10;NA;NA;NA;NA;0;NA;NA
1894;11;NA;NA;NA;NA;0;NA;NA
1894;12;NA;NA;NA;NA;10;NA;NA
1895;1;NA;NA;NA;NA;60;NA;NA
1895;2;NA;NA;NA;NA;33;NA;NA
1895;3;NA;NA;NA;NA;6;NA;NA
1895;4;NA;NA;NA;NA;NA;NA;NA
1895;5;NA;NA;NA;NA;NA;NA;NA
1895;6;NA;NA;NA;NA;NA;NA;NA
1895;7;NA;NA;NA;NA;NA;NA;NA
1895;8;NA;NA;NA;NA;NA;NA;NA
1895;9;NA;NA;NA;NA;NA;NA;NA
1895;10;NA;NA;NA;NA;0;NA;NA
1895;11;NA;NA;NA;NA;0;NA;NA
1895;12;NA;NA;NA;NA;8;NA;NA
1896;1;NA;NA;NA;NA;0;NA;NA
1896;2;NA;NA;NA;NA;14;NA;NA
1896;3;NA;NA;NA;NA;0;NA;NA
1896;4;NA;NA;NA;NA;NA;NA;NA
1896;5;NA;NA;NA;NA;NA;NA;NA
1896;6;NA;NA;NA;NA;NA;NA;NA
1896;7;NA;NA;NA;NA;NA;NA;NA
1896;8;NA;NA;NA;NA;NA;NA;NA
1896;9;NA;NA;NA;NA;NA;NA;NA
1896;10;NA;NA;NA;NA;0;NA;NA
1896;11;NA;NA;NA;NA;5;NA;NA
1896;12;NA;NA;NA;NA;16;NA;NA
1897;1;NA;NA;NA;NA;0;NA;NA
1897;2;NA;NA;NA;NA;0;NA;NA
1897;3;NA;NA;NA;NA;5;NA;NA
1897;4;NA;NA;NA;NA;NA;NA;NA
1897;5;NA;NA;NA;NA;NA;NA;NA
1897;6;NA;NA;NA;NA;NA;NA;NA
1897;7;NA;NA;NA;NA;NA;NA;NA
1897;8;NA;NA;NA;NA;NA;NA;NA
1897;9;NA;NA;NA;NA;NA;NA;NA
1897;10;NA;NA;NA;NA;0;NA;NA
1897;11;NA;NA;NA;NA;7;NA;NA
1897;12;NA;NA;NA;NA;30;NA;NA
1898;1;NA;NA;NA;NA;0;NA;NA
1898;2;NA;NA;NA;NA;0;NA;NA
1898;3;NA;NA;NA;NA;0;NA;NA
1898;4;NA;NA;NA;NA;NA;NA;NA
1898;5;NA;NA;NA;NA;NA;NA;NA
1898;6;NA;NA;NA;NA;NA;NA;NA
1898;7;NA;NA;NA;NA;NA;NA;NA
1898;8;NA;NA;NA;NA;NA;NA;NA
1898;9;NA;NA;NA;NA;NA;NA;NA
1898;10;NA;NA;NA;NA;0;NA;NA
1898;11;NA;NA;NA;NA;0;NA;NA
1898;12;NA;NA;NA;NA;0;NA;NA
1899;1;NA;NA;NA;NA;0;NA;NA
1899;2;NA;NA;NA;NA;11;NA;NA
1899;3;NA;NA;NA;NA;0;NA;NA
1899;4;NA;NA;NA;NA;NA;NA;NA
1899;5;NA;NA;NA;NA;NA;NA;NA
1899;6;NA;NA;NA;NA;NA;NA;NA
1899;7;NA;NA;NA;NA;NA;NA;NA
1899;8;NA;NA;NA;NA;NA;NA;NA
1899;9;NA;NA;NA;NA;NA;NA;NA
1899;10;NA;NA;NA;NA;0;NA;NA
1899;11;NA;NA;NA;NA;0;NA;NA
1899;12;NA;NA;NA;NA;81;NA;NA
1900;1;NA;NA;NA;NA;8;NA;NA
1900;2;NA;NA;NA;NA;0;NA;NA
1900;3;NA;NA;NA;NA;0;NA;NA
1900;4;NA;NA;NA;NA;NA;NA;NA
1900;5;NA;NA;NA;NA;NA;NA;NA
1900;6;NA;NA;NA;NA;NA;NA;NA
1900;7;NA;NA;NA;NA;NA;NA;NA
1900;8;NA;NA;NA;NA;NA;NA;NA
1900;9;NA;NA;NA;NA;NA;NA;NA
1900;10;NA;NA;NA;NA;0;NA;NA
1900;11;NA;NA;NA;NA;0;NA;NA
1900;12;NA;NA;NA;NA;0;NA;NA
1901;1;NA;NA;NA;NA;2;NA;NA
1901;2;NA;NA;NA;NA;40;NA;NA
1901;3;NA;NA;NA;NA;6;NA;NA
1901;4;NA;NA;NA;NA;NA;NA;NA
1901;5;NA;NA;NA;NA;NA;NA;NA
1901;6;NA;NA;NA;NA;NA;NA;NA
1901;7;NA;NA;NA;NA;NA;NA;NA
1901;8;NA;NA;NA;NA;NA;NA;NA
1901;9;NA;NA;NA;NA;NA;NA;NA
1901;10;NA;NA;NA;NA;0;NA;NA
1901;11;NA;NA;NA;NA;0;NA;NA
1901;12;NA;NA;NA;NA;22;NA;NA
1902;1;NA;NA;NA;NA;0;NA;NA
1902;2;NA;NA;NA;NA;5;NA;NA
1902;3;NA;NA;NA;NA;0;NA;NA
1902;4;NA;NA;NA;NA;NA;NA;NA
1902;5;NA;NA;NA;NA;NA;NA;NA
1902;6;NA;NA;NA;NA;NA;NA;NA
1902;7;NA;NA;NA;NA;NA;NA;NA
1902;8;NA;NA;NA;NA;NA;NA;NA
1902;9;NA;NA;NA;NA;NA;NA;NA
1902;10;NA;NA;NA;NA;0;NA;NA
1902;11;NA;NA;NA;NA;15;NA;NA
1902;12;NA;NA;NA;NA;0;NA;NA
1903;1;NA;NA;NA;NA;3;NA;NA
1903;2;NA;NA;NA;NA;7;NA;NA
1903;3;NA;NA;NA;NA;0;NA;NA
1903;4;NA;NA;NA;NA;NA;NA;NA
1903;5;NA;NA;NA;NA;NA;NA;NA
1903;6;NA;NA;NA;NA;NA;NA;NA
1903;7;NA;NA;NA;NA;NA;NA;NA
1903;8;NA;NA;NA;NA;NA;NA;NA
1903;9;NA;NA;NA;NA;NA;NA;NA
1903;10;NA;NA;NA;NA;0;NA;NA
1903;11;NA;NA;NA;NA;15;NA;NA
1903;12;NA;NA;NA;NA;8;NA;NA
1904;1;NA;NA;NA;NA;4;NA;NA
1904;2;NA;NA;NA;NA;23;NA;NA
1904;3;NA;NA;NA;NA;7;NA;NA
1904;4;NA;NA;NA;NA;NA;NA;NA
1904;5;NA;NA;NA;NA;NA;NA;NA
1904;6;NA;NA;NA;NA;NA;NA;NA
1904;7;NA;NA;NA;NA;NA;NA;NA
1904;8;NA;NA;NA;NA;NA;NA;NA
1904;9;NA;NA;NA;NA;NA;NA;NA
1904;10;NA;NA;NA;NA;0;NA;NA
1904;11;NA;NA;NA;NA;0;NA;NA
1904;12;NA;NA;NA;NA;0;NA;NA
1905;1;NA;NA;NA;NA;25;NA;NA
1905;2;NA;NA;NA;NA;4;NA;NA
1905;3;NA;NA;NA;NA;0;NA;NA
1905;4;NA;NA;NA;NA;NA;NA;NA
1905;5;NA;NA;NA;NA;NA;NA;NA
1905;6;NA;NA;NA;NA;NA;NA;NA
1905;7;NA;NA;NA;NA;NA;NA;NA
1905;8;NA;NA;NA;NA;NA;NA;NA
1905;9;NA;NA;NA;NA;NA;NA;NA
1905;10;NA;NA;NA;NA;0;NA;NA
1905;11;NA;NA;NA;NA;0;NA;NA
1905;12;NA;NA;NA;NA;0;NA;NA
1906;1;NA;NA;NA;NA;16;NA;NA
1906;2;NA;NA;NA;NA;20;NA;NA
1906;3;NA;NA;NA;NA;1;NA;NA
1906;4;NA;NA;NA;NA;NA;NA;NA
1906;5;NA;NA;NA;NA;NA;NA;NA
1906;6;NA;NA;NA;NA;NA;NA;NA
1906;7;NA;NA;NA;NA;NA;NA;NA
1906;8;NA;NA;NA;NA;NA;NA;NA
1906;9;NA;NA;NA;NA;NA;NA;NA
1906;10;NA;NA;NA;NA;0;NA;NA
1906;11;NA;NA;NA;NA;0;NA;NA
1906;12;NA;NA;NA;NA;12;NA;NA
1907;1;NA;NA;NA;NA;34;NA;NA
1907;2;NA;NA;NA;NA;5;NA;NA
1907;3;NA;NA;NA;NA;0;NA;NA
1907;4;NA;NA;NA;NA;NA;NA;NA
1907;5;NA;NA;NA;NA;NA;NA;NA
1907;6;NA;NA;NA;NA;NA;NA;NA
1907;7;NA;NA;NA;NA;NA;NA;NA
1907;8;NA;NA;NA;NA;NA;NA;NA
1907;9;NA;NA;NA;NA;NA;NA;NA
1907;10;NA;NA;NA;NA;0;NA;NA
1907;11;NA;NA;NA;NA;0;NA;NA
1907;12;NA;NA;NA;NA;0;NA;NA
1908;1;NA;NA;NA;NA;2;NA;NA
1908;2;NA;NA;NA;NA;10;NA;NA
1908;3;NA;NA;NA;NA;14;NA;NA
1908;4;NA;NA;NA;NA;NA;NA;NA
1908;5;NA;NA;NA;NA;NA;NA;NA
1908;6;NA;NA;NA;NA;NA;NA;NA
1908;7;NA;NA;NA;NA;NA;NA;NA
1908;8;NA;NA;NA;NA;NA;NA;NA
1908;9;NA;NA;NA;NA;NA;NA;NA
1908;10;NA;NA;NA;NA;0;NA;NA
1908;11;NA;NA;NA;NA;0;NA;NA
1908;12;NA;NA;NA;NA;27;NA;NA
1909;1;NA;NA;NA;NA;10;NA;NA
1909;2;NA;NA;NA;NA;60;NA;NA
1909;3;NA;NA;NA;NA;66;NA;NA
1909;4;NA;NA;NA;NA;NA;NA;NA
1909;5;NA;NA;NA;NA;NA;NA;NA
1909;6;NA;NA;NA;NA;NA;NA;NA
1909;7;NA;NA;NA;NA;NA;NA;NA
1909;8;NA;NA;NA;NA;NA;NA;NA
1909;9;NA;NA;NA;NA;NA;NA;NA
1909;10;NA;NA;NA;NA;0;NA;NA
1909;11;NA;NA;NA;NA;5;NA;NA
1909;12;NA;NA;NA;NA;20;NA;NA
1910;1;NA;NA;NA;NA;24;NA;NA
1910;2;NA;NA;NA;NA;0;NA;NA
1910;3;NA;NA;NA;NA;0;NA;NA
1910;4;NA;NA;NA;NA;NA;NA;NA
1910;5;NA;NA;NA;NA;NA;NA;NA
1910;6;NA;NA;NA;NA;NA;NA;NA
1910;7;NA;NA;NA;NA;NA;NA;NA
1910;8;NA;NA;NA;NA;NA;NA;NA
1910;9;NA;NA;NA;NA;NA;NA;NA
1910;10;NA;NA;NA;NA;0;NA;NA
1910;11;NA;NA;NA;NA;0;NA;NA
1910;12;NA;NA;NA;NA;0;NA;NA
1911;1;NA;NA;NA;NA;2;NA;NA
1911;2;NA;NA;NA;NA;2;NA;NA
1911;3;NA;NA;NA;NA;0;NA;NA
1911;4;NA;NA;NA;NA;NA;NA;NA
1911;5;NA;NA;NA;NA;NA;NA;NA
1911;6;NA;NA;NA;NA;NA;NA;NA
1911;7;NA;NA;NA;NA;NA;NA;NA
1911;8;NA;NA;NA;NA;NA;NA;NA
1911;9;NA;NA;NA;NA;NA;NA;NA
1911;10;NA;NA;NA;NA;0;NA;NA
1911;11;NA;NA;NA;NA;0;NA;NA
1911;12;NA;NA;NA;NA;24;NA;NA
1912;1;NA;NA;NA;NA;2;NA;NA
1912;2;NA;NA;NA;NA;41;NA;NA
1912;3;NA;NA;NA;NA;0;NA;NA
1912;4;NA;NA;NA;NA;NA;NA;NA
1912;5;NA;NA;NA;NA;NA;NA;NA
1912;6;NA;NA;NA;NA;NA;NA;NA
1912;7;NA;NA;NA;NA;NA;NA;NA
1912;8;NA;NA;NA;NA;NA;NA;NA
1912;9;NA;NA;NA;NA;NA;NA;NA
1912;10;NA;NA;NA;NA;0;NA;NA
1912;11;NA;NA;NA;NA;4;NA;NA
1912;12;NA;NA;NA;NA;0;NA;NA
1913;1;NA;NA;NA;NA;32;NA;NA
1913;2;NA;NA;NA;NA;9;NA;NA
1913;3;NA;NA;NA;NA;0;NA;NA
1913;4;NA;NA;NA;NA;NA;NA;NA
1913;5;NA;NA;NA;NA;NA;NA;NA
1913;6;NA;NA;NA;NA;NA;NA;NA
1913;7;NA;NA;NA;NA;NA;NA;NA
1913;8;NA;NA;NA;NA;NA;NA;NA
1913;9;NA;NA;NA;NA;NA;NA;NA
1913;10;NA;NA;NA;NA;0;NA;NA
1913;11;NA;NA;NA;NA;0;NA;NA
1913;12;NA;NA;NA;NA;0;NA;NA
1914;1;NA;NA;NA;NA;22;NA;NA
1914;2;NA;NA;NA;NA;0;NA;NA
1914;3;NA;NA;NA;NA;0;NA;NA
1914;4;NA;NA;NA;NA;NA;NA;NA
1914;5;NA;NA;NA;NA;NA;NA;NA
1914;6;NA;NA;NA;NA;NA;NA;NA
1914;7;NA;NA;NA;NA;NA;NA;NA
1914;8;NA;NA;NA;NA;NA;NA;NA
1914;9;NA;NA;NA;NA;NA;NA;NA
1914;10;NA;NA;NA;NA;0;NA;NA
1914;11;NA;NA;NA;NA;0;NA;NA
1914;12;NA;NA;NA;NA;63;NA;NA
1915;1;NA;NA;NA;NA;NA;NA;NA
1915;2;NA;NA;NA;NA;NA;NA;NA
1915;3;NA;NA;NA;NA;NA;NA;NA
1915;4;NA;NA;NA;NA;NA;NA;NA
1915;5;NA;NA;NA;NA;NA;NA;NA
1915;6;NA;NA;NA;NA;NA;NA;NA
1915;7;NA;NA;NA;NA;NA;NA;NA
1915;8;NA;NA;NA;NA;NA;NA;NA
1915;9;NA;NA;NA;NA;NA;NA;NA
1915;10;NA;NA;NA;NA;NA;NA;NA
1915;11;NA;NA;NA;NA;NA;NA;NA
1915;12;NA;NA;NA;NA;NA;NA;NA
1916;1;NA;NA;NA;NA;NA;NA;NA
1916;2;NA;NA;NA;NA;NA;NA;NA
1916;3;NA;NA;NA;NA;NA;NA;NA
1916;4;NA;NA;NA;NA;NA;NA;NA
1916;5;NA;NA;NA;NA;NA;NA;NA
1916;6;NA;NA;NA;NA;NA;NA;NA
1916;7;NA;NA;NA;NA;NA;NA;NA
1916;8;NA;NA;NA;NA;NA;NA;NA
1916;9;NA;NA;NA;NA;NA;NA;NA
1916;10;NA;NA;NA;NA;NA;NA;NA
1916;11;NA;NA;NA;NA;NA;NA;NA
1916;12;NA;NA;NA;NA;NA;NA;NA
1917;1;NA;NA;NA;NA;NA;NA;NA
1917;2;NA;NA;NA;NA;NA;NA;NA
1917;3;NA;NA;NA;NA;NA;NA;NA
1917;4;NA;NA;NA;NA;NA;NA;NA
1917;5;NA;NA;NA;NA;NA;NA;NA
1917;6;NA;NA;NA;NA;NA;NA;NA
1917;7;NA;NA;NA;NA;NA;NA;NA
1917;8;NA;NA;NA;NA;NA;NA;NA
1917;9;NA;NA;NA;NA;NA;NA;NA
1917;10;NA;NA;NA;NA;NA;NA;NA
1917;11;NA;NA;NA;NA;NA;NA;NA
1917;12;NA;NA;NA;NA;NA;NA;NA
1918;1;NA;NA;NA;NA;NA;NA;NA
1918;2;NA;NA;NA;NA;NA;NA;NA
1918;3;NA;NA;NA;NA;NA;NA;NA
1918;4;NA;NA;NA;NA;NA;NA;NA
1918;5;NA;NA;NA;NA;NA;NA;NA
1918;6;NA;NA;NA;NA;NA;NA;NA
1918;7;NA;NA;NA;NA;NA;NA;NA
1918;8;NA;NA;NA;NA;NA;NA;NA
1918;9;NA;NA;NA;NA;NA;NA;NA
1918;10;NA;NA;NA;NA;NA;NA;NA
1918;11;NA;NA;NA;NA;NA;NA;NA
1918;12;NA;NA;NA;NA;NA;NA;NA
1919;1;NA;NA;NA;NA;NA;NA;NA
1919;2;NA;NA;NA;NA;NA;NA;NA
1919;3;NA;NA;NA;NA;NA;NA;NA
1919;4;NA;NA;NA;NA;NA;NA;NA
1919;5;NA;NA;NA;NA;NA;NA;NA
1919;6;NA;NA;NA;NA;NA;NA;NA
1919;7;NA;NA;NA;NA;NA;NA;NA
1919;8;NA;NA;NA;NA;NA;NA;NA
1919;9;NA;NA;NA;NA;NA;NA;NA
1919;10;NA;NA;NA;NA;NA;NA;NA
1919;11;NA;NA;NA;NA;NA;NA;NA
1919;12;NA;NA;NA;NA;NA;NA;NA
1920;1;NA;NA;NA;NA;0;NA;NA
1920;2;NA;NA;NA;NA;0;NA;NA
1920;3;NA;NA;NA;NA;0;NA;NA
1920;4;NA;NA;NA;NA;NA;NA;NA
1920;5;NA;NA;NA;NA;NA;NA;NA
1920;6;NA;NA;NA;NA;NA;NA;NA
1920;7;NA;NA;NA;NA;NA;NA;NA
1920;8;NA;NA;NA;NA;NA;NA;NA
1920;9;NA;NA;NA;NA;NA;NA;NA
1920;10;NA;NA;NA;NA;0;NA;NA
1920;11;NA;NA;NA;NA;0;NA;NA
1920;12;NA;NA;NA;NA;8;NA;NA
1921;1;NA;NA;NA;NA;0;NA;NA
1921;2;NA;NA;NA;NA;0;NA;NA
1921;3;NA;NA;NA;NA;0;NA;NA
1921;4;NA;NA;NA;NA;NA;NA;NA
1921;5;NA;NA;NA;NA;NA;NA;NA
1921;6;NA;NA;NA;NA;NA;NA;NA
1921;7;NA;NA;NA;NA;NA;NA;NA
1921;8;NA;NA;NA;NA;NA;NA;NA
1921;9;NA;NA;NA;NA;NA;NA;NA
1921;10;NA;NA;NA;NA;0;NA;NA
1921;11;NA;NA;NA;NA;0;NA;NA
1921;12;NA;NA;NA;NA;0;NA;NA
1922;1;NA;NA;NA;NA;13;NA;NA
1922;2;NA;NA;NA;NA;9;NA;NA
1922;3;NA;NA;NA;NA;0;NA;NA
1922;4;NA;NA;NA;NA;NA;NA;NA
1922;5;NA;NA;NA;NA;NA;NA;NA
1922;6;NA;NA;NA;NA;NA;NA;NA
1922;7;NA;NA;NA;NA;NA;NA;NA
1922;8;NA;NA;NA;NA;NA;NA;NA
1922;9;NA;NA;NA;NA;NA;NA;NA
1922;10;NA;NA;NA;NA;0;NA;NA
1922;11;NA;NA;NA;NA;0;NA;NA
1922;12;NA;NA;NA;NA;0;NA;NA
1923;1;NA;NA;NA;NA;0;NA;NA
1923;2;NA;NA;NA;NA;0;NA;NA
1923;3;NA;NA;NA;NA;0;NA;NA
1923;4;NA;NA;NA;NA;NA;NA;NA
1923;5;NA;NA;NA;NA;NA;NA;NA
1923;6;NA;NA;NA;NA;NA;NA;NA
1923;7;NA;NA;NA;NA;NA;NA;NA
1923;8;NA;NA;NA;NA;NA;NA;NA
1923;9;NA;NA;NA;NA;NA;NA;NA
1923;10;NA;NA;NA;NA;0;NA;NA
1923;11;NA;NA;NA;NA;0;NA;NA
1923;12;NA;NA;NA;NA;1;NA;NA
1924;1;NA;NA;NA;NA;31;NA;NA
1924;2;NA;NA;NA;NA;1;NA;NA
1924;3;NA;NA;NA;NA;0;NA;NA
1924;4;NA;NA;NA;NA;NA;NA;NA
1924;5;NA;NA;NA;NA;NA;NA;NA
1924;6;NA;NA;NA;NA;NA;NA;NA
1924;7;NA;NA;NA;NA;NA;NA;NA
1924;8;NA;NA;NA;NA;NA;NA;NA
1924;9;NA;NA;NA;NA;NA;NA;NA
1924;10;NA;NA;NA;NA;0;NA;NA
1924;11;NA;NA;NA;NA;0;NA;NA
1924;12;NA;NA;NA;NA;0;NA;NA
1925;1;NA;NA;NA;0;0;NA;NA
1925;2;NA;NA;NA;0;0;NA;NA
1925;3;NA;NA;NA;0;0;NA;NA
1925;4;NA;NA;NA;0;NA;NA;NA
1925;5;NA;NA;NA;0;NA;NA;NA
1925;6;NA;NA;NA;0;NA;NA;NA
1925;7;NA;NA;NA;0;NA;NA;NA
1925;8;NA;NA;NA;0;NA;NA;NA
1925;9;NA;NA;NA;0;NA;NA;NA
1925;10;NA;NA;NA;0;0;NA;NA
1925;11;NA;NA;NA;0;0;NA;NA
1925;12;NA;NA;NA;23;25;NA;NA
1926;1;NA;NA;NA;32;35;NA;NA
1926;2;NA;NA;NA;0;0;NA;NA
1926;3;NA;NA;NA;0;0;NA;NA
1926;4;NA;NA;NA;0;NA;NA;NA
1926;5;NA;NA;NA;0;NA;NA;NA
1926;6;NA;NA;NA;0;NA;NA;NA
1926;7;NA;NA;NA;0;NA;NA;NA
1926;8;NA;NA;NA;0;NA;NA;NA
1926;9;NA;NA;NA;0;NA;NA;NA
1926;10;NA;NA;NA;0;0;NA;NA
1926;11;NA;NA;NA;0;0;NA;NA
1926;12;NA;NA;NA;2;1;NA;NA
1927;1;NA;NA;NA;10;14;NA;NA
1927;2;NA;NA;NA;2;2;NA;NA
1927;3;NA;NA;NA;0;0;NA;NA
1927;4;NA;NA;NA;0;NA;NA;NA
1927;5;NA;NA;NA;0;NA;NA;NA
1927;6;NA;NA;NA;0;NA;NA;NA
1927;7;NA;NA;NA;0;NA;NA;NA
1927;8;NA;NA;NA;0;NA;NA;NA
1927;9;NA;NA;NA;0;NA;NA;NA
1927;10;NA;NA;NA;0;0;NA;NA
1927;11;NA;NA;NA;2;8;NA;NA
1927;12;NA;NA;NA;18;16;NA;NA
1928;1;NA;NA;NA;8;10;NA;NA
1928;2;NA;NA;NA;0;0;NA;NA
1928;3;NA;NA;NA;2;5;NA;NA
1928;4;NA;NA;NA;0;NA;NA;NA
1928;5;NA;NA;NA;0;NA;NA;NA
1928;6;NA;NA;NA;0;NA;NA;NA
1928;7;NA;NA;NA;0;NA;NA;NA
1928;8;NA;NA;NA;0;NA;NA;NA
1928;9;NA;NA;NA;0;NA;NA;NA
1928;10;NA;NA;NA;0;0;NA;NA
1928;11;NA;NA;NA;0;0;NA;NA
1928;12;NA;NA;NA;1;0;NA;NA
1929;1;NA;NA;NA;15;0;NA;NA
1929;2;NA;NA;NA;15;5;NA;NA
1929;3;NA;NA;NA;0;0;NA;NA
1929;4;NA;NA;NA;0;NA;NA;NA
1929;5;NA;NA;NA;0;NA;NA;NA
1929;6;NA;NA;NA;0;NA;NA;NA
1929;7;NA;NA;NA;0;NA;NA;NA
1929;8;NA;NA;NA;0;NA;NA;NA
1929;9;NA;NA;NA;0;NA;NA;NA
1929;10;NA;NA;NA;0;0;NA;NA
1929;11;NA;NA;NA;0;0;NA;NA
1929;12;NA;NA;NA;0;0;NA;NA
1930;1;NA;NA;NA;6;0;NA;NA
1930;2;NA;NA;NA;1;0;NA;NA
1930;3;NA;NA;NA;0;0;NA;NA
1930;4;NA;NA;NA;0;NA;NA;NA
1930;5;NA;NA;NA;0;NA;NA;NA
1930;6;NA;NA;NA;0;NA;NA;NA
1930;7;NA;NA;NA;0;NA;NA;NA
1930;8;NA;NA;NA;0;NA;NA;NA
1930;9;NA;NA;NA;0;NA;NA;NA
1930;10;NA;NA;NA;0;0;NA;NA
1930;11;NA;NA;NA;0;0;NA;NA
1930;12;NA;NA;NA;2;2;NA;NA
1931;1;NA;NA;NA;5;4;NA;NA
1931;2;NA;NA;NA;5;8;NA;NA
1931;3;NA;NA;NA;0;0;NA;NA
1931;4;NA;NA;NA;0;NA;NA;NA
1931;5;NA;NA;NA;0;NA;NA;NA
1931;6;NA;NA;NA;0;NA;NA;NA
1931;7;NA;NA;NA;0;NA;NA;NA
1931;8;NA;NA;NA;0;NA;NA;NA
1931;9;NA;NA;NA;0;NA;NA;NA
1931;10;NA;NA;NA;0;0;NA;NA
1931;11;NA;NA;NA;0;0;NA;NA
1931;12;NA;NA;NA;0;0;NA;NA
1932;1;NA;NA;NA;0;0;NA;NA
1932;2;NA;NA;NA;3;1;NA;NA
1932;3;NA;NA;NA;1;2;NA;NA
1932;4;NA;NA;NA;0;NA;NA;NA
1932;5;NA;NA;NA;0;NA;NA;NA
1932;6;NA;NA;NA;0;NA;NA;NA
1932;7;NA;NA;NA;0;NA;NA;NA
1932;8;NA;NA;NA;0;NA;NA;NA
1932;9;NA;NA;NA;0;NA;NA;NA
1932;10;NA;NA;NA;0;0;NA;NA
1932;11;NA;NA;NA;0;0;NA;NA
1932;12;NA;NA;NA;2;4;NA;NA
1933;1;NA;NA;NA;19;18;NA;NA
1933;2;NA;NA;NA;17;18;NA;NA
1933;3;NA;NA;NA;0;0;NA;NA
1933;4;NA;NA;NA;0;NA;NA;NA
1933;5;NA;NA;NA;0;NA;NA;NA
1933;6;NA;NA;NA;0;NA;NA;NA
1933;7;NA;NA;NA;0;NA;NA;NA
1933;8;NA;NA;NA;0;NA;NA;NA
1933;9;NA;NA;NA;0;NA;NA;NA
1933;10;NA;NA;NA;0;1;NA;NA
1933;11;NA;NA;NA;3;4;NA;NA
1933;12;NA;NA;NA;39;42;NA;NA
1934;1;NA;NA;NA;17;17;NA;NA
1934;2;NA;NA;NA;0;0;NA;NA
1934;3;NA;NA;NA;0;0;NA;NA
1934;4;NA;NA;NA;0;NA;NA;NA
1934;5;NA;NA;NA;0;NA;NA;NA
1934;6;NA;NA;NA;0;NA;NA;NA
1934;7;NA;NA;NA;0;NA;NA;NA
1934;8;NA;NA;NA;0;NA;NA;NA
1934;9;NA;NA;NA;0;NA;NA;NA
1934;10;NA;NA;NA;0;0;NA;NA
1934;11;NA;NA;NA;0;0;NA;NA
1934;12;NA;NA;NA;0;0;NA;NA
1935;1;NA;NA;NA;6;5;NA;NA
1935;2;NA;NA;NA;3;3;NA;NA
1935;3;NA;NA;NA;0;0;NA;NA
1935;4;NA;NA;NA;0;NA;NA;NA
1935;5;NA;NA;NA;0;NA;NA;NA
1935;6;NA;NA;NA;0;NA;NA;NA
1935;7;NA;NA;NA;0;NA;NA;NA
1935;8;NA;NA;NA;0;NA;NA;NA
1935;9;NA;NA;NA;0;NA;NA;NA
1935;10;NA;NA;NA;0;0;NA;NA
1935;11;NA;NA;NA;0;0;NA;NA
1935;12;NA;NA;NA;43;2;NA;NA
1936;1;NA;NA;NA;15;10;NA;NA
1936;2;NA;NA;NA;0;0;NA;NA
1936;3;NA;NA;NA;0;0;NA;NA
1936;4;NA;NA;NA;0;NA;NA;NA
1936;5;NA;NA;NA;0;NA;NA;NA
1936;6;NA;NA;NA;0;NA;NA;NA
1936;7;NA;NA;NA;0;NA;NA;NA
1936;8;NA;NA;NA;0;NA;NA;NA
1936;9;NA;NA;NA;0;NA;NA;NA
1936;10;NA;NA;NA;0;0;NA;NA
1936;11;NA;NA;NA;0;0;NA;NA
1936;12;NA;NA;NA;0;0;NA;NA
1937;1;NA;NA;NA;7;8;NA;NA
1937;2;NA;NA;NA;4;2;NA;NA
1937;3;NA;NA;NA;0;0;NA;NA
1937;4;NA;NA;NA;0;NA;NA;NA
1937;5;NA;NA;NA;0;NA;NA;NA
1937;6;NA;NA;NA;0;NA;NA;NA
1937;7;NA;NA;NA;0;NA;NA;NA
1937;8;NA;NA;NA;0;NA;NA;NA
1937;9;NA;NA;NA;0;NA;NA;NA
1937;10;NA;NA;NA;0;0;NA;NA
1937;11;NA;NA;NA;4;4;NA;NA
1937;12;NA;NA;NA;3;2;NA;NA
1938;1;NA;NA;NA;7;6;NA;NA
1938;2;NA;NA;NA;1;1;NA;NA
1938;3;NA;NA;NA;0;0;NA;NA
1938;4;NA;NA;NA;0;NA;NA;NA
1938;5;NA;NA;NA;0;NA;NA;NA
1938;6;NA;NA;NA;0;NA;NA;NA
1938;7;NA;NA;NA;0;NA;NA;NA
1938;8;NA;NA;NA;0;NA;NA;NA
1938;9;NA;NA;NA;0;NA;NA;NA
1938;10;NA;NA;NA;0;0;NA;NA
1938;11;NA;NA;NA;0;0;NA;NA
1938;12;NA;NA;NA;80;53;NA;NA
1939;1;NA;NA;NA;14;26;NA;NA
1939;2;NA;NA;NA;0;0;NA;NA
1939;3;NA;NA;NA;0;0;NA;NA
1939;4;NA;NA;NA;0;NA;NA;NA
1939;5;NA;NA;NA;0;NA;NA;NA
1939;6;NA;NA;NA;0;NA;NA;NA
1939;7;NA;NA;NA;0;NA;NA;NA
1939;8;NA;NA;NA;0;NA;NA;NA
1939;9;NA;NA;NA;0;NA;NA;NA
1939;10;NA;NA;NA;1;2;NA;NA
1939;11;NA;NA;NA;0;0;NA;NA
1939;12;NA;NA;NA;1;1;NA;NA
1940;1;NA;NA;NA;9;12;NA;NA
1940;2;NA;NA;NA;11;10;NA;NA
1940;3;NA;NA;NA;0;0;NA;NA
1940;4;NA;NA;NA;0;NA;NA;NA
1940;5;NA;NA;NA;0;NA;NA;NA
1940;6;NA;NA;NA;0;NA;NA;NA
1940;7;NA;NA;NA;0;NA;NA;NA
1940;8;NA;NA;NA;0;NA;NA;NA
1940;9;NA;NA;NA;0;NA;NA;NA
1940;10;NA;NA;NA;0;0;NA;NA
1940;11;NA;NA;NA;0;0;NA;NA
1940;12;NA;NA;NA;0;0;NA;NA
1941;1;NA;NA;NA;8;12;NA;NA
1941;2;NA;NA;NA;0;5;NA;NA
1941;3;NA;NA;NA;0;0;NA;NA
1941;4;NA;NA;NA;0;NA;NA;NA
1941;5;NA;NA;NA;0;NA;NA;NA
1941;6;NA;NA;NA;0;NA;NA;NA
1941;7;NA;NA;NA;0;NA;NA;NA
1941;8;NA;NA;NA;0;NA;NA;NA
1941;9;NA;NA;NA;0;NA;NA;NA
1941;10;NA;NA;NA;0;2;NA;NA
1941;11;NA;NA;NA;0;0;NA;NA
1941;12;NA;NA;NA;1;0;NA;NA
1942;1;NA;NA;NA;5;3;NA;NA
1942;2;NA;NA;NA;8;14;NA;NA
1942;3;NA;NA;NA;0;0;NA;NA
1942;4;NA;NA;NA;0;NA;NA;NA
1942;5;NA;NA;NA;0;NA;NA;NA
1942;6;NA;NA;NA;0;NA;NA;NA
1942;7;NA;NA;NA;0;NA;NA;NA
1942;8;NA;NA;NA;0;NA;NA;NA
1942;9;NA;NA;NA;0;NA;NA;NA
1942;10;NA;NA;NA;0;0;NA;NA
1942;11;NA;NA;NA;0;0;NA;NA
1942;12;NA;NA;NA;5;8;NA;NA
1943;1;NA;NA;NA;11;14;NA;NA
1943;2;NA;NA;NA;5;8;NA;NA
1943;3;NA;NA;NA;0;0;NA;NA
1943;4;NA;NA;NA;0;NA;NA;NA
1943;5;NA;NA;NA;0;NA;NA;NA
1943;6;NA;NA;NA;0;NA;NA;NA
1943;7;NA;NA;NA;0;NA;NA;NA
1943;8;NA;NA;NA;0;NA;NA;NA
1943;9;NA;NA;NA;0;NA;NA;NA
1943;10;NA;NA;NA;0;0;NA;NA
1943;11;NA;NA;NA;2;4;NA;NA
1943;12;NA;NA;NA;0;1;NA;NA
1944;1;NA;NA;NA;0;0;NA;NA
1944;2;NA;NA;NA;1;2;NA;NA
1944;3;NA;NA;NA;0;0;NA;NA
1944;4;NA;NA;NA;0;NA;NA;NA
1944;5;NA;NA;NA;0;NA;NA;NA
1944;6;NA;NA;NA;0;NA;NA;NA
1944;7;NA;NA;NA;0;NA;NA;NA
1944;8;NA;NA;NA;0;NA;NA;NA
1944;9;NA;NA;NA;0;NA;NA;NA
1944;10;NA;NA;NA;0;0;NA;NA
1944;11;NA;NA;NA;0;1;NA;NA
1944;12;NA;NA;NA;8;8;NA;NA
1945;1;NA;NA;NA;36;36;NA;NA
1945;2;NA;NA;NA;6;0;NA;NA
1945;3;NA;NA;NA;0;0;NA;NA
1945;4;NA;NA;NA;0;NA;NA;NA
1945;5;NA;NA;NA;0;NA;NA;NA
1945;6;NA;NA;NA;0;NA;NA;NA
1945;7;NA;NA;NA;0;NA;NA;NA
1945;8;NA;NA;NA;0;NA;NA;NA
1945;9;NA;NA;NA;0;NA;NA;NA
1945;10;NA;NA;NA;0;0;NA;NA
1945;11;NA;NA;NA;0;0;NA;NA
1945;12;NA;NA;NA;0;0;NA;NA
1946;1;NA;NA;NA;20;12;NA;NA
1946;2;NA;NA;NA;4;4;NA;NA
1946;3;NA;NA;NA;0;0;NA;NA
1946;4;NA;NA;NA;0;NA;NA;NA
1946;5;NA;NA;NA;0;NA;NA;NA
1946;6;NA;NA;NA;0;NA;NA;NA
1946;7;NA;NA;NA;0;NA;NA;NA
1946;8;NA;NA;NA;0;NA;NA;NA
1946;9;NA;NA;NA;0;NA;NA;NA
1946;10;NA;NA;NA;0;0;NA;NA
1946;11;NA;NA;NA;0;0;NA;NA
1946;12;NA;NA;NA;18;19;NA;NA
1947;1;NA;NA;NA;12;9;NA;NA
1947;2;NA;NA;NA;57;50;NA;NA
1947;3;NA;NA;NA;0;0;NA;NA
1947;4;NA;NA;NA;0;NA;NA;NA
1947;5;NA;NA;NA;0;NA;NA;NA
1947;6;NA;NA;NA;0;NA;NA;NA
1947;7;NA;NA;NA;0;NA;NA;NA
1947;8;NA;NA;NA;0;NA;NA;NA
1947;9;NA;NA;NA;0;NA;NA;NA
1947;10;NA;NA;NA;0;0;NA;NA
1947;11;NA;NA;NA;3;0;NA;NA
1947;12;NA;NA;NA;0;4;NA;NA
1948;1;NA;NA;NA;28;31;NA;NA
1948;2;NA;NA;NA;30;16;NA;NA
1948;3;NA;NA;NA;0;0;NA;NA
1948;4;NA;NA;NA;0;NA;NA;NA
1948;5;NA;NA;NA;0;NA;NA;NA
1948;6;NA;NA;NA;0;NA;NA;NA
1948;7;NA;NA;NA;0;NA;NA;NA
1948;8;NA;NA;NA;0;NA;NA;NA
1948;9;NA;NA;NA;0;NA;NA;NA
1948;10;NA;NA;NA;0;0;NA;NA
1948;11;NA;NA;NA;0;0;NA;NA
1948;12;NA;NA;NA;10;7;NA;NA
1949;1;NA;NA;NA;0;0;NA;NA
1949;2;NA;NA;NA;0;0;NA;NA
1949;3;NA;NA;NA;1;0;NA;NA
1949;4;NA;NA;NA;0;NA;NA;NA
1949;5;NA;NA;NA;0;NA;NA;NA
1949;6;NA;NA;NA;0;NA;NA;NA
1949;7;NA;NA;NA;0;NA;NA;NA
1949;8;NA;NA;NA;0;NA;NA;NA
1949;9;NA;NA;NA;0;NA;NA;NA
1949;10;NA;NA;NA;0;0;NA;NA
1949;11;NA;NA;NA;0;0;NA;NA
1949;12;NA;NA;NA;12;10;NA;NA
1950;1;NA;NA;NA;4;4;NA;NA
1950;2;NA;NA;NA;0;0;NA;NA
1950;3;NA;NA;NA;0;0;NA;NA
1950;4;NA;NA;NA;0;NA;NA;NA
1950;5;NA;NA;NA;0;NA;NA;NA
1950;6;NA;NA;NA;0;NA;NA;NA
1950;7;NA;NA;NA;0;NA;NA;NA
1950;8;NA;NA;NA;0;NA;NA;NA
1950;9;NA;NA;NA;0;NA;NA;NA
1950;10;NA;NA;NA;0;0;NA;NA
1950;11;NA;NA;NA;0;0;NA;NA
1950;12;NA;NA;NA;21;28;NA;NA
1951;1;NA;NA;NA;17;23;NA;NA
1951;2;NA;NA;NA;5;7;NA;NA
1951;3;NA;NA;NA;0;0;NA;NA
1951;4;NA;NA;NA;0;NA;NA;NA
1951;5;NA;NA;NA;0;NA;NA;NA
1951;6;NA;NA;NA;0;NA;NA;NA
1951;7;NA;NA;NA;0;NA;NA;NA
1951;8;NA;NA;NA;0;NA;NA;NA
1951;9;NA;NA;NA;0;NA;NA;NA
1951;10;NA;NA;NA;0;0;NA;NA
1951;11;NA;NA;NA;0;0;NA;NA
1951;12;NA;NA;NA;0;0;NA;NA
1952;1;NA;NA;NA;32;38;NA;NA
1952;2;NA;NA;NA;5;12;NA;NA
1952;3;NA;NA;NA;0;0;NA;NA
1952;4;NA;NA;NA;0;NA;NA;NA
1952;5;NA;NA;NA;0;NA;NA;NA
1952;6;NA;NA;NA;0;NA;NA;NA
1952;7;NA;NA;NA;0;NA;NA;NA
1952;8;NA;NA;NA;0;NA;NA;NA
1952;9;NA;NA;NA;0;NA;NA;NA
1952;10;NA;NA;NA;0;0;NA;NA
1952;11;NA;NA;NA;0;0;NA;NA
1952;12;NA;NA;NA;24;24;NA;NA
1953;1;NA;NA;NA;0;0;NA;NA
1953;2;NA;NA;NA;14;10;NA;NA
1953;3;NA;NA;NA;0;0;NA;NA
1953;4;NA;NA;NA;0;NA;NA;NA
1953;5;NA;NA;NA;0;NA;NA;NA
1953;6;NA;NA;NA;0;NA;NA;NA
1953;7;NA;NA;NA;0;NA;NA;NA
1953;8;NA;NA;NA;0;NA;NA;NA
1953;9;NA;NA;NA;0;NA;NA;NA
1953;10;NA;NA;NA;0;0;NA;NA
1953;11;NA;NA;NA;0;0;NA;NA
1953;12;NA;NA;NA;0;0;NA;NA
1954;1;NA;NA;NA;15;37;NA;NA
1954;2;NA;NA;NA;2;0;NA;NA
1954;3;NA;NA;NA;0;0;NA;NA
1954;4;NA;NA;NA;0;NA;NA;NA
1954;5;NA;NA;NA;0;NA;NA;NA
1954;6;NA;NA;NA;0;NA;NA;NA
1954;7;NA;NA;NA;0;NA;NA;NA
1954;8;NA;NA;NA;0;NA;NA;NA
1954;9;NA;NA;NA;0;NA;NA;NA
1954;10;NA;NA;NA;0;0;NA;NA
1954;11;NA;NA;NA;0;0;NA;NA
1954;12;NA;NA;NA;7;8;NA;NA
1955;1;NA;NA;NA;9;4;NA;NA
1955;2;NA;NA;NA;33;32;NA;NA
1955;3;NA;NA;NA;2;0;NA;NA
1955;4;NA;NA;NA;0;NA;NA;NA
1955;5;NA;NA;NA;0;NA;NA;NA
1955;6;NA;NA;NA;0;NA;NA;NA
1955;7;NA;NA;NA;0;NA;NA;NA
1955;8;NA;NA;NA;0;NA;NA;NA
1955;9;NA;NA;NA;0;NA;NA;NA
1955;10;NA;NA;NA;0;0;NA;NA
1955;11;NA;NA;NA;0;0;NA;NA
1955;12;NA;NA;NA;0;0;NA;NA
1956;1;NA;NA;NA;22;30;NA;NA
1956;2;NA;NA;NA;18;6;NA;NA
1956;3;NA;NA;NA;0;0;NA;NA
1956;4;NA;NA;NA;0;NA;NA;NA
1956;5;NA;NA;NA;0;NA;NA;NA
1956;6;NA;NA;NA;0;NA;NA;NA
1956;7;NA;NA;NA;0;NA;NA;NA
1956;8;NA;NA;NA;0;NA;NA;NA
1956;9;NA;NA;NA;0;NA;NA;NA
1956;10;NA;NA;NA;0;0;NA;NA
1956;11;NA;NA;NA;0;5;NA;NA
1956;12;NA;NA;NA;5;3;NA;NA
1957;1;NA;NA;NA;3;0;NA;NA
1957;2;NA;NA;NA;0;0;NA;NA
1957;3;NA;NA;NA;0;0;NA;NA
1957;4;NA;NA;NA;0;NA;NA;NA
1957;5;NA;NA;NA;0;NA;NA;NA
1957;6;NA;NA;NA;0;NA;NA;NA
1957;7;NA;NA;NA;0;NA;NA;NA
1957;8;NA;NA;NA;0;NA;NA;NA
1957;9;NA;NA;NA;0;NA;NA;NA
1957;10;NA;NA;NA;0;0;NA;NA
1957;11;NA;NA;NA;0;0;NA;NA
1957;12;NA;NA;NA;15;14;NA;NA
1958;1;NA;NA;NA;14;15;NA;NA
1958;2;NA;NA;NA;0;0;NA;NA
1958;3;NA;NA;NA;11;11;NA;NA
1958;4;NA;NA;NA;0;NA;NA;NA
1958;5;NA;NA;NA;0;NA;NA;NA
1958;6;NA;NA;NA;0;NA;NA;NA
1958;7;NA;NA;NA;0;NA;NA;NA
1958;8;NA;NA;NA;0;NA;NA;NA
1958;9;NA;NA;NA;0;NA;NA;NA
1958;10;NA;NA;NA;0;0;NA;NA
1958;11;NA;NA;NA;0;0;NA;NA
1958;12;NA;NA;NA;15;22;NA;NA
1959;1;NA;NA;NA;3;10;NA;NA
1959;2;NA;NA;NA;0;0;NA;NA
1959;3;NA;NA;NA;0;0;NA;NA
1959;4;NA;NA;NA;0;NA;NA;NA
1959;5;NA;NA;NA;0;NA;NA;NA
1959;6;NA;NA;NA;0;NA;NA;NA
1959;7;NA;NA;NA;0;NA;NA;NA
1959;8;NA;NA;NA;0;NA;NA;NA
1959;9;NA;NA;NA;0;NA;NA;NA
1959;10;NA;NA;NA;0;0;NA;NA
1959;11;NA;NA;NA;0;0;NA;NA
1959;12;NA;NA;NA;24;57;NA;NA
1960;1;NA;NA;NA;15;10;NA;NA
1960;2;NA;NA;NA;10;0;NA;NA
1960;3;NA;NA;NA;0;0;NA;NA
1960;4;NA;NA;NA;0;NA;NA;NA
1960;5;NA;NA;NA;0;NA;NA;NA
1960;6;NA;NA;NA;0;NA;NA;NA
1960;7;NA;NA;NA;0;NA;NA;NA
1960;8;NA;NA;NA;0;NA;NA;NA
1960;9;NA;NA;NA;0;NA;NA;NA
1960;10;NA;NA;NA;0;0;NA;NA
1960;11;NA;NA;NA;0;0;NA;NA
1960;12;NA;NA;NA;0;0;NA;NA
1961;1;NA;NA;NA;28;19;NA;NA
1961;2;NA;NA;NA;5;4;NA;NA
1961;3;NA;NA;NA;0;0;NA;NA
1961;4;NA;NA;NA;0;NA;NA;NA
1961;5;NA;NA;NA;0;NA;NA;NA
1961;6;NA;NA;NA;0;NA;NA;NA
1961;7;NA;NA;NA;0;NA;NA;NA
1961;8;NA;NA;NA;0;NA;NA;NA
1961;9;NA;NA;NA;0;NA;NA;NA
1961;10;NA;NA;NA;0;0;NA;NA
1961;11;NA;NA;NA;0;0;NA;NA
1961;12;NA;NA;NA;16;0;NA;NA
1962;1;NA;NA;NA;4;1;NA;NA
1962;2;NA;NA;NA;1;0;NA;NA
1962;3;NA;NA;NA;3;0;NA;NA
1962;4;NA;NA;NA;0;NA;NA;NA
1962;5;NA;NA;NA;0;NA;NA;NA
1962;6;NA;NA;NA;0;NA;NA;NA
1962;7;NA;NA;NA;0;NA;NA;NA
1962;8;NA;NA;NA;0;NA;NA;NA
1962;9;NA;NA;NA;0;NA;NA;NA
1962;10;NA;NA;NA;0;0;NA;NA
1962;11;NA;NA;NA;3;0;NA;NA
1962;12;NA;NA;NA;31;27;NA;NA
1963;1;NA;NA;NA;8;6;NA;NA
1963;2;NA;NA;NA;3;0;NA;NA
1963;3;NA;NA;NA;0;0;NA;NA
1963;4;NA;NA;NA;0;NA;NA;NA
1963;5;NA;NA;NA;0;NA;NA;NA
1963;6;NA;NA;NA;0;NA;NA;NA
1963;7;NA;NA;NA;0;NA;NA;NA
1963;8;NA;NA;NA;0;NA;NA;NA
1963;9;NA;NA;NA;0;NA;NA;NA
1963;10;NA;NA;NA;0;0;NA;NA
1963;11;NA;NA;NA;0;0;NA;NA
1963;12;NA;NA;NA;21;18;NA;NA
1964;1;NA;NA;NA;10;5;NA;NA
1964;2;NA;NA;NA;0;0;NA;NA
1964;3;NA;NA;NA;0;0;NA;NA
1964;4;NA;NA;NA;0;NA;NA;NA
1964;5;NA;NA;NA;0;NA;NA;NA
1964;6;NA;NA;NA;0;NA;NA;NA
1964;7;NA;NA;NA;0;NA;NA;NA
1964;8;NA;NA;NA;0;NA;NA;NA
1964;9;NA;NA;NA;0;NA;NA;NA
1964;10;NA;NA;NA;0;0;NA;NA
1964;11;NA;NA;NA;0;0;NA;NA
1964;12;NA;NA;NA;18;15;NA;NA
1965;1;NA;NA;NA;6;20;NA;NA
1965;2;NA;NA;NA;0;0;NA;NA
1965;3;NA;NA;NA;21;13;NA;NA
1965;4;NA;NA;NA;0;NA;NA;NA
1965;5;NA;NA;NA;0;NA;NA;NA
1965;6;NA;NA;NA;0;NA;NA;NA
1965;7;NA;NA;NA;0;NA;NA;NA
1965;8;NA;NA;NA;0;NA;NA;NA
1965;9;NA;NA;NA;0;NA;NA;NA
1965;10;NA;NA;NA;0;0;NA;NA
1965;11;NA;NA;NA;16;19;NA;NA
1965;12;NA;NA;NA;16;20;NA;NA
1966;1;NA;NA;NA;24;24;NA;NA
1966;2;NA;NA;NA;0;0;NA;NA
1966;3;NA;NA;NA;0;0;NA;NA
1966;4;NA;NA;NA;0;NA;NA;NA
1966;5;NA;NA;NA;0;NA;NA;NA
1966;6;NA;NA;NA;0;NA;NA;NA
1966;7;NA;NA;NA;0;NA;NA;NA
1966;8;NA;NA;NA;0;NA;NA;NA
1966;9;NA;NA;NA;0;NA;NA;NA
1966;10;NA;NA;NA;0;0;NA;NA
1966;11;NA;NA;NA;8;12;NA;NA
1966;12;NA;NA;NA;10;4;NA;NA
1967;1;NA;NA;NA;0;1;NA;NA
1967;2;NA;NA;NA;18;36;NA;NA
1967;3;NA;NA;NA;0;0;NA;NA
1967;4;NA;NA;NA;0;NA;NA;NA
1967;5;NA;NA;NA;0;NA;NA;NA
1967;6;NA;NA;NA;0;NA;NA;NA
1967;7;NA;NA;NA;0;NA;NA;NA
1967;8;NA;NA;NA;0;NA;NA;NA
1967;9;NA;NA;NA;0;NA;NA;NA
1967;10;NA;NA;NA;0;0;NA;NA
1967;11;NA;NA;NA;0;0;NA;NA
1967;12;NA;NA;NA;0;5;NA;NA
1968;1;NA;NA;NA;18;15;NA;NA
1968;2;NA;NA;NA;0;1;NA;NA
1968;3;NA;NA;NA;0;0;NA;NA
1968;4;NA;NA;NA;0;NA;NA;NA
1968;5;NA;NA;NA;0;NA;NA;NA
1968;6;NA;NA;NA;0;NA;NA;NA
1968;7;NA;NA;NA;0;NA;NA;NA
1968;8;NA;NA;NA;0;NA;NA;NA
1968;9;NA;NA;NA;0;NA;NA;NA
1968;10;NA;NA;NA;0;0;NA;NA
1968;11;NA;NA;NA;1;4;NA;NA
1968;12;NA;NA;NA;2;8;NA;NA
1969;1;NA;NA;NA;9;14;NA;NA
1969;2;NA;NA;NA;27;27;NA;NA
1969;3;NA;NA;NA;0;0;NA;NA
1969;4;NA;NA;NA;0;NA;NA;NA
1969;5;NA;NA;NA;0;NA;NA;NA
1969;6;NA;NA;NA;0;NA;NA;NA
1969;7;NA;NA;NA;0;NA;NA;NA
1969;8;NA;NA;NA;0;NA;NA;NA
1969;9;NA;NA;NA;0;NA;NA;NA
1969;10;NA;NA;NA;0;0;NA;NA
1969;11;NA;NA;NA;0;0;NA;NA
1969;12;NA;NA;NA;3;8;NA;NA
1970;1;NA;NA;NA;29;36;NA;NA
1970;2;NA;NA;NA;10;28;NA;NA
1970;3;NA;NA;NA;9;21;NA;NA
1970;4;NA;NA;NA;0;NA;NA;NA
1970;5;NA;NA;NA;0;NA;NA;NA
1970;6;NA;NA;NA;0;NA;NA;NA
1970;7;NA;NA;NA;0;NA;NA;NA
1970;8;NA;NA;NA;0;NA;NA;NA
1970;9;NA;NA;NA;0;NA;NA;NA
1970;10;NA;NA;NA;0;0;0;0
1970;11;NA;NA;NA;0;0;0;0
1970;12;NA;NA;NA;10;9;38;33
1971;1;NA;NA;NA;0;0;3;9
1971;2;NA;NA;NA;0;0;0;0
1971;3;NA;NA;NA;0;0;0;0
1971;4;NA;NA;NA;0;NA;NA;0
1971;5;NA;NA;NA;0;NA;NA;NA
1971;6;NA;NA;NA;0;NA;NA;NA
1971;7;NA;NA;NA;0;NA;NA;NA
1971;8;NA;NA;NA;0;NA;NA;NA
1971;9;NA;NA;NA;0;NA;NA;NA
1971;10;NA;NA;NA;0;0;0;0
1971;11;NA;NA;NA;2;10;1;0
1971;12;NA;NA;NA;10;9;15;10
1972;1;NA;NA;NA;4;10;7;11
1972;2;NA;NA;NA;0;0;0;0
1972;3;NA;NA;NA;0;0;0;0
1972;4;NA;NA;NA;0;NA;NA;0
1972;5;NA;NA;NA;0;NA;NA;NA
1972;6;NA;NA;NA;0;NA;NA;NA
1972;7;NA;NA;NA;0;NA;NA;NA
1972;8;NA;NA;NA;0;NA;NA;NA
1972;9;NA;NA;NA;0;NA;NA;NA
1972;10;NA;NA;NA;0;0;0;0
1972;11;NA;NA;NA;11;19;16;22
1972;12;NA;NA;NA;0;0;0;7
1973;1;NA;NA;NA;7;20;18;19
1973;2;NA;NA;NA;7;12;9;14
1973;3;NA;NA;NA;0;0;0;0
1973;4;NA;NA;NA;0;NA;NA;0
1973;5;NA;NA;NA;0;NA;NA;NA
1973;6;NA;NA;NA;0;NA;NA;NA
1973;7;NA;NA;NA;0;NA;NA;NA
1973;8;NA;NA;NA;0;NA;NA;NA
1973;9;NA;NA;NA;0;NA;NA;NA
1973;10;NA;NA;NA;0;0;0;0
1973;11;NA;NA;NA;0;0;0;0
1973;12;NA;NA;NA;1;1;0;0
1974;1;NA;NA;NA;0;0;0;0
1974;2;NA;NA;NA;0;0;0;0
1974;3;NA;NA;NA;0;0;18;30
1974;4;NA;NA;NA;0;NA;NA;0
1974;5;NA;NA;NA;0;NA;NA;NA
1974;6;NA;NA;NA;0;NA;NA;NA
1974;7;NA;NA;NA;0;NA;NA;NA
1974;8;NA;NA;NA;0;NA;NA;NA
1974;9;NA;NA;NA;0;NA;NA;NA
1974;10;NA;NA;NA;0;0;0;0
1974;11;NA;NA;NA;0;0;1;0
1974;12;NA;NA;NA;0;0;2;0
1975;1;NA;NA;NA;0;0;0;2
1975;2;NA;NA;NA;0;0;0;0
1975;3;NA;NA;NA;0;0;30;18
1975;4;NA;NA;NA;0;NA;NA;0
1975;5;NA;NA;NA;0;NA;NA;NA
1975;6;NA;NA;NA;0;NA;NA;NA
1975;7;NA;NA;NA;0;NA;NA;NA
1975;8;NA;NA;NA;0;NA;NA;NA
1975;9;NA;NA;NA;0;NA;NA;NA
1975;10;NA;NA;NA;0;0;NA;0
1975;11;NA;NA;NA;3;4;NA;5
1975;12;NA;NA;NA;0;0;NA;0
1976;1;NA;NA;NA;10;4;NA;11
1976;2;NA;NA;NA;1;0;NA;8
1976;3;NA;NA;NA;2;1;NA;1
1976;4;NA;NA;NA;0;NA;NA;0
1976;5;NA;NA;NA;0;NA;NA;NA
1976;6;NA;NA;NA;0;NA;NA;NA
1976;7;NA;NA;NA;0;NA;NA;NA
1976;8;NA;NA;NA;0;NA;NA;NA
1976;9;NA;NA;NA;0;NA;NA;NA
1976;10;NA;NA;NA;0;0;0;0
1976;11;NA;NA;NA;0;0;0;0
1976;12;NA;NA;NA;18;17;25;25
1977;1;NA;NA;NA;37;30;81;105
1977;2;NA;NA;NA;0;0;0;0
1977;3;NA;NA;NA;0;0;0;0
1977;4;NA;NA;NA;0;NA;NA;0
1977;5;NA;NA;NA;0;NA;NA;NA
1977;6;NA;NA;NA;0;NA;NA;NA
1977;7;NA;NA;NA;0;NA;NA;NA
1977;8;NA;NA;NA;0;NA;NA;NA
1977;9;NA;NA;NA;0;NA;NA;NA
1977;10;NA;NA;NA;0;0;0;0
1977;11;NA;NA;NA;4;6;14;20
1977;12;NA;NA;NA;12;12;26;25
1978;1;NA;NA;NA;50;38;100;85
1978;2;NA;NA;NA;45;58;71;68
1978;3;NA;NA;NA;0;0;0;0
1978;4;NA;NA;NA;0;NA;NA;0
1978;5;NA;NA;NA;0;NA;NA;NA
1978;6;NA;NA;NA;0;NA;NA;NA
1978;7;NA;NA;NA;0;NA;NA;NA
1978;8;NA;NA;NA;0;NA;NA;NA
1978;9;NA;NA;NA;0;NA;NA;NA
1978;10;NA;NA;NA;0;0;0;0
1978;11;NA;NA;NA;0;0;0;0
1978;12;NA;NA;NA;7;12;16;25
1979;1;NA;NA;NA;22;24;28;45
1979;2;NA;NA;NA;0;1;0;2
1979;3;NA;NA;NA;2;2;6;10
1979;4;NA;NA;NA;0;NA;NA;0
1979;5;NA;NA;NA;0;NA;NA;NA
1979;6;NA;NA;NA;0;NA;NA;NA
1979;7;NA;NA;NA;0;NA;NA;NA
1979;8;NA;NA;NA;0;NA;NA;NA
1979;9;NA;NA;NA;0;NA;NA;NA
1979;10;NA;NA;NA;0;0;0;0
1979;11;NA;NA;NA;0;0;14;5
1979;12;NA;NA;NA;23;33;42;45
1980;1;NA;NA;NA;8;9;16;13
1980;2;NA;NA;NA;0;0;0;5
1980;3;NA;NA;NA;0;0;0;0
1980;4;NA;NA;NA;0;NA;NA;0
1980;5;NA;NA;NA;0;NA;NA;NA
1980;6;NA;NA;NA;0;NA;NA;NA
1980;7;NA;NA;NA;0;NA;NA;NA
1980;8;NA;NA;NA;0;NA;NA;NA
1980;9;NA;NA;NA;0;NA;NA;NA
1980;10;NA;NA;NA;0;0;0;0
1980;11;NA;NA;NA;0;0;6;5
1980;12;NA;NA;NA;1;2;2;3
1981;1;NA;NA;NA;2;2;0;0
1981;2;NA;NA;NA;0;0;0;0
1981;3;NA;NA;NA;0;0;3;5
1981;4;NA;NA;NA;0;NA;NA;0
1981;5;NA;NA;NA;0;NA;NA;NA
1981;6;NA;NA;NA;0;NA;NA;NA
1981;7;NA;NA;NA;0;NA;NA;NA
1981;8;NA;NA;NA;0;NA;NA;NA
1981;9;NA;NA;NA;0;NA;NA;NA
1981;10;NA;NA;NA;0;0;3;3
1981;11;NA;NA;NA;0;0;2;2
1981;12;NA;NA;NA;60;53;110;115
1982;1;NA;NA;NA;1;4;0;0
1982;2;NA;NA;NA;18;15;15;10
1982;3;NA;NA;NA;0;0;3;3
1982;4;NA;NA;NA;0;NA;NA;0
1982;5;NA;NA;NA;0;NA;NA;NA
1982;6;NA;NA;NA;0;NA;NA;NA
1982;7;NA;NA;NA;0;NA;NA;NA
1982;8;NA;NA;NA;0;NA;NA;NA
1982;9;NA;NA;0;0;NA;NA;NA
1982;10;NA;NA;0;0;0;0;0
1982;11;NA;NA;0;0;0;0;0
1982;12;NA;NA;0;0;0;10;10
1983;1;NA;NA;0;0;0;0;0
1983;2;NA;NA;0;6;6;10;13
1983;3;NA;NA;0;0;0;0;0
1983;4;NA;NA;0;0;NA;NA;0
1983;5;NA;NA;NA;0;NA;NA;NA
1983;6;NA;NA;NA;0;NA;NA;NA
1983;7;NA;NA;NA;0;NA;NA;NA
1983;8;NA;NA;NA;0;NA;NA;NA
1983;9;NA;NA;0;0;NA;NA;NA
1983;10;NA;NA;0;0;0;0;0
1983;11;NA;NA;0;0;0;0;0
1983;12;NA;NA;15;15;10;22;15
1984;1;NA;NA;22;6;8;24;15
1984;2;NA;NA;12;3;9;8;10
1984;3;NA;NA;0;0;0;0;0
1984;4;NA;NA;0;0;NA;NA;0
1984;5;NA;NA;NA;0;NA;NA;NA
1984;6;NA;NA;NA;0;NA;NA;NA
1984;7;NA;NA;NA;0;NA;NA;NA
1984;8;NA;NA;NA;0;NA;NA;NA
1984;9;NA;NA;0;0;NA;NA;NA
1984;10;NA;NA;0;0;0;0;0
1984;11;NA;NA;0;0;0;0;0
1984;12;NA;NA;10;10;8;8;10
1985;1;NA;NA;151;112;128;177;162
1985;2;NA;NA;1;0;0;0;0
1985;3;NA;NA;10;2;2;13;10
1985;4;NA;NA;0;0;NA;NA;0
1985;5;NA;NA;NA;0;NA;NA;NA
1985;6;NA;NA;NA;0;NA;NA;NA
1985;7;NA;NA;NA;0;NA;NA;NA
1985;8;NA;NA;NA;0;NA;NA;NA
1985;9;NA;NA;0;0;NA;NA;NA
1985;10;NA;NA;0;0;0;0;0
1985;11;NA;NA;0;0;0;0;0
1985;12;NA;NA;15;0;0;18;10
1986;1;NA;NA;63;18;75;104;85
1986;2;NA;NA;7;7;4;5;3
1986;3;NA;NA;5;3;1;2;2
1986;4;NA;NA;0;0;NA;NA;0
1986;5;NA;NA;NA;0;NA;NA;NA
1986;6;NA;NA;NA;0;NA;NA;NA
1986;7;NA;NA;NA;0;NA;NA;NA
1986;8;NA;NA;NA;0;NA;NA;NA
1986;9;NA;NA;0;0;NA;NA;NA
1986;10;NA;NA;0;0;0;0;0
1986;11;NA;NA;0;0;0;0;0
1986;12;NA;NA;4;0;1;3;2
1987;1;NA;NA;36;26;25;35;35
1987;2;NA;NA;0;0;0;5;2
1987;3;NA;NA;0;0;0;0;0
1987;4;NA;NA;0;0;NA;NA;0
1987;5;NA;NA;NA;0;NA;NA;NA
1987;6;NA;NA;NA;0;NA;NA;NA
1987;7;NA;NA;NA;0;NA;NA;NA
1987;8;NA;NA;NA;0;NA;NA;NA
1987;9;NA;NA;0;0;NA;NA;NA
1987;10;NA;NA;0;0;0;0;0
1987;11;NA;NA;0;0;0;0;0
1987;12;NA;NA;0;0;0;0;0
1988;1;NA;NA;15;12;17;9;10
1988;2;NA;NA;30;11;22;27;20
1988;3;NA;NA;0;0;0;0;0
1988;4;NA;NA;0;0;NA;NA;0
1988;5;NA;NA;NA;0;NA;NA;NA
1988;6;NA;NA;NA;0;NA;NA;NA
1988;7;NA;NA;NA;0;NA;NA;NA
1988;8;NA;NA;NA;0;NA;NA;NA
1988;9;NA;NA;NA;0;NA;NA;NA
1988;10;NA;NA;NA;0;0;0;0
1988;11;NA;NA;NA;0;0;0;0
1988;12;NA;NA;NA;0;0;0;0
1989;1;NA;NA;NA;0;0;0;0
1989;2;NA;NA;NA;0;0;3;1
1989;3;NA;NA;NA;0;0;0;0
1989;4;NA;NA;NA;0;NA;NA;0
1989;5;NA;NA;NA;0;NA;NA;NA
1989;6;NA;NA;NA;0;NA;NA;NA
1989;7;NA;NA;NA;0;NA;NA;NA
1989;8;NA;NA;NA;0;NA;NA;NA
1989;9;NA;NA;NA;0;NA;NA;NA
1989;10;NA;NA;NA;0;0;0;0
1989;11;NA;NA;NA;0;0;0;0
1989;12;NA;NA;NA;0;0;0;0
1990;1;NA;NA;NA;0;0;0;0
1990;2;NA;NA;NA;0;0;3;1
1990;3;NA;NA;NA;0;0;0;0
1990;4;NA;NA;NA;0;NA;NA;0
1990;5;NA;NA;NA;0;NA;NA;NA
1990;6;NA;NA;NA;0;NA;NA;NA
1990;7;NA;NA;NA;0;NA;NA;NA
1990;8;NA;NA;NA;0;NA;NA;NA
1990;9;NA;NA;NA;0;NA;NA;NA
1990;10;NA;0;NA;0;0;0;0
1990;11;NA;6;NA;0;0;10;2
1990;12;NA;16;NA;1;0;25;25
1991;1;NA;NA;NA;0;0;0;0
1991;2;NA;31;NA;35;30;41;47
1991;3;NA;NA;NA;0;0;0;0
1991;4;NA;NA;NA;0;NA;NA;0
1991;5;NA;NA;NA;0;NA;NA;NA
1991;6;NA;NA;NA;0;NA;NA;NA
1991;7;NA;NA;NA;0;NA;NA;NA
1991;8;NA;NA;NA;0;NA;NA;NA
1991;9;NA;NA;NA;0;NA;NA;NA
1991;10;NA;NA;NA;0;0;0;0
1991;11;NA;2;NA;0;0;4;2
1991;12;NA;24;NA;2;0;4;1
1992;1;NA;NA;NA;3;0;5;1
1992;2;NA;NA;NA;0;0;0;0
1992;3;NA;NA;NA;0;0;0;0
1992;4;NA;NA;NA;0;NA;NA;0
1992;5;NA;NA;NA;0;NA;NA;NA
1992;6;NA;NA;NA;0;NA;NA;NA
1992;7;NA;NA;NA;0;NA;NA;NA
1992;8;NA;NA;NA;0;NA;NA;NA
1992;9;NA;NA;NA;0;NA;NA;NA
1992;10;NA;NA;NA;0;0;0;0
1992;11;NA;NA;NA;0;0;0;0
1992;12;NA;6;NA;0;4;7;3
1993;1;NA;NA;NA;0;0;3;0
1993;2;NA;NA;NA;0;1;3;1
1993;3;NA;NA;NA;0;0;0;0
1993;4;NA;NA;NA;0;NA;NA;0
1993;5;NA;NA;NA;0;NA;NA;NA
1993;6;NA;NA;NA;0;NA;NA;NA
1993;7;NA;NA;NA;0;NA;NA;NA
1993;8;NA;NA;NA;0;NA;NA;NA
1993;9;NA;NA;NA;0;NA;NA;NA
1993;10;NA;NA;NA;0;0;0;0
1993;11;NA;NA;NA;0;0;0;0
1993;12;NA;22;NA;17;25;37;56
1994;1;NA;34;NA;6;16;37;28
1994;2;NA;NA;NA;0;0;0;0
1994;3;NA;NA;NA;0;0;0;0
1994;4;NA;NA;NA;0;NA;NA;0
1994;5;NA;NA;NA;0;NA;NA;NA
1994;6;NA;NA;NA;0;NA;NA;NA
1994;7;NA;NA;NA;0;NA;NA;NA
1994;8;NA;NA;NA;0;NA;NA;NA
1994;9;NA;NA;NA;0;NA;NA;NA
1994;10;NA;NA;NA;0;0;0;0
1994;11;NA;NA;NA;0;0;0;0
1994;12;NA;12;NA;0;1;11;5
1995;1;NA;14;NA;2;25;25;30
1995;2;NA;NA;NA;0;0;0;0
1995;3;NA;0;NA;0;0;4;0
1995;4;NA;NA;NA;0;NA;NA;0
1995;5;NA;NA;NA;0;NA;NA;NA
1995;6;NA;NA;NA;0;NA;NA;NA
1995;7;NA;NA;NA;0;NA;NA;NA
1995;8;NA;NA;NA;0;NA;NA;NA
1995;9;NA;NA;NA;0;NA;NA;NA
1995;10;NA;NA;NA;0;0;0;0
1995;11;NA;NA;NA;0;0;0;0
1995;12;NA;12;NA;12;14;18;15
1996;1;NA;4;NA;1;10;13;6
1996;2;NA;8;NA;2;0;4;3
1996;3;NA;NA;NA;0;0;0;0
1996;4;NA;NA;NA;0;NA;NA;0
1996;5;NA;NA;NA;0;NA;NA;NA
1996;6;NA;NA;NA;0;NA;NA;NA
1996;7;NA;NA;NA;0;NA;NA;NA
1996;8;NA;NA;NA;0;NA;NA;NA
1996;9;NA;NA;NA;0;NA;NA;NA
1996;10;NA;NA;NA;0;0;0;0
1996;11;NA;6;NA;0;4;2;2
1996;12;NA;NA;NA;24;10;0;40
1997;1;NA;7;NA;8;10;47;3
1997;2;NA;NA;NA;0;0;0;0
1997;3;NA;NA;NA;0;0;0;0
1997;4;NA;NA;NA;0;NA;NA;0
1997;5;NA;NA;NA;0;NA;NA;NA
1997;6;NA;NA;NA;0;NA;NA;NA
1997;7;NA;NA;NA;0;NA;NA;NA
1997;8;NA;NA;NA;0;NA;NA;NA
1997;9;NA;NA;0;0;NA;NA;NA
1997;10;3;NA;0;0;0;0;0
1997;11;6;NA;0;0;0;0;0
1997;12;17;38;7;0;7;7;5
1998;1;10;7;10;3;5;12;15
1998;2;NA;NA;0;0;0;0;0
1998;3;NA;2;0;0;0;1;0
1998;4;15;NA;0;0;NA;NA;0
1998;5;NA;NA;NA;0;NA;NA;NA
1998;6;NA;NA;NA;0;NA;NA;NA
1998;7;NA;NA;NA;0;NA;NA;NA
1998;8;NA;NA;NA;0;NA;NA;NA
1998;9;NA;NA;0;0;NA;NA;NA
1998;10;NA;NA;0;0;0;0;0
1998;11;3;NA;1;0;0;0;0
1998;12;12;3;2;0;0;3;1
1999;1;32;10;0;0;0;16;10
1999;2;15;7;16;14;15;10;15
1999;3;42;2;9;0;0;1;1
1999;4;NA;NA;0;0;NA;NA;0
1999;5;NA;NA;NA;0;NA;NA;NA
1999;6;NA;NA;NA;0;NA;NA;NA
1999;7;NA;NA;NA;0;NA;NA;NA
1999;8;NA;NA;NA;0;NA;NA;NA
1999;9;NA;NA;0;0;NA;NA;NA
1999;10;NA;NA;0;0;0;0;0
1999;11;2;7;17;7;12;12;15
1999;12;38;13;10;7;7;19;25
2000;1;3;NA;0;0;0;0;0
2000;2;1;2;0;0;0;0;0
2000;3;NA;NA;0;0;0;0;0
2000;4;4;NA;0;0;NA;NA;0
2000;5;NA;NA;NA;0;NA;NA;NA
2000;6;NA;NA;NA;0;NA;NA;NA
2000;7;NA;NA;NA;0;NA;NA;NA
2000;8;NA;NA;NA;0;NA;NA;NA
2000;9;NA;NA;0;0;NA;NA;NA
2000;10;NA;NA;0;0;0;0;0
2000;11;NA;NA;0;0;0;0;0
2000;12;21;12;20;13;19;18;20
2001;1;30;14;9;4;7;27;31
2001;2;10;9;4;0;2;2;3
2001;3;15;2;5;0;2;5;1
2001;4;NA;NA;0;0;NA;NA;0
2001;5;NA;NA;NA;0;NA;NA;NA
2001;6;NA;NA;NA;0;NA;NA;NA
2001;7;NA;NA;NA;0;NA;NA;NA
2001;8;NA;NA;NA;0;NA;NA;NA
2001;9;NA;NA;0;0;NA;NA;NA
2001;10;NA;NA;0;0;0;0;0
2001;11;NA;NA;0;0;0;0;0
2001;12;NA;NA;0;0;0;0;0
2002;1;1;0;0;0;0;0;0
2002;2;NA;0;0;0;0;0;0
2002;3;NA;NA;0;0;0;0;0
2002;4;NA;NA;0;0;NA;NA;0
2002;5;NA;NA;NA;0;NA;NA;NA
2002;6;NA;NA;NA;0;NA;NA;NA
2002;7;NA;NA;NA;0;NA;NA;NA
2002;8;NA;NA;NA;0;NA;NA;NA
2002;9;NA;NA;0;0;NA;NA;NA
2002;10;NA;NA;0;0;0;0;0
2002;11;NA;NA;0;0;0;0;0
2002;12;1;NA;0;0;0;0;0
2003;1;10;18;1;0;0;11;10
2003;2;6;1;2;2;0;2;1
2003;3;NA;NA;0;0;0;0;0
2003;4;2;NA;0;0;NA;NA;0
2003;5;NA;NA;NA;0;NA;NA;NA
2003;6;NA;NA;NA;0;NA;NA;NA
2003;7;NA;NA;NA;0;NA;NA;NA
2003;8;NA;NA;NA;0;NA;NA;NA
2003;9;NA;NA;0;0;NA;NA;NA
2003;10;2;NA;0;0;0;0;0
2003;11;15;NA;0;0;0;2;0
2003;12;15;6;0;0;0;5;1
2004;1;14;1;4;0;2;1;3
2004;2;37;2;3;0;1;5;7
2004;3;69;0;19;0;6;32;30
2004;4;NA;NA;0;0;NA;NA;0
2004;5;NA;NA;NA;0;NA;NA;NA
2004;6;NA;NA;NA;0;NA;NA;NA
2004;7;NA;NA;NA;0;NA;NA;NA
2004;8;NA;NA;NA;0;NA;NA;NA
2004;9;NA;NA;0;0;NA;NA;NA
2004;10;NA;NA;0;0;0;0;0
2004;11;1;NA;0;0;0;0;0
2004;12;2;12;0;0;0;5;5
2005;1;10;3;19;7;16;12;16
2005;2;13;2;4;0;1;2;0
2005;3;41;12;0;18;8;14;12
2005;4;NA;NA;11;0;NA;NA;0
2005;5;NA;NA;NA;0;NA;NA;NA
2005;6;NA;NA;NA;0;NA;NA;NA
2005;7;NA;NA;NA;0;NA;NA;NA
2005;8;NA;NA;NA;0;NA;NA;NA
2005;9;NA;NA;0;0;NA;NA;NA
2005;10;NA;NA;0;0;0;0;0
2005;11;49;16;32;17;19;25;26
2005;12;32;37;46;16;23;41;42
2006;1;110;8;56;51;63;76;93
2006;2;9;NA;1;0;0;0;0
2006;3;NA;NA;0;0;0;0;0
2006;4;NA;NA;0;0;NA;NA;0
2006;5;NA;NA;NA;0;NA;NA;NA
2006;6;NA;NA;NA;0;NA;NA;NA
2006;7;NA;NA;NA;0;NA;NA;NA
2006;8;NA;NA;NA;0;NA;NA;NA
2006;9;NA;NA;0;0;NA;NA;NA
2006;10;NA;NA;0;0;0;0;0
2006;11;NA;NA;0;0;0;0;0
2006;12;NA;NA;0;0;0;0;0
2007;1;2;0;1;0;0;0;0
2007;2;NA;NA;0;0;0;0;0
2007;3;NA;NA;0;0;0;0;0
2007;4;NA;NA;0;0;NA;NA;0
2007;5;NA;NA;NA;0;NA;NA;NA
2007;6;NA;NA;NA;0;NA;NA;NA
2007;7;NA;NA;NA;0;NA;NA;NA
2007;8;NA;NA;NA;0;NA;NA;NA
2007;9;NA;NA;0;0;NA;NA;NA
2007;10;NA;NA;0;0;0;0;0
2007;11;NA;NA;0;0;0;0;0
2007;12;NA;NA;0;0;0;0;0
2008;1;28;4;12;2;7;15;13
2008;2;NA;NA;0;0;0;0;0
2008;3;NA;0;0;0;0;0;0
2008;4;NA;NA;0;0;NA;NA;0
2008;5;NA;NA;NA;0;NA;NA;NA
2008;6;NA;NA;NA;0;NA;NA;NA
2008;7;NA;NA;NA;0;NA;NA;NA
2008;8;NA;NA;NA;0;NA;NA;NA
2008;9;NA;NA;0;0;NA;NA;NA
2008;10;6;NA;0;0;0;0;0
2008;11;44;24;36;14;32;48;50
2008;12;107;42;28;6;19;55;43
2009;1;56;17;17;2;16;20;14
2009;2;27;2;0;0;0;8;4
2009;3;NA;NA;0;0;0;0;0
2009;4;NA;NA;0;0;NA;NA;0
2009;5;NA;NA;NA;0;NA;NA;NA
2009;6;NA;NA;NA;0;NA;NA;NA
2009;7;NA;NA;NA;0;NA;NA;NA
2009;8;NA;NA;NA;0;NA;NA;NA
2009;9;NA;NA;0;0;NA;NA;NA
2009;10;NA;NA;0;0;0;0;0
2009;11;NA;NA;0;0;0;0;0
2009;12;37;30;20;30;18;20;22
2010;1;38;4;6;4;4;6;4
2010;2;20;5;2;0;2;15;7
2010;3;5;NA;0;0;0;0;0
2010;4;0;NA;0;0;NA;NA;0
2010;5;NA;NA;NA;0;NA;NA;NA
2010;6;NA;NA;NA;0;NA;NA;NA
2010;7;NA;NA;NA;0;NA;NA;NA
2010;8;NA;NA;NA;0;NA;NA;NA
2010;9;NA;NA;0;0;NA;NA;NA
2010;10;NA;NA;0;0;0;0;0
2010;11;40;12;17;0;7;17;12
2010;12;54;24;40;13;25;43;47
2011;1;1;NA;2;0;1;0;1
2011;2;6;NA;2;0;0;0;0
2011;3;2;NA;0;0;0;0;0
2011;4;NA;NA;0;0;NA;NA;0
2011;5;NA;NA;NA;0;NA;NA;NA
2011;6;NA;NA;NA;0;NA;NA;NA
2011;7;NA;NA;NA;0;NA;NA;NA
2011;8;NA;NA;NA;0;NA;NA;NA
2011;9;NA;NA;0;0;NA;NA;NA
2011;10;NA;NA;0;0;0;0;0
2011;11;NA;NA;0;0;0;0;0
2011;12;1;0;0;0;0;0;0
2012;1;11;2;0;0;0;2;0
2012;2;12;NA;0;8;2;2;2
2012;3;NA;NA;0;0;0;0;0
2012;4;4;NA;0;0;NA;NA;0
2012;5;NA;NA;NA;0;NA;NA;NA
2012;6;NA;NA;NA;0;NA;NA;NA
2012;7;NA;NA;NA;0;NA;NA;NA
2012;8;NA;NA;NA;0;NA;NA;NA
2012;9;NA;NA;0;0;NA;NA;NA
2012;10;0;NA;0;0;0;0;0
2012;11;NA;NA;0;0;0;0;0
2012;12;30;8;21;20;17;24;22
2013;1;51;7;1;1;0;16;13
2013;2;88;4;37;9;28;23;28
2013;3;70;7;3;0;0;21;8
2013;4;NA;NA;0;0;NA;NA;0
2013;5;NA;NA;NA;0;NA;NA;NA
2013;6;NA;NA;NA;0;NA;NA;NA
2013;7;NA;NA;NA;0;NA;NA;NA
2013;8;NA;NA;NA;0;NA;NA;NA
2013;9;NA;NA;0;0;NA;NA;NA
2013;10;NA;NA;0;0;0;0;0
2013;11;7;NA;0;0;0;0;0
2013;12;1;0;0;0;0;0;0
2014;1;67;19;6;1;6;28;11
2014;2;17;NA;0;0;0;5;0
2014;3;4;NA;0;0;0;0;0
2014;4;NA;NA;0;0;NA;NA;0
2014;5;NA;NA;NA;0;NA;NA;NA
2014;6;NA;NA;NA;0;NA;NA;NA
2014;7;NA;NA;NA;0;NA;NA;NA
2014;8;NA;NA;NA;0;NA;NA;NA
2014;9;NA;NA;0;0;NA;NA;NA
2014;10;NA;NA;0;0;0;0;0
2014;11;NA;NA;0;0;0;0;0
2014;12;12;2;18;6;8;6;6
2015;1;12;4;7;2;4;7;5
2015;2;14;NA;1;0;0;0;0
2015;3;NA;NA;0;0;0;7;0
2015;4;NA;NA;0;0;NA;NA;0
2015;5;NA;NA;NA;0;NA;NA;NA
2015;6;NA;NA;NA;0;NA;NA;NA
2015;7;NA;NA;NA;0;NA;NA;NA
2015;8;NA;NA;NA;0;NA;NA;NA
2015;9;NA;NA;0;0;NA;NA;NA
2015;10;NA;NA;0;0;0;0;0
2015;11;NA;NA;0;0;0;0;0
2015;12;NA;NA;0;0;0;0;0
2016;1;10;4;4;0;1;0;2
2016;2;22;NA;0;0;0;0;0
2016;3;30;3;0;0;0;0;2
2016;4;0;NA;0;0;NA;NA;0
2016;5;NA;NA;NA;0;NA;NA;NA
2016;6;NA;NA;NA;0;NA;NA;NA
2016;7;NA;NA;NA;0;NA;NA;NA
2016;8;NA;NA;NA;0;NA;NA;NA
2016;9;NA;NA;0;0;NA;NA;NA
2016;10;NA;NA;0;0;0;0;0
2016;11;0;0;0;0;0;0;0
2016;12;NA;NA;0;0;0;0;0
2017;1;14;2;7;8;7;5;6
2017;2;6;NA;0;0;0;0;0
2017;3;NA;NA;0;0;0;0;0
2017;4;NA;NA;0;0;NA;NA;0
2017;5;NA;NA;NA;0;NA;NA;NA
2017;6;NA;NA;NA;0;NA;NA;NA
2017;7;NA;NA;NA;0;NA;NA;NA
2017;8;NA;NA;NA;0;NA;NA;NA
2017;9;NA;NA;0;0;NA;NA;NA
2017;10;NA;NA;0;0;0;0;0
2017;11;9;0;2;0;0;0;0
2017;12;28;19;16;19;19;27;22
2018;1;6;0;1;0;0;3;2
2018;2;16;1;1;1;0;1;2
2018;3;20;4;5;14;4;4;5
2018;4;NA;NA;0;0;NA;NA;0
2018;5;NA;NA;NA;0;NA;NA;NA
2018;6;NA;NA;NA;0;NA;NA;NA
2018;7;NA;NA;NA;0;NA;NA;NA
2018;8;NA;NA;NA;0;NA;NA;NA
2018;9;NA;NA;0;0;NA;NA;NA
2018;10;NA;NA;0;0;0;0;0
2018;11;8;NA;0;0;0;0;0
2018;12;7;NA;8;1;6;7;5
2019;1;14;1;8;1;9;15;12
2019;2;31;NA;5;1;3;21;6
2019;3;4;NA;0;0;0;0;0
2019;4;NA;NA;0;0;NA;NA;0
2019;5;NA;NA;NA;0;NA;NA;NA
2019;6;NA;NA;NA;0;NA;NA;NA
2019;7;NA;NA;NA;0;NA;NA;NA
2019;8;NA;NA;NA;0;NA;NA;NA
2019;9;NA;NA;0;0;NA;NA;NA
2019;10;0;0;0;0;0;0;0
2019;11;1;0;0;0;0;0;0
2019;12;12;2;5;2;5;7;5
2020;1;0;0;0;0;0;0;0
2020;2;0;0;0;0;0;0;0
2020;3;12;2;0;0;0;1;0
2020;4;NA;NA;0;0;NA;NA;0
2020;5;NA;NA;NA;0;NA;NA;NA
2020;6;NA;NA;NA;NA;NA;NA;NA
2020;7;NA;NA;NA;NA;NA;NA;NA
2020;8;NA;NA;NA;NA;NA;NA;NA
2020;9;NA;NA;NA;NA;NA;NA;NA
2020;10;NA;NA;NA;NA;NA;NA;NA
2020;11;NA;NA;NA;NA;NA;NA;NA
2020;12;NA;NA;NA;NA;NA;NA;NA
