Provider;Name;Longitude;Latitude;Elevation
IT_TN;Andalo;11.00101888;46.17145643;1047
IT_TN;Belvedere_sas_bece_;11.800697;46.48472883;2121
IT_TN;Bondone_viote;11.05487773;46.01365214;1495
IT_TN;Buffaure;11.72380208;46.43036289;2060
IT_TN;Canazei_ciampac;11.77140359;46.44697851;2145
IT_TN;Dossioli_pra_alpesina;10.88176408;45.75856671;1430
IT_TN;Folgaria_passo_sommo;11.20607615;45.91864671;1360
IT_TN;Folgarida_malghet_aut;10.84668169;46.290174;1890
IT_TN;Groste_;10.88975798;46.21772543;2265
IT_TN;Lago_di_calaita;11.78865546;46.20160471;1588
IT_TN;Lusia;11.68206895;46.34628125;2050
IT_TN;Malga_bissina;10.51412204;46.05290371;1780
IT_TN;Malga_val_cigolera;11.76150648;46.26143299;1880
IT_TN;Marmolada;11.87839539;46.43744945;2925
IT_TN;Monte_bondone_vason_palon;11.06021694;46.03741423;1670
IT_TN;Paganella;11.02150358;46.1430077;1790
IT_TN;Pampeago;11.53962298;46.34239586;1760
IT_TN;Pampeago_monsorno;11.55190299;46.34712255;1985
IT_TN;Pampeago_tresca;11.55446366;46.33448473;2080
IT_TN;Panarotta;11.31988945;46.05017867;1775
IT_TN;Paneveggio;11.7475026;46.30952029;1535
IT_TN;Passo_brocon_malga_marande;11.66326663;46.11667721;1608
IT_TN;Passo_rolle;11.78712444;46.2979197;2012
IT_TN;Passo_san_pellegrino;11.79513856;46.3841766;1980
IT_TN;Passo_san_valentino;10.91067642;45.78296219;1320
IT_TN;Passo_tonale_scuola_pat;10.59682805;46.26256471;1880
IT_TN;Passo_valles;11.80123226;46.33946992;2045
IT_TN;Pejo_tarlenta;10.66271188;46.37039903;1985
IT_TN;Pozza_di_fassa;11.69225854;46.42638052;1385
IT_TN;Predazzo_gardone;11.57577374;46.34031058;1675
IT_TN;Presena;10.57873268;46.22809323;2735
IT_TN;Rabbi;10.80319948;46.40957914;1335
IT_TN;Rifugio_trivena;10.61161456;46.04976547;1650
IT_TN;Rumo;11.00849202;46.45385023;1100
IT_TN;San_martino_di_castrozza;11.79630645;46.2616227;1465
IT_TN;Trento_citta_;11.12094813;46.07193971;194
IT_TN;Val_noana_diga;11.83928648;46.1387177;1020
IT_TN;Vallarsa_pian_fugazze;11.17482914;45.75889671;1170
IT_TN;Vigo_di_fassa_ciampedie;11.66302664;46.43304149;1975
IT_TN;Villa_welsperg;11.86861245;46.19893113;1040
