"Date";"Alliz_Maso_Strimo_Osservatore";"Andalo";"Anterivo_Osservatore";"Anterselva_di_Mezzo_Osservatore";"Ballino_Fiave";"Belvedere_sas_bece_";"Bolzano";"Bondone_viote";"Braies_Ferrara_Osservatore";"Bronzolo_Osservatore";"Buffaure";"Campiglio_pradalago";"Canazei_ciampac";"Caoria";"Casere_di_Fuori_Osservatore";"Col_verde";"Corona_Cortaccia_Osservatore";"Costalovara_Osservatore";"Diga_di_Gioveretto_Osservatore";"Diga_di_Neves_Osservatore";"Diga_di_Quaira_Osservatore";"Diga_di_Valdaora_Osservatore";"Diga_di_Vizze_Osservatore";"Diga_di_Zoccolo_Osservatore";"Dossioli_pra_alpesina";"Favogna_di_sotto_Osservatore";"Fie_allo_Sciliar_Osservatore";"Fleres_Osservatore";"Folgaria_passo_sommo";"Folgarida_malghet_aut";"Fontana_Bianca";"Fortezza_Osservatore";"Fundres_Osservatore";"Groste_";"La_Villa_in_Badia_Osservatore";"Lago_di_calaita";"Lago_Verde_Osservatore";"Lazfons_Osservatore";"Longiaru_Osservatore";"Lusia";"Luson_Osservatore";"Maia_Alta_Osservatore";"Malga_baessa";"Malga_bissina";"Malga_val_cigolera";"Malga_zugna";"Marmolada";"Masi_lozen";"Mazia_Osservatore";"Melago_Osservatore";"Meltina_Osservatore";"Molini_di_Tures_Osservatore";"Monte_bondone_vason_palon";"Monte_Maria_Osservatore";"Mori";"Nova_Levante_Osservatore";"Nova_Ponente_Maso_di_sopra_Osservatore";"Ora_Osservatore";"Ortisei_Osservatore";"Paganella";"Pampeago";"Pampeago_monsorno";"Pampeago_tresca";"Panarotta";"Paneveggio";"Passo_brocon_malga_marande";"Passo_durone";"Passo_fedaia";"Passo_rolle";"Passo_san_pellegrino";"Passo_san_valentino";"Passo_tonale_scuola_pat";"Passo_valles";"Pejo_tarlenta";"Pennes_Osservatore";"Pinzolo_grual";"Plata_Osservatore";"Pozza_di_fassa";"Prato_allo_Stelvio_Osservatore";"Predazzo_gardone";"Presena";"Rabbi";"Racines_di_Dentro_Osservatore";"Redagno_Osservatore";"Ridanna_Osservatore";"Rifiano_Beobachter";"Rifugio_trivena";"Riva_del_Garda";"Roia_di_Fuori_Osservatore";"Rovereto";"Rumo";"S_Cassiano_Osservatore";"S_Genesio_Atesino_Osservatore";"S_Leonardo_in_Passiria_Osservatore";"S_Maddalena_in_Casies_Osservatore";"S_Martino_in_Passiria_Osservatore";"S_Pancrazio_Osservatore";"S_Valentino_alla_Muta_Osservatore";"S_Valpurga_d_Ultimo_Osservatore";"S_Vito_di_Braies_Osservatore";"San_Candido_Osservatore";"San_martino_di_castrozza";"San_Martino_Osservatore";"Scena_Osservatore";"Sesto_Osservatore";"Silandro_Convento_Osservatore";"Slingia_Osservatore";"Terento_Osservatore";"Terme_di_Brennero_Osservatore";"Tremalzo";"Trento_citta_";"Trento_Gardolo";"Trento_Sud";"Val_noana_diga";"Vallarsa_pian_fugazze";"Valles_osservatore";"Valluzza_Osservatore";"Vanga_Osservatore";"Vermiglio";"Vigo_di_fassa_ciampedie";"Villa_welsperg";"Vipiteno_osservatore"
"1980-1981";245;NA;157;178;35;NA;13;135;199;8;NA;NA;NA;99;210;NA;114;175;285;533;277;108;195;121;NA;167;61;NA;NA;NA;333;33;189;NA;279;NA;478;123;287;NA;122;14;NA;324;NA;NA;NA;NA;NA;286;113;141;NA;92;8;NA;252;16;150;NA;180;NA;NA;NA;241;217;NA;NA;NA;NA;NA;368;376;NA;338;NA;201;91;45;NA;NA;89;301;274;343;27;NA;3;272;4;NA;NA;105;36;199;31;91;146;NA;205;180;253;235;36;165;22;NA;159;249;NA;NA;11;13;141;NA;195;NA;55;NA;NA;NA;100
"1981-1982";302;235;220;223;228;NA;93;288;240;106;NA;NA;NA;260;271;NA;158;208;363;640;311;161;289;190;NA;196;82;NA;NA;NA;478;61;274;NA;342;NA;463;171;359;NA;116;62;NA;551;NA;NA;NA;235;NA;526;156;159;NA;189;121;NA;304;104;157;NA;183;NA;NA;NA;297;336;NA;NA;390;NA;269;505;423;NA;261;NA;196;157;86;NA;NA;196;366;325;409;58;NA;79;637;72;NA;NA;129;71;183;80;126;279;NA;170;210;274;288;59;206;56;NA;188;487;329;NA;133;133;189;NA;228;NA;87;NA;NA;NA;166
"1982-1983";181;NA;129;148;45;NA;22;230;171;19;NA;NA;NA;NA;201;NA;91;143;292;625;407;84;225;120;NA;104;46;NA;NA;NA;459;58;139;NA;222;NA;530;124;242;NA;84;18;NA;535;NA;NA;NA;NA;NA;358;79;96;NA;192;0;NA;208;18;123;NA;256;NA;NA;NA;251;279;NA;NA;313;NA;NA;555;412;NA;269;NA;100;141;36;NA;NA;154;239;133;276;24;NA;6;493;6;NA;NA;81;38;188;21;34;196;NA;172;148;240;196;30;185;29;NA;128;277;NA;NA;20;23;153;NA;203;NA;40;NA;NA;NA;36
"1983-1984";268;298;240;233;109;NA;34;236;250;54;NA;NA;NA;NA;215;NA;189;229;470;590;428;216;251;312;NA;177;76;NA;NA;NA;620;34;177;NA;355;NA;665;173;321;NA;155;29;NA;775;NA;NA;NA;NA;NA;443;149;118;NA;231;49;NA;348;43;204;NA;309;NA;NA;NA;390;366;NA;NA;585;NA;NA;698;571;394;371;NA;184;237;72;NA;NA;347;303;323;364;43;NA;24;414;27;NA;NA;155;64;237;37;112;290;NA;424;230;448;272;56;299;57;NA;194;449;NA;NA;54;40;260;NA;191;NA;76;NA;NA;NA;127
"1984-1985";191;NA;265;132;374;NA;56;406;172;82;NA;NA;NA;NA;169;NA;153;158;429;375;394;138;106;213;NA;223;73;175;NA;NA;593;16;64;NA;258;NA;436;96;352;NA;95;45;NA;889;NA;NA;NA;NA;NA;319;110;72;NA;73;172;NA;257;142;141;NA;323;NA;NA;NA;358;389;NA;NA;541;NA;NA;624;616;NA;234;NA;118;206;92;NA;NA;294;196;196;216;49;NA;124;297;138;NA;NA;104;39;131;53;147;146;NA;303;153;431;167;49;245;61;NA;124;274;NA;NA;198;182;302;NA;105;NA;66;NA;NA;NA;70
"1985-1986";308;294;254;286;232;NA;56;266;358;55;NA;NA;NA;NA;347;NA;270;266;576;773;655;218;305;351;NA;215;102;NA;437;NA;764;61;357;NA;465;NA;789;288;459;NA;192;33;NA;871;NA;NA;NA;NA;NA;486;158;199;NA;260;90;313;369;80;231;NA;308;NA;NA;NA;435;387;NA;NA;612;NA;338;767;785;NA;388;NA;241;235;132;NA;NA;313;529;304;435;71;NA;28;470;80;NA;NA;193;147;325;74;175;321;NA;398;332;397;359;83;366;80;NA;269;485;635;NA;129;100;237;270;440;NA;129;NA;NA;NA;143
"1986-1987";191;NA;144;178;105;NA;27;252;191;25;NA;NA;392;NA;213;NA;151;141;406;589;422;99;198;215;NA;150;59;NA;NA;NA;546;43;180;NA;275;NA;505;118;232;NA;80;18;NA;719;NA;NA;NA;NA;NA;361;83;101;NA;107;40;209;201;38;121;NA;318;NA;NA;NA;318;302;NA;NA;424;NA;NA;556;597;426;277;NA;142;186;65;152;NA;263;238;176;236;32;NA;26;386;26;NA;NA;80;61;204;43;93;189;NA;235;186;351;183;43;236;45;NA;139;363;NA;NA;43;39;211;NA;141;NA;70;NA;NA;NA;64
"1987-1988";180;NA;114;124;112;NA;19;164;142;24;NA;NA;NA;NA;196;NA;80;102;327;489;304;72;184;135;NA;112;33;NA;NA;NA;444;26;148;NA;212;NA;446;99;239;NA;53;13;NA;624;NA;NA;NA;NA;NA;313;65;76;NA;125;45;143;150;28;90;NA;154;NA;NA;NA;178;94;NA;NA;189;NA;195;530;354;NA;242;NA;99;67;43;NA;NA;150;214;128;252;22;NA;23;375;39;NA;NA;56;25;118;12;27;194;NA;236;135;169;157;13;201;13;NA;105;271;NA;NA;36;30;65;NA;168;NA;41;NA;NA;NA;78
"1988-1989";130;NA;71;85;19;NA;9;162;102;5;NA;NA;NA;NA;128;NA;120;86;161;445;423;38;166;121;NA;60;33;NA;NA;NA;498;17;115;NA;143;NA;584;65;130;NA;57;7;NA;434;NA;NA;NA;NA;NA;247;46;54;NA;55;2;89;123;9;100;NA;194;NA;NA;NA;143;167;NA;NA;285;NA;NA;461;366;NA;206;NA;133;94;35;NA;NA;117;146;119;250;17;NA;0;298;0;NA;NA;56;32;104;33;53;152;NA;103;109;124;131;10;94;3;NA;80;152;NA;NA;3;1;86;NA;121;NA;31;NA;NA;NA;32
"1989-1990";177;54;68;148;15;NA;9;99;80;4;NA;NA;186;NA;247;NA;56;32;306;325;422;37;62;80;NA;32;17;NA;NA;NA;361;14;67;NA;92;NA;506;32;119;NA;40;7;NA;359;NA;NA;NA;NA;NA;427;28;40;NA;131;2;NA;82;6;23;NA;178;NA;NA;NA;140;100;NA;NA;153;NA;NA;328;340;NA;143;NA;61;82;30;76;NA;97;188;126;68;13;NA;0;438;0;NA;NA;30;39;151;19;50;334;NA;92;81;109;90;24;87;64;NA;53;19;NA;NA;3;1;51;NA;111;NA;11;NA;NA;NA;175
"1990-1991";201;NA;172;141;222;NA;54;217;163;48;NA;NA;385;NA;200;NA;133;140;408;528;461;88;173;227;NA;134;50;NA;NA;NA;518;31;134;NA;257;NA;622;118;265;NA;81;32;NA;639;NA;NA;NA;NA;NA;214;83;78;NA;144;63;NA;236;48;155;NA;259;NA;NA;422;273;124;NA;NA;336;NA;NA;569;480;NA;260;NA;123;127;62;NA;NA;187;245;250;266;38;NA;36;236;30;NA;NA;100;48;150;36;77;136;NA;212;159;227;207;33;205;37;NA;123;295;NA;NA;76;74;139;NA;180;NA;59;NA;NA;NA;61
"1991-1992";241;NA;119;175;17;NA;26;186;193;26;NA;NA;330;NA;246;NA;107;164;378;641;443;113;298;186;NA;128;77;NA;NA;NA;430;36;248;NA;269;NA;566;151;285;NA;84;34;NA;500;NA;NA;NA;NA;NA;444;88;97;NA;190;6;NA;212;25;106;NA;265;NA;NA;225;256;173;NA;NA;420;NA;NA;563;408;324;338;NA;163;155;55;NA;NA;141;330;214;246;29;NA;5;564;0;NA;NA;103;42;261;50;74;321;NA;298;182;244;232;43;242;52;NA;151;412;NA;NA;13;4;110;NA;247;NA;54;NA;NA;NA;135
"1992-1993";162;NA;104;84;18;NA;7;127;102;6;NA;NA;NA;55;160;NA;44;71;302;349;294;54;198;85;NA;67;23;NA;NA;NA;324;13;87;NA;148;NA;411;62;163;NA;38;3;NA;363;NA;NA;NA;NA;NA;316;41;41;NA;97;6;NA;132;5;52;NA;78;NA;NA;NA;138;44;NA;NA;192;NA;NA;610;223;NA;156;NA;47;36;23;NA;NA;218;138;128;156;11;NA;0;372;5;NA;NA;44;16;119;3;23;208;NA;142;87;157;104;8;114;3;NA;79;250;NA;NA;13;4;72;NA;106;NA;20;NA;NA;NA;44
"1993-1994";188;NA;114;155;108;NA;56;195;181;44;NA;NA;NA;NA;180;NA;100;150;365;463;353;96;235;135;NA;121;50;NA;NA;NA;384;62;164;NA;214;NA;538;115;283;NA;117;25;NA;496;NA;NA;NA;NA;NA;328;84;105;NA;112;57;NA;199;51;87;NA;197;NA;NA;NA;301;227;NA;NA;394;NA;NA;548;449;411;262;NA;109;132;69;80;NA;163;248;199;233;45;NA;23;401;41;NA;NA;83;64;151;47;79;213;NA;207;150;299;199;36;140;35;NA;134;203;NA;NA;74;84;138;NA;180;NA;50;NA;NA;NA;94
"1994-1995";168;NA;127;143;64;NA;26;190;141;28;NA;NA;NA;NA;164;NA;95;113;238;392;235;105;195;158;NA;115;49;NA;NA;NA;261;37;140;NA;207;NA;335;114;209;NA;110;19;NA;376;NA;NA;NA;NA;NA;412;74;87;NA;146;24;NA;150;29;121;NA;170;NA;NA;NA;159;177;NA;NA;260;NA;NA;450;316;NA;224;NA;103;142;62;NA;522;140;209;149;220;34;NA;2;430;26;NA;NA;79;54;133;48;78;245;NA;197;146;178;134;46;140;50;NA;126;205;NA;NA;40;35;112;NA;152;NA;66;NA;NA;NA;90
"1995-1996";113;NA;105;70;69;NA;24;265;119;20;NA;NA;NA;NA;115;NA;79;94;210;263;240;41;127;112;NA;94;35;NA;NA;NA;340;25;107;NA;143;NA;376;83;147;NA;57;14;NA;479;NA;NA;NA;NA;NA;156;58;58;NA;82;28;NA;158;25;56;NA;135;NA;NA;NA;137;202;NA;NA;278;NA;NA;434;297;NA;182;NA;95;93;47;NA;NA;128;137;146;182;23;NA;15;179;24;NA;NA;62;37;102;27;55;109;NA;127;99;235;114;26;130;20;NA;90;143;NA;NA;35;24;114;NA;110;NA;42;NA;NA;NA;62
"1996-1997";164;NA;98;102;87;NA;20;159;115;31;NA;NA;NA;NA;177;NA;76;89;296;391;282;44;184;89;NA;94;35;NA;NA;NA;332;23;92;NA;182;NA;446;85;191;NA;51;32;NA;388;NA;NA;NA;NA;NA;340;63;61;NA;130;42;NA;119;36;82;NA;119;NA;NA;188;135;97;NA;NA;185;NA;NA;568;242;NA;190;NA;67;49;62;NA;NA;101;118;141;214;30;NA;32;364;24;NA;NA;61;46;141;43;65;152;NA;151;103;141;176;35;121;44;NA;65;216;NA;NA;49;45;78;NA;117;NA;60;NA;NA;NA;73
"1997-1998";232;NA;104;76;52;NA;47;207;121;13;NA;NA;NA;NA;172;NA;58;126;367;369;467;62;152;139;NA;82;38;NA;NA;NA;489;11;97;NA;170;NA;542;99;172;NA;96;3;NA;593;NA;NA;NA;NA;NA;296;59;43;NA;119;17;NA;172;10;90;NA;227;NA;NA;335;249;194;NA;NA;369;NA;NA;562;637;NA;235;NA;82;128;25;NA;NA;178;114;200;201;15;NA;3;293;12;NA;NA;62;18;136;10;32;178;NA;163;117;324;143;15;123;19;NA;113;187;NA;NA;20;20;91;NA;138;NA;26;NA;NA;NA;46
"1998-1999";168;NA;125;160;104;NA;22;241;128;23;NA;NA;NA;NA;216;NA;95;122;329;491;350;91;255;163;NA;119;58;NA;NA;NA;363;32;179;NA;207;NA;533;94;257;NA;96;13;167;486;NA;NA;NA;NA;NA;433;78;84;NA;176;28;NA;146;31;104;NA;277;NA;NA;NA;231;308;NA;NA;311;NA;NA;589;489;NA;282;NA;156;145;60;NA;NA;157;224;178;305;30;NA;14;574;15;NA;NA;81;43;203;41;77;269;NA;233;166;240;165;35;181;37;NA;127;322;NA;NA;30;27;144;NA;184;NA;44;NA;NA;NA;89
"1999-2000";179;100;96;164;51;NA;23;172;158;30;NA;NA;234;NA;199;NA;92;111;283;524;265;86;241;114;NA;106;45;NA;NA;NA;340;42;178;NA;231;NA;354;113;272;NA;84;20;99;403;NA;NA;NA;NA;NA;403;79;84;NA;144;27;NA;144;33;105;NA;183;NA;NA;148;174;175;NA;NA;255;NA;NA;462;281;NA;266;NA;129;97;52;147;688;170;256;199;357;31;NA;14;377;19;NA;NA;79;44;219;36;63;218;NA;240;164;182;177;42;163;34;NA;132;369;NA;NA;31;40;63;NA;179;NA;44;NA;NA;47;87
"2000-2001";308;NA;168;188;76;NA;38;305;202;29;NA;NA;NA;NA;306;NA;94;185;613;812;654;87;290;207;NA;139;38;NA;NA;NA;793;32;171;NA;319;NA;907;120;328;NA;98;19;NA;821;NA;NA;NA;NA;NA;422;98;82;NA;141;38;NA;353;36;103;NA;320;NA;NA;NA;294;322;NA;NA;613;NA;NA;832;563;NA;407;NA;192;178;67;NA;NA;193;359;364;525;33;NA;17;476;30;NA;NA;111;46;268;39;73;270;NA;284;188;306;249;38;223;37;NA;158;461;NA;NA;52;55;121;NA;246;NA;52;NA;NA;119;98
"2001-2002";169;NA;56;72;3;NA;0;147;73;0;NA;NA;NA;NA;128;NA;14;49;288;314;296;24;142;46;NA;42;3;NA;NA;NA;299;1;44;NA;159;NA;415;28;129;NA;17;0;NA;297;NA;NA;NA;NA;NA;260;24;22;NA;61;0;NA;156;0;30;NA;151;NA;NA;NA;201;178;NA;NA;368;NA;NA;449;320;NA;128;NA;15;63;8;NA;NA;118;88;170;154;2;NA;0;207;0;NA;NA;25;4;120;3;8;93;NA;107;76;132;78;0;119;6;NA;54;211;NA;NA;0;0;47;NA;83;NA;9;NA;NA;NA;24
"2002-2003";121;NA;45;58;19;NA;19;96;87;17;NA;NA;NA;NA;89;NA;30;39;246;231;201;39;85;37;NA;45;10;NA;NA;NA;201;6;49;NA;135;NA;274;35;101;NA;40;15;NA;272;NA;NA;NA;NA;NA;199;25;25;NA;41;3;NA;67;11;38;NA;114;NA;NA;NA;146;196;NA;NA;213;NA;NA;385;252;NA;106;NA;51;60;30;84;336;74;98;97;125;15;NA;2;214;0;NA;NA;35;18;72;17;24;63;NA;82;62;186;53;16;87;17;NA;55;146;NA;NA;13;11;127;NA;70;NA;18;NA;NA;NA;36
"2003-2004";217;NA;242;131;152;NA;10;415;156;20;NA;NA;NA;NA;249;NA;141;160;463;638;497;67;259;289;NA;189;51;287;NA;NA;605;25;194;NA;321;NA;701;143;313;NA;96;14;NA;766;NA;NA;NA;NA;NA;344;93;68;NA;142;26;NA;325;32;123;NA;333;NA;NA;NA;432;477;NA;NA;426;NA;NA;794;636;NA;297;NA;166;178;58;NA;NA;279;309;313;352;34;NA;0;328;9;NA;NA;126;39;170;30;104;184;220;245;167;402;191;44;278;38;NA;151;378;NA;NA;45;41;273;NA;202;NA;62;NA;NA;NA;103
"2004-2005";147;NA;124;70;67;NA;29;128;89;30;NA;NA;NA;NA;111;NA;55;87;233;315;261;43;131;74;NA;73;35;219;NA;NA;247;1;83;NA;152;NA;330;81;131;NA;35;17;NA;369;NA;NA;NA;NA;NA;256;40;53;NA;71;34;NA;104;31;68;NA;181;NA;NA;NA;146;218;NA;NA;260;NA;NA;425;329;NA;165;NA;82;87;47;NA;NA;119;180;160;201;14;NA;25;216;25;NA;NA;56;24;83;24;36;105;90;115;89;147;102;21;118;23;NA;49;213;NA;NA;33;33;134;NA;107;NA;25;NA;NA;NA;52
"2005-2006";159;NA;173;180;200;NA;70;227;173;55;NA;NA;276;NA;178;NA;127;160;328;604;327;106;232;186;NA;176;66;276;NA;NA;396;52;179;NA;236;350;468;131;233;NA;117;74;NA;558;NA;NA;NA;NA;NA;341;100;116;NA;160;135;NA;162;95;122;NA;323;235;383;NA;273;352;NA;NA;421;NA;NA;658;441;NA;276;NA;189;201;104;238;669;210;257;212;306;82;NA;84;354;105;NA;NA;104;109;206;106;122;237;184;261;206;317;194;93;223;73;NA;121;432;NA;NA;142;161;225;NA;190;NA;80;NA;NA;178;149
"2006-2007";98;NA;64;124;7;NA;0;159;159;0;NA;NA;NA;NA;141;NA;39;75;218;360;220;102;151;64;NA;47;18;141;NA;NA;277;2;96;NA;157;245;317;64;193;NA;50;0;NA;317;NA;NA;NA;NA;NA;171;27;36;NA;67;1;NA;118;0;66;NA;231;NA;NA;NA;211;246;NA;NA;276;NA;NA;385;314;NA;176;NA;42;92;28;NA;NA;124;139;140;173;1;NA;0;206;0;NA;NA;45;4;147;3;15;89;55;181;103;238;105;7;181;8;NA;81;185;NA;NA;0;0;90;NA;102;NA;18;NA;NA;NA;42
"2007-2008";192;NA;111;157;35;NA;5;220;173;4;NA;NA;NA;NA;134;NA;66;138;300;570;338;89;245;114;NA;97;27;NA;NA;NA;387;16;180;NA;189;NA;473;107;240;NA;86;3;NA;536;NA;NA;NA;NA;NA;385;47;99;NA;126;12;NA;178;6;104;NA;244;NA;NA;NA;267;312;NA;NA;437;NA;NA;650;449;NA;316;NA;126;148;17;NA;650;142;243;184;306;4;NA;2;428;7;NA;NA;77;2;187;15;12;267;NA;198;183;292;202;8;157;18;NA;146;359;NA;NA;15;13;156;NA;218;NA;32;NA;NA;81;70
"2008-2009";259;NA;318;148;240;NA;85;445;300;97;NA;NA;NA;NA;294;NA;263;260;645;804;612;107;313;452;NA;270;113;NA;NA;NA;710;55;276;NA;376;498;847;227;453;NA;119;95;NA;1088;NA;NA;NA;NA;NA;373;198;114;NA;230;81;NA;386;106;200;NA;485;NA;NA;NA;441;494;NA;NA;677;NA;NA;1221;864;NA;445;NA;370;290;216;NA;873;440;402;447;465;122;NA;22;405;67;NA;NA;198;111;215;117;250;319;NA;341;237;513;353;135;368;95;NA;155;483;NA;NA;131;111;249;NA;300;NA;123;NA;NA;NA;203
"2009-2010";180;NA;114;85;101;NA;39;269;143;34;NA;NA;NA;NA;151;NA;104;118;514;441;463;76;151;164;NA;120;49;NA;NA;NA;480;33;137;NA;247;NA;624;85;262;NA;88;23;NA;756;NA;NA;NA;NA;NA;272;65;83;NA;131;28;NA;235;29;85;NA;265;NA;NA;NA;244;402;NA;NA;554;NA;NA;777;408;NA;207;NA;110;103;64;NA;786;199;189;259;238;29;NA;34;297;24;NA;NA;70;46;99;41;82;274;NA;164;115;311;148;37;130;44;NA;82;248;NA;NA;41;33;166;NA;140;NA;44;NA;NA;NA;80
"2010-2011";190;NA;147;121;103;NA;36;145;113;29;NA;NA;NA;NA;192;NA;94;152;419;403;411;45;179;109;NA;162;42;NA;NA;NA;517;42;135;400;220;NA;629;131;217;NA;62;26;NA;723;NA;NA;NA;NA;NA;195;73;89;NA;71;61;NA;181;43;90;NA;126;187;272;NA;179;251;NA;NA;368;NA;NA;752;387;NA;253;NA;84;79;28;NA;851;79;219;253;247;39;NA;13;196;33;NA;NA;80;54;119;45;38;156;NA;176;108;183;198;41;162;24;NA;117;294;NA;NA;60;60;109;NA;138;NA;46;NA;NA;NA;84
"2011-2012";202;NA;83;150;30;NA;3;151;123;4;NA;NA;NA;NA;184;NA;39;108;302;412;326;53;206;90;NA;69;39;236;NA;NA;265;30;148;NA;155;NA;427;97;200;NA;78;3;NA;401;NA;NA;NA;NA;NA;366;44;119;NA;121;0;175;129;2;68;NA;205;NA;NA;NA;158;171;NA;NA;298;NA;NA;455;355;NA;255;NA;90;78;38;NA;753;113;222;151;296;8;NA;8;478;2;NA;NA;37;26;168;26;35;257;104;127;95;205;143;17;105;40;NA;104;327;NA;NA;4;2;74;NA;103;NA;4;NA;NA;NA;43
"2012-2013";221;NA;245;179;239;NA;26;313;238;38;NA;NA;NA;NA;206;NA;185;155;400;647;414;108;200;215;NA;236;119;NA;NA;NA;504;51;211;NA;387;NA;628;154;415;NA;132;23;NA;722;NA;NA;NA;NA;NA;303;97;116;NA;140;62;NA;352;46;174;NA;337;NA;NA;NA;312;420;NA;NA;461;NA;NA;729;675;NA;242;NA;146;212;43;NA;1023;198;258;342;325;36;NA;30;319;45;NA;NA;114;75;218;62;129;212;NA;270;236;433;194;55;301;39;NA;177;346;NA;NA;84;71;276;NA;187;NA;75;NA;NA;258;112
"2013-2014";351;NA;283;168;96;NA;25;385;272;30;NA;NA;NA;NA;395;NA;513;287;780;899;763;118;374;400;NA;260;98;NA;NA;NA;998;40;188;887;419;NA;1113;239;560;NA;136;29;NA;1024;NA;NA;NA;NA;NA;276;188;105;NA;248;6;NA;430;36;210;NA;437;357;660;NA;405;667;NA;NA;745;NA;NA;1158;1178;NA;494;NA;263;273;139;NA;1110;445;407;484;522;49;NA;1;379;6;NA;NA;206;72;184;77;147;312;NA;446;328;533;360;75;486;50;NA;184;562;NA;NA;33;11;303;NA;318;NA;103;NA;NA;NA;173
"2014-2015";105;NA;89;80;43;NA;6;141;70;4;NA;NA;NA;NA;91;NA;48;44;240;368;249;20;169;102;NA;67;12;NA;NA;NA;325;6;42;NA;97;NA;356;55;108;NA;17;3;NA;412;NA;NA;NA;NA;NA;273;26;41;NA;80;26;NA;85;5;44;NA;141;NA;NA;NA;133;231;NA;NA;267;NA;NA;545;379;NA;196;NA;69;50;30;NA;652;93;169;126;193;8;NA;8;292;12;NA;NA;34;11;120;10;18;154;NA;93;52;142;133;8;109;31;NA;78;194;NA;NA;20;11;103;NA;106;NA;18;NA;NA;NA;32
"2015-2016";107;NA;122;112;62;NA;8;167;124;17;NA;NA;NA;NA;139;NA;65;112;247;363;235;62;134;122;NA;118;42;NA;NA;NA;290;12;117;NA;181;NA;464;69;224;NA;86;15;NA;392;NA;NA;NA;NA;NA;238;69;43;NA;92;4;39;130;8;73;NA;176;NA;NA;NA;222;356;NA;NA;411;NA;NA;518;425;NA;196;NA;91;126;28;NA;NA;144;185;151;195;10;NA;0;324;1;NA;NA;94;3;149;20;56;167;NA;178;140;251;118;30;193;14;NA;92;213;NA;NA;0;4;151;NA;103;NA;12;NA;NA;NA;51
"2016-2017";113;NA;40;82;20;NA;3;97;76;3;NA;NA;NA;NA;72;NA;24;57;183;342;197;26;155;49;NA;29;14;NA;NA;NA;209;7;68;NA;57;NA;318;18;111;NA;33;2;NA;170;NA;NA;NA;NA;NA;219;17;29;NA;56;7;50;62;2;36;NA;85;NA;NA;NA;87;116;NA;NA;166;NA;NA;297;180;NA;147;NA;28;49;21;NA;NA;88;165;69;126;5;NA;8;240;7;NA;NA;20;7;96;6;6;109;NA;91;63;87;75;5;96;7;NA;71;144;NA;NA;5;6;39;NA;96;NA;8;NA;NA;NA;26
"2017-2018";246;NA;176;229;79;NA;24;194;240;31;NA;NA;NA;NA;226;NA;85;119;454;563;440;104;227;198;NA;138;69;NA;NA;NA;531;43;205;NA;235;NA;623;121;320;NA;160;12;NA;557;NA;NA;NA;NA;NA;486;96;134;NA;201;25;NA;190;30;126;NA;243;NA;NA;NA;299;309;NA;NA;476;NA;NA;686;532;NA;325;NA;209;114;116;NA;700;190;316;249;336;39;NA;34;545;23;NA;NA;102;49;250;52;107;403;NA;273;202;284;260;52;252;44;NA;202;415;NA;NA;35;31;141;NA;196;NA;60;NA;NA;87;126
"2018-2019";202;NA;113;163;64;NA;21;187;159;20;NA;NA;NA;NA;206;NA;128;151;407;484;564;81;274;114;NA;93;38;NA;NA;NA;472;25;186;448;170;NA;698;115;212;NA;75;26;NA;431;NA;NA;NA;NA;NA;524;60;75;NA;146;21;NA;176;22;114;NA;213;NA;NA;NA;167;245;NA;NA;353;NA;NA;504;484;NA;300;NA;122;101;44;NA;705;137;293;167;296;27;NA;3;574;18;NA;NA;91;58;120;51;65;307;NA;215;162;211;180;41;205;43;NA;100;294;NA;NA;43;23;85;NA;159;NA;55;NA;NA;NA;103
"2019-2020";249;NA;139;148;25;NA;4;145;181;11;NA;NA;NA;NA;249;NA;110;129;440;548;415;55;238;154;NA;158;51;NA;NA;NA;493;20;121;NA;265;NA;585;147;323;NA;91;2;NA;588;NA;NA;NA;NA;172;337;100;51;NA;171;5;NA;289;11;177;NA;134;NA;NA;NA;213;272;NA;NA;396;NA;NA;771;274;NA;295;NA;138;146;68;NA;NA;113;211;274;320;30;NA;2;389;5;NA;289;102;29;189;22;40;223;NA;287;122;150;229;26;220;23;349;125;356;NA;NA;8;5;60;NA;176;212;48;NA;NA;NA;79
