Provider;Name;Longitude;Latitude;Elevation;Start_Y;End_Y
IT_BZ;Alliz_Maso_Strimo_Osservatore;10.69607322;46.65020588;1754;1996;2016
IT_TN;Andalo;11.00101888;46.17145643;1047;1980;2020
IT_BZ;Anterivo_Osservatore;11.36775099;46.27734539;1209;1983;2019
IT_BZ;Anterselva_di_Mezzo_Osservatore;12.10089664;46.8607218;1236;1984;2020
MTAA;Ballino_Fiave;10.81;45.965;760;1997;2020
IT_TN;Belvedere_sas_bece_;11.800697;46.48472883;2121;2004;2020
MTAA;Bolzano;11.35;46.5;262;1990;2020
IT_TN;Bondone_viote;11.05487773;46.01365214;1495;1975;2020
IT_BZ;Braies_Ferrara_Osservatore;12.12878711;46.71923932;1221;1994;2017
IT_BZ;Bronzolo_Osservatore;11.31824915;46.40557733;250;1980;2019
IT_TN;Buffaure;11.72380208;46.43036289;2060;2005;2020
IT_TN;Campiglio_pradalago;10.81389544;46.24969546;2084;2013;2013
IT_TN;Canazei_ciampac;11.77140359;46.44697851;2145;1980;2020
IT_TN;Caoria;11.671338;46.20067023;915;1980;2009
IT_BZ;Casere_di_Fuori_Osservatore;10.92669712;46.73510012;1705;1983;2018
IT_TN;Col_verde;11.81705732;46.27128219;1877;2002;2008
IT_BZ;Corona_Cortaccia_Osservatore;11.2067523;46.32075352;890;2001;2018
IT_BZ;Costalovara_Osservatore;11.42930123;46.52748914;1250;1989;2020
IT_BZ;Diga_di_Gioveretto_Osservatore;10.72507185;46.50906272;1851;1980;2020
IT_BZ;Diga_di_Neves_Osservatore;11.78708948;46.94141718;1860;1980;2020
IT_BZ;Diga_di_Quaira_Osservatore;10.89376378;46.55203116;2252;1980;1990
IT_BZ;Diga_di_Valdaora_Osservatore;12.05365673;46.75973652;1057;1980;2020
IT_BZ;Diga_di_Vizze_Osservatore;11.52467213;46.92499205;1365;1980;2019
IT_BZ;Diga_di_Zoccolo_Osservatore;10.98836178;46.54186662;1144;1980;2020
IT_TN;Dossioli_pra_alpesina;10.88176408;45.75856671;1430;2005;2020
IT_BZ;Favogna_di_sotto_Osservatore;11.17926262;46.2716181;1060;1982;2018
IT_BZ;Fie_allo_Sciliar_Osservatore;11.50596643;46.51315332;835;1988;2020
IT_BZ;Fleres_Osservatore;11.34703358;46.96521205;1245;1984;2012
IT_TN;Folgaria_passo_sommo;11.20607615;45.91864671;1360;1980;2020
IT_TN;Folgarida_malghet_aut;10.84668169;46.290174;1890;2006;2020
IT_BZ;Fontana_Bianca;10.83181104;46.4868471;1900;1980;2020
IT_BZ;Fortezza_Osservatore;11.63224644;46.77830405;725;1980;2019
IT_BZ;Fundres_Osservatore;11.70509939;46.88647195;1150;1980;2020
IT_TN;Groste_;10.88975798;46.21772543;2265;2009;2020
IT_BZ;La_Villa_in_Badia_Osservatore;11.90707591;46.58363024;1390;1987;2020
IT_TN;Lago_di_calaita;11.78865546;46.20160471;1588;2003;2020
IT_BZ;Lago_Verde_Osservatore;10.79940084;46.48233084;2560;1980;2019
IT_BZ;Lazfons_Osservatore;11.54613906;46.67240068;1190;1980;2020
IT_BZ;Longiaru_Osservatore;11.86087783;46.63934483;1396;1983;2019
IT_TN;Lusia;11.68206895;46.34628125;2050;2005;2020
IT_BZ;Luson_Osservatore;11.76389072;46.74503109;981;1980;2020
IT_BZ;Maia_Alta_Osservatore;11.18323356;46.65781956;334;1985;2020
IT_TN;Malga_baessa;11.45889972;46.14742481;1320;1984;2012
IT_TN;Malga_bissina;10.51412204;46.05290371;1780;1961;2020
IT_TN;Malga_val_cigolera;11.76150648;46.26143299;1880;1996;2020
IT_TN;Malga_zugna;11.05816311;45.80755771;1610;2007;2015
IT_TN;Marmolada;11.87839539;46.43744945;2925;2007;2020
IT_TN;Masi_lozen;11.77454507;46.17057264;1150;1980;2005
IT_BZ;Mazia_Osservatore;10.61752603;46.69431612;1570;1980;2020
IT_BZ;Melago_Osservatore;10.65658212;46.83743202;1915;1989;2020
IT_BZ;Meltina_Osservatore;11.25168818;46.58577223;1133;1980;2020
IT_BZ;Molini_di_Tures_Osservatore;11.94156802;46.89781576;850;1980;2020
IT_TN;Monte_bondone_vason_palon;11.06021694;46.03741423;1670;2006;2020
IT_BZ;Monte_Maria_Osservatore;10.52099558;46.70625056;1335;1980;2011
MTAA;Mori;10.982;45.851;204;1982;2020
IT_BZ;Nova_Levante_Osservatore;11.53739936;46.43057753;1180;1984;2017
IT_BZ;Nova_Ponente_Maso_di_sopra_Osservatore;11.4125352;46.41913322;1415;1992;2019
IT_BZ;Ora_Osservatore;11.30501737;46.34688534;250;2006;2019
IT_BZ;Ortisei_Osservatore;11.67296417;46.57404428;1180;1981;2020
IT_TN;Paganella;11.02150358;46.1430077;1790;1975;2020
IT_TN;Pampeago;11.53962298;46.34239586;1760;1980;2020
IT_TN;Pampeago_monsorno;11.55190299;46.34712255;1985;2005;2020
IT_TN;Pampeago_tresca;11.55446366;46.33448473;2080;2004;2020
IT_TN;Panarotta;11.31988945;46.05017867;1775;1980;2020
IT_TN;Paneveggio;11.7475026;46.30952029;1535;1961;2020
IT_TN;Passo_brocon_malga_marande;11.66326663;46.11667721;1608;1980;2020
IT_TN;Passo_durone;10.79573595;46.03708307;1007;1996;1999
IT_TN;Passo_fedaia;11.8660761;46.45761268;2100;1961;2001
IT_TN;Passo_rolle;11.78712444;46.2979197;2012;1961;2020
IT_TN;Passo_san_pellegrino;11.79513856;46.3841766;1980;1986;2020
IT_TN;Passo_san_valentino;10.91067642;45.78296219;1320;1980;2020
IT_TN;Passo_tonale_scuola_pat;10.59682805;46.26256471;1880;1961;2020
IT_TN;Passo_valles;11.80123226;46.33946992;2045;1980;2020
IT_TN;Pejo_tarlenta;10.66271188;46.37039903;1985;1980;2020
IT_BZ;Pennes_Osservatore;11.42688727;46.78148685;1487;1981;2020
IT_TN;Pinzolo_grual;10.81223707;46.17226271;1885;1980;2008
IT_BZ;Plata_Osservatore;11.17696798;46.82284696;1130;1980;2020
IT_TN;Pozza_di_fassa;11.69225854;46.42638052;1385;1980;2020
IT_BZ;Prato_allo_Stelvio_Osservatore;10.59715259;46.62478425;900;2001;2019
IT_TN;Predazzo_gardone;11.57577374;46.34031058;1675;1980;2020
IT_TN;Presena;10.57873268;46.22809323;2735;1990;2020
IT_TN;Rabbi;10.80319948;46.40957914;1335;1961;2020
IT_BZ;Racines_di_Dentro_Osservatore;11.31719656;46.86602596;1260;1983;2020
IT_BZ;Redagno_Osservatore;11.3982488;46.34736099;1575;1982;2020
IT_BZ;Ridanna_Osservatore;11.29949127;46.91074127;1350;1980;2013
IT_BZ;Rifiano_Beobachter;11.18360656;46.70503357;500;2003;2020
IT_TN;Rifugio_trivena;10.61161456;46.04976547;1650;1998;2020
MTAA;Riva_del_Garda;10.85;45.883;65;1925;2020
IT_BZ;Roia_di_Fuori_Osservatore;10.48411319;46.80958827;1833;1981;2020
MTAA;Rovereto;11.044;45.897;213;1882;2020
IT_TN;Rumo;11.00849202;46.45385023;1100;1990;2020
IT_BZ;S_Cassiano_Osservatore;11.93646224;46.56871297;1545;1980;2020
IT_BZ;S_Genesio_Atesino_Osservatore;11.32948491;46.53910648;1140;1984;2019
IT_BZ;S_Leonardo_in_Passiria_Osservatore;11.24712619;46.80906215;644;1984;2019
IT_BZ;S_Maddalena_in_Casies_Osservatore;12.23981675;46.83497359;1403;1980;2019
IT_BZ;S_Martino_in_Passiria_Osservatore;11.22790902;46.78268248;588;1980;2020
IT_BZ;S_Pancrazio_Osservatore;11.0556847;46.56489451;810;1980;2019
IT_BZ;S_Valentino_alla_Muta_Osservatore;10.52721822;46.77468882;1525;1980;2019
IT_BZ;S_Valpurga_d_Ultimo_Osservatore;11.00285375;46.54793154;1105;2003;2012
IT_BZ;S_Vito_di_Braies_Osservatore;12.10002035;46.711878;1285;1980;2019
IT_BZ;San_Candido_Osservatore;12.27986491;46.73298667;1236;2009;2020
IT_TN;San_martino_di_castrozza;11.79630645;46.2616227;1465;1961;2020
IT_BZ;San_Martino_Osservatore;11.41450085;46.70104913;1365;1989;2020
IT_BZ;Scena_Osservatore;11.19083113;46.68959605;680;1985;2020
IT_BZ;Sesto_Osservatore;12.34996395;46.70305348;1310;1980;2020
IT_BZ;Silandro_Convento_Osservatore;10.77479328;46.62764654;718;1987;2016
IT_BZ;Slingia_Osservatore;10.47392044;46.70413091;1690;1980;2020
IT_BZ;Terento_Osservatore;11.79376923;46.83211565;1240;1994;2020
IT_BZ;Terme_di_Brennero_Osservatore;11.48893131;46.98113046;1330;1980;2013
IT_TN;Tremalzo;10.68414363;45.84166741;1550;1980;2005
IT_TN;Trento_citta_;11.12094813;46.07193971;194;2017;2020
MTAA;Trento_Gardolo;11.110674;46.110156;210;1970;2020
MTAA;Trento_Sud;11.131;46.035;195;1970;2020
IT_TN;Val_noana_diga;11.83928648;46.1387177;1020;1965;2020
IT_TN;Vallarsa_pian_fugazze;11.17482914;45.75889671;1170;1980;2020
IT_BZ;Valles_osservatore;11.63069588;46.83865542;1352;1982;2019
IT_BZ;Valluzza_Osservatore;11.66281012;46.62357387;1350;1980;2020
IT_BZ;Vanga_Osservatore;11.3974726;46.55179481;920;1983;2019
IT_TN;Vermiglio;10.68936788;46.29752263;1280;2005;2006
IT_TN;Vigo_di_fassa_ciampedie;11.66302664;46.43304149;1975;1992;2020
IT_TN;Villa_welsperg;11.86861245;46.19893113;1040;1999;2020
IT_BZ;Vipiteno_osservatore;11.42939036;46.89782461;948;1980;2012
