"Date";"Alliz_Maso_Strimo_Osservatore";"Andalo";"Anterivo_Osservatore";"Anterselva_di_Mezzo_Osservatore";"Ballino_Fiave";"Belvedere_sas_bece_";"Bolzano";"Bondone_viote";"Braies_Ferrara_Osservatore";"Bronzolo_Osservatore";"Buffaure";"Campiglio_pradalago";"Canazei_ciampac";"Caoria";"Casere_di_Fuori_Osservatore";"Col_verde";"Corona_Cortaccia_Osservatore";"Costalovara_Osservatore";"Diga_di_Gioveretto_Osservatore";"Diga_di_Neves_Osservatore";"Diga_di_Quaira_Osservatore";"Diga_di_Valdaora_Osservatore";"Diga_di_Vizze_Osservatore";"Diga_di_Zoccolo_Osservatore";"Dossioli_pra_alpesina";"Favogna_di_sotto_Osservatore";"Fie_allo_Sciliar_Osservatore";"Fleres_Osservatore";"Folgaria_passo_sommo";"Folgarida_malghet_aut";"Fontana_Bianca";"Fortezza_Osservatore";"Fundres_Osservatore";"Groste_";"La_Villa_in_Badia_Osservatore";"Lago_di_calaita";"Lago_Verde_Osservatore";"Lazfons_Osservatore";"Longiaru_Osservatore";"Lusia";"Luson_Osservatore";"Maia_Alta_Osservatore";"Malga_baessa";"Malga_bissina";"Malga_val_cigolera";"Malga_zugna";"Marmolada";"Masi_lozen";"Mazia_Osservatore";"Melago_Osservatore";"Meltina_Osservatore";"Molini_di_Tures_Osservatore";"Monte_bondone_vason_palon";"Monte_Maria_Osservatore";"Mori";"Nova_Levante_Osservatore";"Nova_Ponente_Maso_di_sopra_Osservatore";"Ora_Osservatore";"Ortisei_Osservatore";"Paganella";"Pampeago";"Pampeago_monsorno";"Pampeago_tresca";"Panarotta";"Paneveggio";"Passo_brocon_malga_marande";"Passo_durone";"Passo_fedaia";"Passo_rolle";"Passo_san_pellegrino";"Passo_san_valentino";"Passo_tonale_scuola_pat";"Passo_valles";"Pejo_tarlenta";"Pennes_Osservatore";"Pinzolo_grual";"Plata_Osservatore";"Pozza_di_fassa";"Prato_allo_Stelvio_Osservatore";"Predazzo_gardone";"Presena";"Rabbi";"Racines_di_Dentro_Osservatore";"Redagno_Osservatore";"Ridanna_Osservatore";"Rifiano_Beobachter";"Rifugio_trivena";"Riva_del_Garda";"Roia_di_Fuori_Osservatore";"Rovereto";"Rumo";"S_Cassiano_Osservatore";"S_Genesio_Atesino_Osservatore";"S_Leonardo_in_Passiria_Osservatore";"S_Maddalena_in_Casies_Osservatore";"S_Martino_in_Passiria_Osservatore";"S_Pancrazio_Osservatore";"S_Valentino_alla_Muta_Osservatore";"S_Valpurga_d_Ultimo_Osservatore";"S_Vito_di_Braies_Osservatore";"San_Candido_Osservatore";"San_martino_di_castrozza";"San_Martino_Osservatore";"Scena_Osservatore";"Sesto_Osservatore";"Silandro_Convento_Osservatore";"Slingia_Osservatore";"Terento_Osservatore";"Terme_di_Brennero_Osservatore";"Tremalzo";"Trento_citta_";"Trento_Gardolo";"Trento_Sud";"Val_noana_diga";"Vallarsa_pian_fugazze";"Valles_osservatore";"Valluzza_Osservatore";"Vanga_Osservatore";"Vermiglio";"Vigo_di_fassa_ciampedie";"Villa_welsperg";"Vipiteno_osservatore"
"1980-1981";NA;NA;NA;NA;NA;NA;NA;NA;NA;8;NA;NA;NA;NA;NA;NA;NA;NA;NA;NA;277;108;195;121;NA;NA;NA;NA;NA;NA;333;NA;189;NA;NA;NA;478;123;NA;NA;122;NA;NA;NA;NA;NA;NA;NA;NA;NA;113;141;NA;92;NA;NA;NA;NA;NA;NA;NA;NA;NA;NA;NA;NA;NA;NA;NA;NA;NA;NA;NA;NA;NA;NA;201;NA;NA;NA;NA;NA;NA;NA;343;NA;NA;3;NA;NA;NA;NA;NA;NA;199;31;91;NA;NA;205;NA;NA;NA;NA;165;NA;NA;NA;249;NA;NA;NA;13;NA;NA;NA;NA;NA;NA;NA;NA;100
"1981-1982";NA;NA;NA;NA;NA;NA;NA;NA;NA;NA;NA;NA;NA;NA;NA;NA;NA;NA;363;640;311;161;289;190;NA;NA;NA;NA;NA;NA;478;NA;274;NA;NA;NA;463;171;NA;NA;116;NA;NA;NA;NA;NA;NA;NA;NA;NA;156;159;NA;189;NA;NA;NA;NA;157;NA;NA;NA;NA;NA;NA;NA;NA;NA;NA;NA;NA;NA;NA;NA;NA;NA;196;NA;NA;NA;NA;NA;NA;NA;409;NA;NA;79;NA;NA;NA;NA;NA;NA;183;80;126;NA;NA;170;NA;NA;NA;NA;206;NA;NA;NA;487;NA;NA;NA;133;NA;NA;NA;NA;NA;NA;NA;NA;166
"1982-1983";NA;NA;NA;NA;NA;NA;NA;NA;NA;NA;NA;NA;NA;NA;NA;NA;NA;NA;292;625;407;84;225;120;NA;104;NA;NA;NA;NA;459;58;139;NA;NA;NA;530;124;NA;NA;84;NA;NA;NA;NA;NA;NA;NA;NA;NA;79;NA;NA;192;0;NA;NA;NA;123;NA;NA;NA;NA;NA;NA;NA;NA;NA;NA;NA;NA;NA;NA;NA;NA;NA;100;NA;NA;NA;NA;NA;NA;133;276;NA;NA;6;NA;NA;NA;NA;NA;NA;188;21;34;NA;NA;172;NA;NA;NA;NA;185;NA;NA;NA;277;NA;NA;NA;23;NA;NA;203;NA;NA;NA;NA;NA;36
"1983-1984";NA;NA;240;NA;NA;NA;NA;NA;NA;54;NA;NA;NA;NA;215;NA;NA;NA;470;590;428;216;251;312;NA;177;NA;NA;NA;NA;620;34;177;NA;NA;NA;NA;NA;321;NA;155;NA;NA;NA;NA;NA;NA;NA;NA;NA;149;NA;NA;231;49;NA;NA;NA;204;NA;NA;NA;NA;NA;NA;NA;NA;NA;NA;NA;NA;NA;NA;NA;371;NA;184;NA;NA;NA;NA;NA;303;NA;364;NA;NA;24;NA;NA;NA;NA;NA;NA;237;37;112;290;NA;424;NA;NA;NA;NA;299;NA;NA;NA;449;NA;NA;NA;40;NA;NA;191;NA;76;NA;NA;NA;127
"1984-1985";NA;NA;265;132;NA;NA;NA;NA;NA;82;NA;NA;NA;NA;169;NA;NA;NA;429;375;394;138;106;213;NA;223;NA;175;NA;NA;593;16;64;NA;NA;NA;436;NA;352;NA;95;NA;NA;NA;NA;NA;NA;NA;NA;NA;NA;NA;NA;73;172;NA;NA;NA;141;NA;NA;NA;NA;NA;NA;NA;NA;NA;NA;NA;NA;NA;NA;NA;234;NA;118;NA;NA;NA;NA;NA;196;196;216;NA;NA;124;NA;NA;NA;NA;NA;NA;131;53;147;146;NA;303;NA;NA;NA;NA;245;NA;NA;NA;274;NA;NA;NA;182;NA;NA;105;NA;66;NA;NA;NA;70
"1985-1986";NA;NA;254;286;NA;NA;NA;NA;NA;NA;NA;NA;NA;NA;347;NA;NA;NA;576;773;655;218;305;351;NA;215;NA;NA;NA;NA;764;61;357;NA;NA;NA;789;288;459;NA;192;33;NA;NA;NA;NA;NA;NA;NA;NA;NA;NA;NA;260;90;313;NA;NA;231;NA;NA;NA;NA;NA;NA;NA;NA;NA;NA;NA;NA;NA;NA;NA;388;NA;241;NA;NA;NA;NA;NA;529;304;435;NA;NA;28;470;NA;NA;NA;193;147;325;74;NA;321;NA;398;NA;NA;NA;83;366;NA;NA;NA;485;NA;NA;NA;100;NA;NA;440;NA;129;NA;NA;NA;143
"1986-1987";NA;NA;144;178;NA;NA;NA;NA;NA;25;NA;NA;NA;NA;213;NA;NA;NA;406;589;422;99;198;215;NA;150;NA;NA;NA;NA;546;43;180;NA;NA;NA;505;118;232;NA;80;18;NA;NA;NA;NA;NA;NA;NA;NA;NA;NA;NA;107;40;209;NA;NA;121;NA;NA;NA;NA;NA;NA;NA;NA;NA;NA;NA;NA;NA;NA;NA;277;NA;142;NA;NA;NA;NA;NA;238;176;236;NA;NA;26;386;NA;NA;NA;80;61;204;43;NA;189;NA;235;NA;NA;NA;43;236;NA;NA;NA;363;NA;NA;NA;39;NA;NA;141;NA;70;NA;NA;NA;64
"1987-1988";NA;NA;114;124;NA;NA;NA;NA;NA;24;NA;NA;NA;NA;196;NA;NA;NA;327;489;304;72;184;135;NA;112;NA;NA;NA;NA;444;26;148;NA;212;NA;446;99;239;NA;53;NA;NA;NA;NA;NA;NA;NA;NA;NA;NA;NA;NA;125;45;143;NA;NA;90;NA;NA;NA;NA;NA;NA;NA;NA;NA;NA;NA;NA;NA;NA;NA;242;NA;99;NA;NA;NA;NA;NA;214;NA;252;NA;NA;23;375;NA;NA;NA;56;25;118;12;27;194;NA;236;NA;NA;NA;13;201;NA;NA;NA;271;NA;NA;NA;30;NA;NA;168;NA;41;NA;NA;NA;78
"1988-1989";NA;NA;71;85;NA;NA;NA;NA;NA;5;NA;NA;NA;NA;128;NA;NA;NA;161;445;423;38;166;121;NA;60;NA;NA;NA;NA;498;17;115;NA;143;NA;584;65;130;NA;57;NA;NA;NA;NA;NA;NA;NA;NA;NA;NA;NA;NA;55;NA;89;NA;NA;100;NA;NA;NA;NA;NA;NA;NA;NA;NA;NA;NA;NA;NA;NA;NA;206;NA;133;NA;NA;NA;NA;NA;146;119;250;NA;NA;0;298;NA;NA;NA;56;32;104;33;53;152;NA;103;NA;NA;NA;10;94;3;NA;NA;152;NA;NA;NA;1;NA;NA;121;NA;31;NA;NA;NA;32
"1989-1990";NA;NA;68;148;NA;NA;NA;NA;NA;4;NA;NA;NA;NA;247;NA;NA;32;306;325;422;37;62;80;NA;32;NA;NA;NA;NA;361;14;67;NA;92;NA;506;32;119;NA;40;7;NA;NA;NA;NA;NA;NA;NA;NA;NA;NA;NA;131;NA;NA;NA;NA;23;NA;NA;NA;NA;NA;NA;NA;NA;NA;NA;NA;NA;NA;NA;NA;143;NA;61;NA;NA;NA;NA;NA;188;126;68;NA;NA;0;438;NA;NA;NA;30;39;151;19;50;334;NA;92;NA;NA;90;24;87;64;NA;NA;19;NA;NA;NA;1;NA;NA;111;NA;11;NA;NA;NA;175
"1990-1991";NA;NA;NA;NA;NA;NA;NA;NA;NA;NA;NA;NA;NA;NA;NA;NA;NA;NA;408;NA;NA;NA;173;227;NA;NA;NA;NA;NA;NA;518;NA;134;NA;NA;NA;NA;NA;NA;NA;81;NA;NA;NA;NA;NA;NA;NA;NA;214;NA;NA;NA;144;NA;NA;NA;NA;155;NA;NA;NA;NA;NA;NA;NA;NA;NA;NA;NA;NA;NA;NA;NA;NA;NA;123;NA;NA;NA;NA;NA;NA;NA;266;NA;NA;36;236;NA;NA;NA;NA;NA;150;36;NA;136;NA;NA;NA;NA;NA;33;205;37;NA;NA;NA;NA;NA;NA;74;NA;NA;NA;NA;59;NA;NA;NA;61
"1991-1992";NA;NA;119;NA;NA;NA;NA;NA;NA;NA;NA;NA;NA;NA;NA;NA;NA;NA;378;NA;NA;NA;298;186;NA;NA;NA;NA;NA;NA;430;NA;248;NA;NA;NA;NA;NA;NA;NA;84;34;NA;NA;NA;NA;NA;NA;NA;444;NA;NA;NA;190;NA;NA;NA;NA;106;NA;NA;NA;NA;NA;NA;NA;NA;NA;NA;NA;NA;NA;NA;NA;NA;NA;163;NA;NA;NA;NA;NA;NA;NA;246;NA;NA;5;564;NA;NA;NA;NA;NA;261;50;NA;321;NA;NA;NA;NA;NA;43;242;52;NA;NA;NA;NA;NA;NA;4;NA;NA;NA;NA;54;NA;NA;NA;135
"1992-1993";NA;NA;104;NA;NA;NA;NA;NA;NA;NA;NA;NA;NA;NA;NA;NA;NA;NA;302;NA;NA;54;198;85;NA;NA;NA;NA;NA;NA;324;NA;87;NA;148;NA;NA;NA;NA;NA;38;3;NA;NA;NA;NA;NA;NA;NA;316;NA;NA;NA;97;NA;NA;132;NA;52;NA;NA;NA;NA;NA;NA;NA;NA;NA;NA;NA;NA;NA;NA;NA;NA;NA;47;NA;NA;NA;NA;NA;NA;NA;156;NA;NA;0;372;NA;NA;NA;NA;NA;119;3;NA;208;NA;NA;NA;NA;NA;8;114;3;NA;NA;NA;NA;NA;NA;4;NA;NA;NA;NA;20;NA;NA;NA;44
"1993-1994";NA;NA;114;NA;NA;NA;NA;NA;NA;NA;NA;NA;NA;NA;NA;NA;NA;NA;365;463;NA;96;235;135;NA;NA;NA;NA;NA;NA;384;62;164;NA;214;NA;NA;NA;NA;NA;117;25;NA;NA;NA;NA;NA;NA;NA;328;NA;NA;NA;112;NA;NA;199;NA;87;NA;NA;NA;NA;NA;NA;NA;NA;NA;NA;NA;NA;NA;NA;NA;NA;NA;109;NA;NA;NA;NA;NA;NA;NA;233;NA;NA;23;401;NA;NA;NA;NA;NA;151;47;NA;213;NA;NA;NA;NA;NA;36;140;35;NA;NA;203;NA;NA;NA;84;NA;NA;NA;NA;50;NA;NA;NA;NA
"1994-1995";NA;NA;127;NA;NA;NA;NA;NA;141;NA;NA;NA;NA;NA;NA;NA;NA;NA;238;392;NA;105;195;158;NA;NA;NA;NA;NA;NA;261;37;140;NA;207;NA;NA;NA;209;NA;110;19;NA;NA;NA;NA;NA;NA;NA;412;NA;NA;NA;146;NA;NA;150;NA;121;NA;NA;NA;NA;NA;NA;NA;NA;NA;NA;NA;NA;NA;NA;NA;NA;NA;103;NA;NA;NA;NA;NA;209;NA;220;NA;NA;2;430;NA;NA;NA;NA;NA;133;48;NA;245;NA;NA;NA;NA;134;46;140;50;NA;126;205;NA;NA;NA;35;NA;NA;NA;NA;66;NA;NA;NA;NA
"1995-1996";NA;NA;105;70;NA;NA;NA;NA;119;NA;NA;NA;NA;NA;NA;NA;NA;NA;210;263;NA;41;127;112;NA;NA;NA;NA;NA;NA;340;25;107;NA;143;NA;376;83;147;NA;57;14;NA;NA;NA;NA;NA;NA;NA;156;NA;NA;NA;82;NA;NA;158;NA;56;NA;NA;NA;NA;NA;NA;NA;NA;NA;NA;NA;NA;NA;NA;NA;NA;NA;95;NA;NA;NA;NA;NA;137;NA;182;NA;NA;15;179;NA;NA;NA;NA;NA;102;27;NA;109;NA;NA;NA;NA;114;26;130;20;NA;90;143;NA;NA;NA;24;NA;NA;NA;NA;42;NA;NA;NA;NA
"1996-1997";164;NA;98;102;NA;NA;NA;NA;115;NA;NA;NA;NA;NA;NA;NA;NA;NA;296;391;NA;44;184;89;NA;NA;NA;NA;NA;NA;332;23;92;NA;182;NA;NA;85;191;NA;51;32;NA;NA;NA;NA;NA;NA;NA;340;NA;NA;NA;130;NA;NA;119;NA;82;NA;NA;NA;NA;NA;NA;NA;NA;NA;NA;NA;NA;NA;NA;NA;NA;NA;67;NA;NA;NA;NA;NA;118;NA;214;NA;NA;32;364;NA;NA;NA;NA;NA;141;43;NA;152;NA;NA;NA;NA;176;35;121;NA;NA;65;216;NA;NA;NA;45;NA;NA;NA;NA;60;NA;NA;NA;NA
"1997-1998";232;NA;104;76;NA;NA;NA;NA;121;NA;NA;NA;NA;NA;NA;NA;NA;NA;367;369;NA;62;152;139;NA;NA;NA;NA;NA;NA;489;11;97;NA;170;NA;542;99;172;NA;96;3;NA;NA;NA;NA;NA;NA;NA;296;NA;NA;NA;119;17;NA;172;NA;90;NA;NA;NA;NA;NA;NA;NA;NA;NA;NA;NA;NA;NA;NA;NA;NA;NA;82;NA;NA;NA;NA;NA;114;NA;201;NA;NA;3;293;NA;NA;NA;NA;NA;136;10;NA;178;NA;NA;NA;NA;143;15;123;NA;NA;113;187;NA;NA;NA;20;NA;NA;NA;NA;26;NA;NA;NA;NA
"1998-1999";168;NA;NA;160;NA;NA;NA;NA;128;NA;NA;NA;NA;NA;NA;NA;NA;NA;329;491;NA;91;255;163;NA;NA;NA;NA;NA;NA;363;32;179;NA;207;NA;533;94;NA;NA;96;13;NA;NA;NA;NA;NA;NA;NA;433;NA;NA;NA;176;28;NA;146;NA;104;NA;NA;NA;NA;NA;NA;NA;NA;NA;NA;NA;NA;NA;NA;NA;NA;NA;156;NA;NA;NA;NA;NA;NA;NA;305;NA;NA;14;574;NA;NA;NA;NA;NA;203;41;NA;269;NA;NA;NA;NA;165;35;181;NA;NA;NA;322;NA;NA;NA;27;NA;NA;NA;NA;NA;NA;NA;NA;NA
"1999-2000";179;NA;NA;164;NA;NA;NA;NA;NA;NA;NA;NA;NA;NA;NA;NA;NA;NA;283;NA;NA;86;241;114;NA;NA;45;NA;NA;NA;340;42;178;NA;231;NA;NA;113;NA;NA;84;20;NA;NA;NA;NA;NA;NA;NA;403;NA;NA;NA;144;27;NA;144;NA;105;NA;NA;NA;NA;NA;NA;NA;NA;NA;NA;NA;NA;NA;NA;NA;NA;NA;129;NA;NA;NA;NA;NA;256;199;357;NA;NA;14;377;NA;NA;NA;NA;NA;219;36;NA;218;NA;NA;NA;NA;177;42;163;NA;NA;NA;369;NA;NA;NA;40;NA;NA;NA;NA;NA;NA;NA;NA;NA
"2000-2001";308;NA;NA;188;NA;NA;NA;NA;NA;NA;NA;NA;NA;NA;NA;NA;NA;NA;613;NA;NA;NA;290;207;NA;NA;38;NA;NA;NA;793;32;171;NA;319;NA;NA;120;NA;NA;98;19;NA;NA;NA;NA;NA;NA;NA;422;NA;NA;NA;141;38;NA;353;NA;103;NA;NA;NA;NA;NA;NA;NA;NA;NA;NA;NA;NA;NA;NA;NA;NA;NA;192;NA;NA;NA;NA;NA;NA;364;525;NA;NA;17;476;NA;NA;NA;NA;NA;268;39;NA;270;NA;NA;NA;NA;249;38;223;NA;NA;NA;461;NA;NA;NA;55;NA;NA;NA;NA;NA;NA;NA;NA;98
"2001-2002";169;NA;NA;72;NA;NA;NA;NA;NA;NA;NA;NA;NA;NA;NA;NA;14;NA;288;314;NA;24;142;46;NA;NA;3;NA;NA;NA;299;1;44;NA;159;NA;415;28;NA;NA;17;0;NA;NA;NA;NA;NA;NA;NA;260;NA;NA;NA;61;0;NA;156;NA;30;NA;NA;NA;NA;NA;NA;NA;NA;NA;NA;NA;NA;NA;NA;NA;NA;NA;15;NA;NA;NA;NA;NA;NA;170;154;NA;NA;0;207;NA;NA;NA;NA;NA;120;3;NA;93;NA;NA;NA;NA;78;0;119;NA;NA;NA;211;NA;NA;NA;0;NA;NA;NA;NA;NA;NA;NA;NA;NA
"2002-2003";121;NA;NA;58;NA;NA;NA;NA;NA;NA;NA;NA;NA;NA;NA;NA;30;NA;246;NA;NA;39;85;37;NA;NA;10;NA;NA;NA;201;6;49;NA;135;NA;NA;35;NA;NA;40;15;NA;NA;NA;NA;NA;NA;NA;199;NA;NA;NA;41;3;NA;67;NA;38;NA;NA;NA;NA;NA;NA;NA;NA;NA;NA;NA;NA;NA;NA;NA;NA;NA;51;NA;NA;NA;NA;NA;NA;97;125;NA;NA;2;214;NA;NA;NA;NA;NA;72;17;NA;63;NA;NA;NA;NA;53;16;87;NA;NA;NA;146;NA;NA;NA;11;NA;NA;NA;NA;NA;NA;NA;NA;NA
"2003-2004";217;NA;242;131;NA;NA;NA;NA;156;20;NA;NA;NA;NA;249;NA;141;160;463;NA;NA;67;259;289;NA;189;51;287;NA;NA;605;25;194;NA;321;NA;NA;143;313;NA;96;14;NA;NA;NA;NA;NA;NA;NA;344;93;68;NA;142;26;NA;325;NA;123;NA;NA;NA;NA;NA;NA;NA;NA;NA;NA;NA;NA;NA;NA;NA;NA;NA;166;NA;NA;NA;NA;NA;309;313;352;NA;NA;0;328;NA;NA;NA;126;NA;170;30;104;184;220;NA;NA;NA;191;44;278;NA;NA;151;378;NA;NA;NA;41;NA;NA;NA;NA;NA;NA;NA;NA;NA
"2004-2005";147;NA;124;70;NA;NA;NA;NA;89;30;NA;NA;NA;NA;111;NA;55;87;233;NA;NA;NA;131;74;NA;73;35;219;NA;NA;247;1;83;NA;152;NA;NA;81;131;NA;35;17;NA;NA;NA;NA;NA;NA;NA;256;40;53;NA;71;34;NA;104;NA;68;NA;NA;NA;NA;NA;146;NA;NA;NA;NA;NA;NA;NA;NA;NA;165;NA;82;NA;NA;NA;NA;NA;180;160;201;14;NA;25;216;NA;NA;NA;NA;NA;83;24;36;105;90;NA;NA;NA;102;21;118;NA;NA;49;213;NA;NA;NA;33;NA;NA;NA;NA;NA;NA;NA;NA;NA
"2005-2006";159;NA;173;180;NA;NA;NA;NA;173;55;NA;NA;NA;NA;178;NA;127;NA;328;NA;NA;106;232;186;NA;176;66;276;NA;NA;396;52;179;NA;236;NA;NA;131;233;NA;117;74;NA;NA;NA;NA;NA;NA;NA;341;100;116;NA;160;135;NA;162;NA;122;NA;NA;NA;NA;NA;NA;NA;NA;NA;NA;NA;NA;NA;NA;NA;NA;NA;189;NA;NA;NA;NA;NA;257;212;306;82;NA;84;354;NA;NA;NA;NA;NA;206;106;122;237;184;NA;NA;NA;194;93;223;NA;NA;121;432;NA;NA;NA;161;NA;NA;NA;NA;NA;NA;NA;NA;NA
"2006-2007";98;NA;64;124;NA;NA;NA;NA;159;0;NA;NA;NA;NA;141;NA;39;75;218;NA;NA;102;151;64;NA;47;18;141;NA;NA;277;2;96;NA;157;NA;NA;64;193;NA;50;0;NA;NA;NA;NA;NA;NA;NA;171;27;36;NA;67;1;NA;118;0;66;NA;NA;NA;NA;NA;NA;NA;NA;NA;NA;NA;NA;NA;NA;NA;NA;NA;42;NA;28;NA;NA;NA;139;140;173;1;NA;0;206;NA;NA;NA;NA;4;147;3;15;89;55;NA;NA;NA;105;7;181;NA;NA;81;185;NA;NA;NA;0;NA;NA;NA;NA;NA;NA;NA;NA;NA
"2007-2008";192;NA;111;157;NA;NA;NA;NA;173;4;NA;NA;NA;NA;134;NA;66;138;300;NA;NA;89;245;114;NA;97;27;NA;NA;NA;387;16;180;NA;189;NA;NA;107;240;NA;86;3;NA;NA;NA;NA;NA;NA;NA;385;47;99;NA;126;12;NA;178;6;104;NA;NA;NA;NA;NA;NA;NA;NA;NA;NA;NA;NA;NA;NA;NA;NA;NA;126;NA;17;NA;NA;NA;243;184;306;4;NA;2;428;NA;NA;NA;NA;2;187;15;12;267;NA;NA;NA;NA;202;8;157;NA;NA;146;NA;NA;NA;NA;13;NA;NA;218;NA;NA;NA;NA;NA;NA
"2008-2009";259;NA;318;148;NA;NA;NA;NA;300;97;NA;NA;NA;NA;294;NA;263;260;645;NA;NA;107;313;452;NA;270;113;NA;NA;NA;710;55;276;NA;376;NA;NA;227;453;NA;119;95;NA;NA;NA;NA;NA;NA;NA;373;198;114;NA;230;81;NA;386;106;200;NA;NA;NA;NA;NA;NA;NA;NA;NA;NA;NA;NA;NA;NA;NA;NA;NA;370;NA;216;NA;NA;NA;402;447;465;122;NA;22;405;NA;NA;NA;NA;NA;215;117;250;319;NA;NA;NA;NA;353;135;368;95;NA;155;NA;NA;NA;NA;111;NA;NA;300;NA;NA;NA;NA;NA;NA
"2009-2010";180;NA;114;85;NA;NA;NA;NA;143;34;NA;NA;NA;NA;151;NA;104;118;514;NA;NA;76;151;164;NA;120;49;NA;NA;NA;480;33;137;NA;247;NA;NA;85;262;NA;88;23;NA;NA;NA;NA;NA;NA;NA;272;65;83;NA;131;28;NA;235;29;85;NA;NA;NA;NA;NA;NA;NA;NA;NA;NA;NA;NA;NA;NA;NA;NA;NA;110;NA;64;NA;NA;NA;189;259;238;29;NA;34;297;NA;NA;NA;NA;NA;99;41;82;274;NA;NA;NA;NA;148;37;130;44;NA;82;NA;NA;NA;NA;33;NA;NA;NA;NA;NA;NA;NA;NA;NA
"2010-2011";190;NA;147;121;NA;NA;NA;NA;113;29;NA;NA;NA;NA;192;NA;94;152;419;403;NA;45;179;109;NA;162;42;NA;NA;NA;517;42;135;NA;220;NA;NA;131;217;NA;62;26;NA;723;NA;NA;NA;NA;NA;195;73;89;NA;71;61;NA;181;43;90;NA;NA;NA;NA;NA;NA;NA;NA;NA;NA;NA;NA;NA;NA;NA;NA;NA;84;NA;28;NA;NA;NA;219;253;247;39;NA;13;196;NA;NA;NA;NA;NA;119;45;38;156;NA;NA;108;NA;198;41;162;24;NA;117;NA;NA;NA;NA;60;NA;NA;NA;NA;NA;NA;NA;NA;NA
"2011-2012";202;NA;83;150;NA;NA;NA;NA;123;4;NA;NA;NA;NA;184;NA;39;108;302;NA;NA;53;206;90;NA;69;39;236;NA;NA;265;30;148;NA;155;NA;NA;97;200;NA;78;3;NA;NA;NA;NA;NA;NA;NA;366;44;119;NA;NA;0;175;129;2;68;NA;NA;NA;NA;NA;NA;NA;NA;NA;NA;NA;NA;NA;NA;NA;255;NA;90;NA;38;NA;NA;NA;222;151;296;8;NA;8;478;NA;NA;NA;37;26;168;26;35;257;104;127;95;NA;143;17;105;40;NA;104;327;NA;NA;NA;2;NA;NA;NA;NA;4;NA;NA;NA;NA
"2012-2013";221;NA;245;179;NA;NA;NA;NA;NA;38;NA;NA;NA;NA;206;NA;185;155;400;NA;NA;NA;200;215;NA;236;119;NA;NA;NA;504;51;211;NA;387;NA;NA;154;415;NA;132;23;NA;NA;NA;NA;NA;NA;NA;303;97;116;NA;NA;62;NA;352;46;174;NA;NA;NA;NA;NA;NA;NA;NA;NA;NA;NA;NA;NA;NA;NA;242;NA;146;NA;43;NA;NA;NA;258;342;325;36;NA;30;319;NA;NA;NA;114;75;218;62;129;212;NA;NA;236;NA;194;55;301;39;NA;177;346;NA;NA;NA;71;NA;NA;NA;NA;NA;NA;NA;NA;NA
"2013-2014";351;NA;283;168;NA;NA;NA;NA;NA;30;NA;NA;NA;NA;395;NA;513;287;780;NA;NA;NA;374;400;NA;260;98;NA;NA;NA;998;NA;188;NA;419;NA;NA;239;560;NA;136;29;NA;NA;NA;NA;NA;NA;NA;276;188;105;NA;NA;6;NA;430;36;210;NA;NA;NA;NA;NA;NA;NA;NA;NA;NA;NA;NA;NA;1178;NA;494;NA;263;NA;139;NA;NA;NA;407;484;NA;49;NA;1;379;NA;NA;NA;206;72;184;77;147;312;NA;446;328;NA;360;75;486;50;NA;184;NA;NA;NA;NA;11;NA;NA;NA;NA;NA;NA;NA;NA;NA
"2014-2015";105;NA;89;80;NA;NA;NA;NA;NA;4;NA;NA;NA;NA;91;NA;48;44;240;NA;NA;20;169;102;NA;NA;12;NA;NA;NA;325;6;42;NA;97;NA;NA;55;108;NA;17;3;NA;NA;NA;NA;NA;NA;NA;273;26;41;NA;NA;26;NA;85;5;44;NA;NA;NA;NA;NA;NA;NA;NA;NA;NA;NA;NA;NA;NA;NA;196;NA;69;NA;30;NA;NA;NA;169;126;NA;8;NA;8;292;NA;NA;NA;34;11;120;10;18;154;NA;NA;52;NA;133;8;109;31;NA;78;NA;NA;NA;NA;11;NA;NA;106;NA;NA;NA;NA;NA;NA
"2015-2016";107;NA;122;112;NA;NA;NA;NA;NA;17;NA;NA;NA;NA;139;NA;65;112;247;NA;NA;62;134;122;NA;NA;42;NA;NA;NA;290;12;117;NA;181;NA;NA;69;224;NA;86;15;NA;392;NA;NA;NA;NA;NA;238;69;43;NA;NA;4;NA;130;8;73;NA;NA;NA;NA;NA;NA;NA;NA;NA;NA;NA;NA;NA;NA;NA;196;NA;91;NA;28;NA;NA;NA;185;151;NA;10;NA;0;324;NA;NA;NA;94;3;149;20;56;167;NA;NA;140;NA;118;30;193;14;NA;92;NA;NA;NA;NA;4;NA;NA;103;NA;NA;NA;NA;NA;NA
"2016-2017";NA;NA;40;82;NA;NA;NA;NA;NA;NA;NA;NA;NA;NA;72;NA;24;57;183;NA;NA;26;155;49;NA;NA;14;NA;NA;NA;209;7;68;NA;57;NA;NA;18;111;NA;33;2;NA;NA;NA;NA;NA;NA;NA;219;17;29;NA;NA;7;NA;62;2;36;NA;NA;NA;NA;NA;NA;NA;NA;NA;NA;NA;NA;NA;NA;NA;NA;NA;28;NA;21;NA;NA;NA;165;69;NA;5;NA;8;240;NA;NA;NA;NA;7;96;6;6;109;NA;NA;63;NA;75;5;96;NA;NA;71;NA;NA;NA;NA;6;NA;NA;96;NA;8;NA;NA;NA;NA
"2017-2018";NA;NA;176;229;NA;NA;NA;NA;NA;NA;NA;NA;NA;NA;226;NA;NA;119;454;NA;NA;NA;NA;198;NA;NA;69;NA;NA;NA;NA;NA;205;NA;235;NA;NA;121;NA;NA;NA;12;NA;NA;NA;NA;NA;NA;NA;486;96;134;NA;NA;25;NA;190;30;126;NA;NA;NA;NA;NA;NA;NA;NA;NA;NA;NA;NA;NA;NA;NA;NA;NA;209;NA;116;NA;NA;NA;316;249;NA;39;NA;34;545;NA;NA;NA;NA;49;NA;52;107;403;NA;NA;202;NA;260;52;252;NA;NA;202;NA;NA;NA;NA;31;NA;NA;196;NA;NA;NA;NA;NA;NA
"2018-2019";NA;NA;NA;163;NA;NA;NA;NA;NA;NA;NA;NA;NA;NA;NA;NA;NA;NA;407;NA;NA;NA;NA;114;NA;NA;38;NA;NA;NA;NA;NA;186;NA;170;NA;NA;115;NA;NA;NA;NA;NA;NA;NA;NA;NA;NA;NA;524;NA;75;NA;NA;21;NA;NA;NA;114;NA;NA;NA;NA;NA;NA;NA;NA;NA;NA;NA;NA;NA;NA;NA;NA;NA;122;NA;NA;NA;NA;NA;293;167;NA;NA;NA;3;574;NA;NA;NA;NA;58;NA;51;NA;307;NA;NA;162;NA;NA;NA;205;NA;NA;100;NA;NA;NA;NA;23;NA;NA;159;NA;55;NA;NA;NA;NA
"2019-2020";NA;NA;NA;148;NA;NA;NA;NA;NA;NA;NA;NA;NA;NA;NA;NA;NA;129;440;NA;NA;55;NA;154;NA;NA;51;NA;NA;NA;NA;NA;121;NA;265;NA;NA;147;NA;NA;NA;2;NA;NA;NA;NA;NA;NA;172;337;100;51;NA;NA;5;NA;NA;NA;177;NA;NA;NA;NA;NA;NA;NA;NA;NA;NA;NA;NA;NA;NA;NA;NA;NA;138;NA;NA;NA;NA;NA;211;274;NA;NA;NA;2;389;NA;NA;289;NA;NA;NA;22;NA;NA;NA;NA;122;NA;229;26;220;NA;349;NA;NA;NA;NA;NA;5;NA;NA;NA;212;NA;NA;NA;NA;NA
