"Date";"Alliz_Maso_Strimo_Osservatore";"Andalo";"Anterivo_Osservatore";"Anterselva_di_Mezzo_Osservatore";"Ballino_Fiave";"Belvedere_sas_bece_";"Bolzano";"Bondone_viote";"Braies_Ferrara_Osservatore";"Bronzolo_Osservatore";"Buffaure";"Campiglio_pradalago";"Canazei_ciampac";"Caoria";"Casere_di_Fuori_Osservatore";"Col_verde";"Corona_Cortaccia_Osservatore";"Costalovara_Osservatore";"Diga_di_Gioveretto_Osservatore";"Diga_di_Neves_Osservatore";"Diga_di_Quaira_Osservatore";"Diga_di_Valdaora_Osservatore";"Diga_di_Vizze_Osservatore";"Diga_di_Zoccolo_Osservatore";"Dossioli_pra_alpesina";"Favogna_di_sotto_Osservatore";"Fie_allo_Sciliar_Osservatore";"Fleres_Osservatore";"Folgaria_passo_sommo";"Folgarida_malghet_aut";"Fontana_Bianca";"Fortezza_Osservatore";"Fundres_Osservatore";"Groste_";"La_Villa_in_Badia_Osservatore";"Lago_di_calaita";"Lago_Verde_Osservatore";"Lazfons_Osservatore";"Longiaru_Osservatore";"Lusia";"Luson_Osservatore";"Maia_Alta_Osservatore";"Malga_baessa";"Malga_bissina";"Malga_val_cigolera";"Malga_zugna";"Marmolada";"Masi_lozen";"Mazia_Osservatore";"Melago_Osservatore";"Meltina_Osservatore";"Molini_di_Tures_Osservatore";"Monte_bondone_vason_palon";"Monte_Maria_Osservatore";"Mori";"Nova_Levante_Osservatore";"Nova_Ponente_Maso_di_sopra_Osservatore";"Ora_Osservatore";"Ortisei_Osservatore";"Paganella";"Pampeago";"Pampeago_monsorno";"Pampeago_tresca";"Panarotta";"Paneveggio";"Passo_brocon_malga_marande";"Passo_durone";"Passo_fedaia";"Passo_rolle";"Passo_san_pellegrino";"Passo_san_valentino";"Passo_tonale_scuola_pat";"Passo_valles";"Pejo_tarlenta";"Pennes_Osservatore";"Pinzolo_grual";"Plata_Osservatore";"Pozza_di_fassa";"Prato_allo_Stelvio_Osservatore";"Predazzo_gardone";"Presena";"Rabbi";"Racines_di_Dentro_Osservatore";"Redagno_Osservatore";"Ridanna_Osservatore";"Rifiano_Beobachter";"Rifugio_trivena";"Riva_del_Garda";"Roia_di_Fuori_Osservatore";"Rovereto";"Rumo";"S_Cassiano_Osservatore";"S_Genesio_Atesino_Osservatore";"S_Leonardo_in_Passiria_Osservatore";"S_Maddalena_in_Casies_Osservatore";"S_Martino_in_Passiria_Osservatore";"S_Pancrazio_Osservatore";"S_Valentino_alla_Muta_Osservatore";"S_Valpurga_d_Ultimo_Osservatore";"S_Vito_di_Braies_Osservatore";"San_Candido_Osservatore";"San_martino_di_castrozza";"San_Martino_Osservatore";"Scena_Osservatore";"Sesto_Osservatore";"Silandro_Convento_Osservatore";"Slingia_Osservatore";"Terento_Osservatore";"Terme_di_Brennero_Osservatore";"Tremalzo";"Trento_citta_";"Trento_Gardolo";"Trento_Sud";"Val_noana_diga";"Vallarsa_pian_fugazze";"Valles_osservatore";"Valluzza_Osservatore";"Vanga_Osservatore";"Vermiglio";"Vigo_di_fassa_ciampedie";"Villa_welsperg";"Vipiteno_osservatore"
"1980-1981";NA;95;NA;NA;NA;NA;NA;NA;NA;8;NA;NA;NA;99;NA;NA;NA;NA;285;245;277;108;195;121;NA;NA;NA;NA;92;NA;333;NA;189;NA;NA;NA;478;123;NA;NA;122;NA;NA;NA;NA;NA;NA;148;NA;NA;113;141;NA;92;NA;NA;NA;NA;60;NA;152;NA;NA;NA;180;NA;NA;NA;NA;NA;98;NA;312;NA;NA;NA;201;91;NA;NA;NA;72;NA;NA;343;NA;NA;3;NA;4;NA;NA;NA;NA;199;31;91;NA;NA;205;NA;160;NA;NA;165;NA;NA;NA;249;154;NA;11;13;NA;97;NA;NA;NA;NA;NA;NA;100
"1981-1982";NA;235;NA;NA;NA;NA;NA;260;NA;NA;NA;NA;NA;260;NA;NA;NA;NA;363;640;311;161;289;190;NA;NA;NA;NA;235;NA;478;NA;274;NA;NA;NA;463;171;NA;NA;116;NA;NA;NA;NA;NA;NA;249;NA;NA;156;159;NA;189;NA;NA;NA;NA;157;NA;185;NA;NA;NA;297;NA;NA;NA;NA;NA;269;NA;423;209;NA;NA;196;157;NA;NA;NA;196;NA;NA;409;NA;NA;79;175;72;NA;NA;NA;NA;183;80;126;NA;NA;170;NA;145;NA;NA;206;NA;NA;NA;487;329;NA;133;133;NA;NA;NA;NA;NA;NA;NA;NA;166
"1982-1983";NA;145;NA;NA;NA;NA;NA;NA;NA;NA;NA;NA;NA;NA;138;NA;NA;NA;292;625;407;84;225;120;NA;104;NA;NA;184;NA;459;58;139;NA;NA;NA;530;124;NA;NA;84;NA;NA;NA;NA;NA;NA;145;NA;NA;79;NA;NA;192;0;NA;NA;NA;123;NA;NA;NA;NA;NA;199;216;NA;NA;NA;NA;153;NA;383;NA;NA;NA;100;102;NA;NA;NA;76;177;133;276;NA;NA;6;NA;6;NA;NA;NA;NA;188;21;34;191;NA;172;NA;219;NA;NA;185;NA;NA;NA;277;254;NA;20;23;NA;NA;203;NA;NA;NA;NA;NA;36
"1983-1984";NA;219;240;NA;NA;NA;NA;144;NA;54;NA;NA;477;206;215;NA;NA;NA;470;590;428;216;251;312;NA;177;NA;NA;317;NA;620;34;177;NA;NA;NA;NA;NA;321;NA;155;NA;NA;574;NA;NA;NA;326;NA;NA;149;NA;NA;231;49;NA;NA;NA;204;NA;234;NA;NA;NA;319;284;NA;NA;NA;NA;274;NA;524;312;371;397;184;199;NA;NA;NA;266;303;NA;364;NA;NA;24;279;27;NA;NA;NA;NA;237;37;112;290;NA;424;NA;522;NA;NA;299;NA;NA;NA;449;397;NA;54;40;NA;360;191;NA;76;NA;NA;NA;127
"1984-1985";NA;328;265;132;NA;NA;NA;411;NA;82;NA;NA;NA;NA;169;NA;NA;NA;429;375;394;138;106;213;NA;223;NA;175;453;NA;593;16;64;NA;NA;NA;436;83;352;NA;95;NA;193;735;NA;NA;NA;337;NA;NA;63;NA;NA;73;172;229;NA;NA;141;NA;294;NA;NA;NA;331;353;NA;NA;NA;NA;435;NA;584;400;234;NA;118;191;NA;NA;NA;261;196;196;216;NA;NA;124;224;138;NA;NA;93;36;131;53;147;146;NA;303;NA;395;NA;NA;245;NA;NA;NA;274;485;NA;198;182;279;192;105;NA;66;NA;NA;NA;70
"1985-1986";NA;294;254;286;NA;NA;NA;266;NA;NA;NA;NA;NA;524;347;NA;NA;NA;576;773;655;218;305;351;NA;215;NA;NA;437;NA;764;61;357;NA;NA;NA;789;288;459;NA;192;33;99;770;NA;NA;NA;263;NA;NA;NA;NA;NA;260;90;313;NA;NA;231;NA;297;NA;NA;NA;360;222;NA;NA;NA;NA;338;687;785;NA;388;NA;241;235;NA;NA;NA;313;529;304;435;NA;NA;28;470;80;NA;NA;193;147;325;74;NA;321;NA;398;NA;397;NA;83;366;NA;NA;NA;485;635;NA;129;100;237;166;440;NA;129;NA;NA;NA;143
"1986-1987";NA;173;144;178;NA;NA;NA;254;NA;25;NA;NA;369;NA;213;NA;NA;NA;406;589;422;99;198;215;NA;150;NA;NA;314;NA;546;43;180;NA;NA;NA;505;118;232;NA;80;18;NA;642;NA;NA;NA;231;NA;NA;NA;NA;NA;107;40;209;NA;NA;121;NA;286;NA;NA;343;310;269;NA;NA;NA;NA;257;508;546;387;277;394;142;185;NA;151;NA;263;238;176;236;NA;NA;26;386;26;NA;NA;80;61;204;43;NA;189;NA;235;NA;318;NA;43;236;NA;NA;NA;363;475;NA;43;39;184;222;141;NA;70;NA;NA;NA;64
"1987-1988";NA;91;114;124;NA;NA;NA;148;NA;24;NA;NA;NA;39;196;NA;NA;NA;327;489;304;72;184;135;NA;112;NA;NA;NA;NA;444;26;148;NA;212;NA;446;99;239;NA;53;NA;84;505;NA;NA;NA;84;NA;NA;NA;NA;NA;125;45;143;NA;NA;90;NA;128;NA;NA;NA;138;130;NA;NA;NA;NA;195;379;354;NA;242;262;99;65;NA;30;NA;140;214;123;252;NA;NA;23;375;39;NA;NA;56;25;118;12;27;194;NA;236;NA;185;NA;13;201;9;NA;NA;271;NA;NA;36;30;64;110;168;NA;41;NA;NA;NA;78
"1988-1989";NA;NA;71;85;NA;NA;NA;118;NA;5;NA;NA;NA;NA;128;NA;NA;NA;161;445;423;38;166;121;NA;60;NA;NA;NA;NA;498;17;115;NA;143;NA;584;65;130;NA;57;NA;NA;NA;NA;NA;NA;NA;NA;NA;NA;NA;NA;55;NA;89;NA;NA;100;NA;NA;NA;NA;NA;115;NA;NA;NA;NA;NA;NA;NA;193;NA;206;NA;133;78;NA;43;NA;NA;146;119;250;NA;NA;0;298;0;NA;NA;56;32;104;33;53;152;NA;103;NA;NA;NA;10;94;3;NA;NA;152;NA;NA;3;1;NA;NA;121;NA;31;NA;NA;NA;32
"1989-1990";NA;30;68;148;NA;NA;NA;NA;NA;4;NA;NA;182;NA;247;NA;NA;32;306;325;422;37;62;80;NA;32;0;NA;NA;NA;361;14;67;NA;92;NA;506;32;119;NA;40;7;NA;NA;NA;NA;NA;NA;NA;402;NA;NA;NA;131;NA;NA;NA;NA;23;NA;96;NA;NA;NA;118;NA;NA;NA;NA;NA;110;256;340;NA;143;NA;61;82;NA;39;NA;97;188;126;68;NA;NA;0;438;0;NA;NA;30;39;151;19;50;334;NA;92;NA;87;90;24;87;64;NA;NA;19;NA;NA;3;1;NA;148;111;NA;11;NA;NA;NA;175
"1990-1991";NA;166;NA;NA;NA;NA;53;183;NA;NA;NA;NA;250;128;NA;NA;NA;NA;408;NA;NA;NA;173;227;NA;NA;NA;NA;181;NA;518;NA;134;NA;NA;NA;NA;NA;NA;NA;81;NA;172;499;NA;NA;NA;115;NA;214;NA;NA;NA;144;NA;NA;NA;NA;155;NA;215;NA;NA;422;160;117;NA;NA;NA;NA;179;407;480;333;NA;208;123;97;NA;NA;NA;164;NA;NA;266;NA;NA;36;236;30;NA;NA;NA;NA;150;36;NA;136;NA;NA;NA;227;NA;33;205;37;NA;NA;NA;248;NA;76;74;118;158;NA;NA;59;NA;NA;NA;61
"1991-1992";NA;NA;119;NA;NA;NA;NA;186;NA;NA;NA;NA;330;68;NA;NA;NA;NA;378;NA;NA;NA;298;186;NA;NA;NA;NA;NA;NA;430;NA;248;NA;NA;NA;NA;NA;NA;NA;84;34;77;464;NA;NA;NA;81;NA;444;NA;NA;NA;190;NA;NA;147;NA;106;NA;265;NA;NA;225;270;173;NA;NA;NA;NA;84;417;408;261;NA;200;163;159;NA;42;NA;160;NA;NA;246;NA;NA;5;564;0;NA;NA;NA;NA;261;50;NA;321;NA;NA;NA;297;NA;43;242;52;NA;NA;NA;NA;NA;13;4;NA;NA;NA;NA;54;NA;227;NA;135
"1992-1993";NA;NA;104;NA;NA;NA;NA;127;NA;NA;NA;NA;92;55;NA;NA;NA;NA;302;NA;NA;54;198;85;NA;NA;NA;NA;66;NA;324;NA;87;NA;148;NA;NA;NA;NA;NA;38;3;NA;306;NA;NA;NA;NA;NA;316;NA;NA;NA;97;NA;NA;132;NA;52;NA;133;NA;NA;158;NA;NA;NA;NA;NA;124;NA;337;223;173;NA;117;47;25;NA;NA;NA;218;NA;NA;156;NA;NA;0;372;5;NA;NA;NA;NA;119;3;NA;208;NA;NA;NA;157;NA;8;114;3;NA;NA;230;NA;NA;13;4;42;NA;NA;NA;20;NA;NA;NA;44
"1993-1994";NA;121;114;NA;NA;NA;NA;167;NA;NA;NA;NA;NA;NA;NA;NA;NA;NA;365;463;NA;96;235;135;NA;NA;NA;NA;140;NA;384;62;164;NA;214;NA;NA;NA;NA;NA;117;25;NA;403;NA;NA;NA;NA;NA;328;NA;NA;NA;112;NA;NA;199;NA;87;NA;NA;NA;NA;242;226;176;NA;NA;NA;247;NA;409;368;422;NA;250;109;NA;NA;50;406;123;NA;NA;233;NA;NA;23;401;41;NA;NA;NA;NA;151;47;NA;213;NA;NA;NA;285;121;36;140;35;NA;NA;203;NA;NA;74;84;95;NA;NA;NA;50;NA;NA;NA;NA
"1994-1995";NA;NA;127;NA;NA;NA;NA;149;141;NA;NA;NA;190;70;NA;NA;NA;NA;238;392;NA;105;195;158;NA;NA;NA;NA;129;NA;261;37;140;NA;207;NA;NA;NA;209;NA;110;19;NA;281;NA;NA;NA;NA;NA;412;NA;NA;NA;146;NA;NA;150;NA;121;NA;NA;NA;NA;135;NA;152;NA;NA;NA;NA;NA;262;280;NA;NA;NA;103;NA;NA;NA;522;113;209;NA;220;NA;NA;2;430;26;NA;NA;NA;NA;133;48;NA;245;NA;NA;NA;151;134;46;140;50;NA;126;205;NA;NA;40;35;101;NA;NA;NA;66;NA;164;NA;NA
"1995-1996";NA;162;105;70;NA;NA;NA;280;119;NA;NA;NA;116;113;NA;NA;NA;NA;210;263;NA;41;127;112;NA;NA;NA;NA;247;NA;340;25;107;NA;143;NA;376;83;147;NA;57;14;117;NA;NA;NA;NA;166;NA;156;NA;NA;NA;82;NA;NA;158;NA;56;NA;118;NA;NA;NA;155;NA;NA;NA;NA;277;NA;347;275;NA;NA;NA;95;92;NA;104;NA;NA;137;NA;182;NA;NA;15;179;24;71;NA;NA;NA;102;27;NA;109;NA;NA;NA;200;114;26;130;20;NA;90;143;NA;NA;35;24;165;NA;NA;NA;42;NA;NA;NA;NA
"1996-1997";164;NA;98;102;NA;NA;NA;149;115;NA;NA;NA;NA;NA;NA;NA;NA;NA;296;391;NA;44;184;89;NA;NA;NA;NA;NA;NA;332;23;92;NA;182;NA;170;85;191;NA;51;32;NA;219;NA;NA;NA;NA;NA;340;NA;NA;NA;130;NA;NA;119;NA;82;NA;110;NA;NA;188;NA;NA;NA;NA;113;170;NA;220;242;NA;NA;NA;67;NA;NA;NA;331;NA;118;NA;214;NA;NA;32;364;24;NA;NA;NA;NA;141;43;NA;152;NA;NA;NA;125;176;35;121;19;NA;65;216;NA;NA;49;45;NA;NA;NA;NA;60;NA;NA;NA;NA
"1997-1998";232;NA;104;76;51;NA;NA;197;121;NA;NA;NA;188;NA;NA;NA;NA;NA;367;369;NA;62;152;139;NA;NA;NA;NA;NA;NA;489;11;97;NA;170;NA;542;99;172;NA;96;3;NA;628;NA;NA;NA;NA;NA;296;NA;NA;NA;119;17;NA;172;NA;90;NA;70;NA;NA;335;200;65;NA;NA;269;176;NA;452;637;NA;NA;NA;82;49;NA;116;487;NA;114;NA;201;NA;NA;3;293;12;NA;NA;NA;NA;136;10;NA;178;NA;NA;NA;325;143;15;123;NA;NA;113;187;NA;NA;20;20;NA;NA;NA;NA;26;NA;NA;NA;NA
"1998-1999";168;NA;NA;160;104;NA;22;241;128;NA;NA;NA;NA;NA;NA;NA;NA;NA;329;491;NA;91;255;163;NA;NA;NA;NA;171;NA;363;32;179;NA;207;NA;533;94;NA;NA;96;13;167;NA;NA;NA;NA;NA;NA;433;NA;NA;NA;176;28;NA;146;NA;104;NA;NA;NA;NA;178;231;NA;NA;NA;NA;NA;NA;382;489;NA;NA;NA;156;NA;NA;NA;576;157;184;165;305;NA;NA;14;574;15;NA;NA;NA;NA;203;41;NA;269;NA;NA;NA;240;165;35;181;NA;NA;NA;322;NA;NA;30;27;139;NA;NA;NA;43;NA;NA;NA;NA
"1999-2000";179;101;31;164;48;NA;NA;250;NA;NA;NA;NA;163;NA;NA;NA;NA;NA;283;NA;NA;86;241;114;NA;NA;45;NA;131;NA;340;42;178;NA;231;NA;NA;113;NA;NA;84;20;99;403;NA;NA;NA;66;NA;403;NA;NA;NA;144;27;NA;144;NA;105;NA;183;NA;NA;148;174;NA;NA;NA;207;NA;NA;341;281;NA;NA;NA;129;77;NA;147;688;160;256;199;357;NA;NA;14;377;19;NA;NA;NA;NA;219;36;NA;218;NA;NA;NA;182;177;42;163;NA;NA;NA;369;NA;NA;31;40;63;NA;NA;NA;NA;NA;NA;47;27
"2000-2001";308;109;NA;188;76;NA;37;NA;NA;NA;NA;NA;394;NA;NA;NA;NA;NA;613;NA;NA;79;290;207;NA;NA;38;NA;NA;NA;793;32;171;NA;319;NA;NA;120;NA;NA;98;19;117;821;NA;NA;NA;NA;NA;422;NA;NA;NA;141;38;NA;353;NA;103;NA;320;NA;NA;338;294;322;NA;NA;613;345;NA;832;563;391;NA;NA;192;NA;NA;NA;498;163;NA;364;525;NA;NA;17;476;30;97;NA;NA;NA;268;39;NA;270;NA;NA;NA;306;249;38;223;NA;NA;NA;461;NA;NA;52;55;100;NA;NA;NA;NA;NA;NA;119;98
"2001-2002";169;NA;NA;72;NA;NA;NA;NA;NA;NA;NA;NA;NA;NA;NA;NA;14;NA;288;314;NA;24;142;46;NA;NA;3;NA;NA;NA;299;1;44;NA;159;NA;415;28;NA;NA;17;0;NA;297;NA;NA;NA;NA;NA;260;NA;NA;NA;61;0;NA;156;NA;30;NA;NA;NA;NA;NA;201;NA;NA;NA;NA;NA;NA;NA;NA;NA;NA;NA;15;NA;NA;NA;102;NA;NA;170;154;NA;NA;0;207;0;NA;NA;NA;NA;120;3;NA;93;NA;NA;NA;132;78;0;119;NA;NA;NA;211;NA;NA;0;0;NA;NA;NA;NA;NA;NA;NA;NA;NA
"2002-2003";121;46;33;58;19;NA;NA;NA;66;17;NA;NA;143;NA;NA;NA;30;29;246;NA;NA;39;85;37;NA;40;10;81;NA;NA;201;6;49;NA;135;NA;NA;35;69;NA;40;15;NA;134;NA;NA;NA;116;NA;199;21;17;NA;41;3;NA;67;NA;38;NA;109;NA;NA;NA;146;147;NA;NA;213;109;NA;262;252;NA;NA;NA;51;NA;NA;87;512;53;82;97;125;14;NA;2;214;0;NA;NA;NA;17;72;17;23;63;NA;NA;NA;186;53;16;87;NA;NA;43;146;NA;NA;13;11;114;NA;NA;NA;NA;NA;NA;NA;NA
"2003-2004";217;199;242;131;152;NA;9;428;156;20;NA;NA;NA;NA;249;NA;141;160;463;NA;NA;67;259;289;NA;189;51;287;NA;NA;605;25;194;NA;321;336;NA;143;313;NA;96;14;NA;728;459;NA;NA;234;NA;344;93;68;NA;142;26;NA;325;NA;123;NA;331;NA;NA;NA;432;477;NA;NA;360;514;NA;794;636;NA;NA;NA;166;NA;49;284;464;293;309;313;352;29;NA;0;328;9;NA;NA;126;NA;170;30;104;184;220;NA;NA;402;191;44;278;NA;NA;151;378;NA;NA;45;41;227;NA;NA;NA;NA;NA;NA;NA;NA
"2004-2005";147;75;124;70;67;NA;29;102;89;30;NA;NA;105;NA;111;NA;55;87;233;NA;NA;26;131;74;NA;73;35;219;NA;NA;247;1;83;NA;152;167;NA;81;131;NA;35;17;NA;377;152;NA;NA;NA;NA;256;40;53;NA;71;34;NA;104;NA;68;NA;135;NA;165;NA;146;218;NA;NA;260;NA;NA;465;329;NA;165;NA;82;93;43;74;345;130;180;160;201;14;NA;25;216;25;NA;NA;53;NA;83;24;36;105;90;NA;NA;147;102;21;118;NA;NA;49;213;NA;NA;33;33;79;NA;NA;NA;NA;NA;NA;NA;NA
"2005-2006";159;138;173;180;200;NA;NA;NA;173;55;174;NA;276;174;178;NA;127;140;328;NA;NA;106;232;186;346;176;66;276;NA;NA;396;52;179;NA;236;350;NA;131;233;267;117;74;NA;510;318;NA;NA;NA;NA;341;100;116;NA;160;135;NA;162;NA;122;NA;323;235;383;NA;273;303;NA;NA;292;245;NA;616;441;188;276;NA;189;201;44;238;669;190;257;212;306;82;NA;84;354;105;119;NA;NA;109;206;106;122;237;184;NA;NA;317;194;93;223;NA;NA;121;432;NA;NA;142;161;225;NA;NA;NA;NA;NA;NA;189;NA
"2006-2007";98;NA;64;124;NA;NA;NA;NA;159;0;231;NA;327;NA;141;NA;39;75;218;NA;NA;102;151;64;NA;47;18;141;NA;NA;277;2;96;NA;157;245;NA;64;193;328;50;0;NA;236;325;NA;NA;NA;NA;171;27;36;154;67;1;NA;118;0;66;NA;220;240;301;NA;208;251;NA;NA;269;NA;NA;354;227;NA;129;NA;42;87;28;110;379;121;139;140;173;1;NA;0;206;0;NA;NA;42;4;147;3;15;89;55;174;NA;245;105;7;181;NA;NA;81;185;NA;NA;0;0;90;NA;102;NA;NA;NA;NA;67;NA
"2007-2008";192;NA;111;157;NA;NA;NA;NA;173;4;190;NA;241;NA;134;NA;66;138;300;NA;NA;89;245;114;NA;97;27;NA;NA;NA;387;16;180;NA;189;242;NA;107;240;274;86;3;NA;457;NA;NA;NA;NA;NA;385;47;99;NA;126;12;NA;178;6;104;NA;186;204;244;NA;250;312;NA;NA;441;268;NA;517;326;NA;NA;NA;126;146;17;161;650;140;243;184;306;4;NA;2;428;7;NA;NA;NA;2;187;15;12;267;NA;150;NA;NA;202;8;157;NA;NA;146;NA;NA;NA;15;13;NA;NA;218;NA;NA;NA;NA;80;NA
"2008-2009";259;NA;318;148;240;NA;85;NA;300;97;308;NA;476;176;294;NA;263;260;645;NA;NA;107;313;452;NA;270;113;NA;NA;NA;710;55;276;NA;376;498;NA;227;453;NA;119;95;NA;1078;643;NA;NA;NA;NA;373;198;114;305;230;81;NA;386;106;200;398;472;361;452;NA;465;494;NA;NA;862;469;NA;995;826;NA;NA;NA;370;290;216;389;873;440;402;447;465;122;NA;22;405;67;NA;NA;NA;NA;215;117;250;319;NA;NA;NA;NA;353;135;368;95;NA;155;NA;NA;NA;131;111;249;NA;300;NA;NA;NA;NA;145;NA
"2009-2010";180;180;114;85;100;NA;NA;NA;143;34;211;NA;266;NA;151;NA;104;118;514;NA;NA;76;151;164;NA;120;49;NA;NA;358;480;33;137;NA;247;226;NA;85;262;296;88;23;NA;588;352;NA;NA;NA;NA;272;65;83;273;131;28;NA;235;29;85;233;262;202;381;NA;262;402;NA;NA;554;282;NA;787;408;311;NA;NA;110;92;64;156;858;173;189;259;238;29;NA;34;297;24;NA;NA;30;NA;99;41;82;274;NA;NA;107;NA;148;37;130;44;NA;82;NA;NA;NA;41;33;155;NA;NA;NA;NA;NA;NA;140;NA
"2010-2011";190;141;147;121;103;NA;NA;NA;113;29;112;NA;272;NA;192;NA;94;152;419;403;NA;45;179;109;NA;162;42;NA;NA;265;517;42;135;400;220;198;NA;131;217;250;62;26;NA;723;298;NA;NA;NA;NA;195;73;89;235;71;61;NA;181;43;90;NA;126;187;272;234;178;251;NA;NA;368;245;NA;752;387;228;58;NA;84;79;28;95;1057;79;219;253;247;39;NA;13;196;33;NA;NA;68;NA;119;45;38;156;NA;NA;108;NA;198;41;162;24;NA;117;NA;NA;NA;60;60;109;NA;NA;NA;NA;NA;NA;94;NA
"2011-2012";202;88;83;150;28;NA;NA;NA;123;4;99;NA;NA;NA;184;NA;39;108;302;273;NA;53;206;90;NA;69;39;236;NA;145;265;30;148;NA;155;140;NA;97;200;160;78;3;NA;401;NA;NA;NA;NA;NA;366;44;119;NA;NA;0;175;129;2;68;NA;186;NA;248;NA;93;115;NA;NA;301;NA;NA;455;203;193;255;NA;90;65;38;NA;753;79;222;151;296;8;NA;8;478;2;NA;NA;37;26;168;26;35;257;104;127;95;NA;143;17;105;40;NA;104;327;NA;NA;4;2;38;NA;103;NA;4;NA;NA;31;0
"2012-2013";221;NA;245;179;239;NA;26;324;NA;38;304;NA;NA;NA;206;NA;185;155;400;NA;NA;NA;200;215;NA;236;119;NA;NA;389;504;51;211;392;387;255;NA;154;415;411;132;23;NA;722;NA;NA;NA;NA;NA;303;97;116;347;NA;62;NA;352;46;174;NA;324;288;410;NA;294;420;NA;NA;461;470;NA;729;675;299;242;NA;146;209;43;319;1023;198;258;342;325;36;NA;30;319;45;NA;NA;114;75;218;62;129;212;NA;258;236;NA;194;55;301;39;NA;177;346;NA;NA;84;71;275;NA;89;NA;NA;NA;NA;258;NA
"2013-2014";351;339;283;168;96;NA;NA;313;NA;30;647;NA;685;NA;395;NA;513;287;780;NA;NA;57;374;400;NA;260;98;NA;NA;825;998;2;188;887;419;NA;NA;239;560;594;136;29;NA;1024;NA;NA;NA;NA;NA;276;188;105;NA;NA;6;NA;430;36;210;NA;437;357;660;NA;375;667;NA;NA;855;595;NA;1158;1178;703;494;NA;263;272;139;NA;1110;477;407;484;NA;49;NA;1;379;6;NA;NA;206;72;184;77;147;312;NA;446;328;NA;360;75;486;50;NA;184;NA;NA;NA;33;11;274;NA;NA;NA;NA;NA;NA;177;NA
"2014-2015";105;NA;89;80;NA;NA;NA;NA;NA;4;NA;NA;NA;NA;91;NA;48;44;240;NA;NA;20;169;102;NA;67;12;NA;NA;317;325;6;42;NA;97;NA;NA;55;108;249;17;3;NA;412;NA;NA;NA;NA;NA;273;26;41;NA;NA;26;NA;85;5;44;NA;NA;159;195;NA;124;229;NA;NA;300;268;NA;545;379;NA;196;NA;69;46;30;118;652;89;169;126;NA;8;NA;8;292;12;NA;NA;34;11;120;10;18;154;NA;NA;52;NA;133;8;109;31;NA;78;NA;NA;NA;20;11;106;NA;106;NA;NA;NA;NA;84;NA
"2015-2016";107;NA;122;112;62;306;NA;NA;NA;17;172;NA;269;NA;139;NA;65;112;247;363;NA;62;134;122;NA;NA;42;NA;NA;NA;290;12;117;NA;181;NA;393;69;224;283;86;15;NA;392;NA;NA;NA;NA;NA;238;69;43;NA;NA;4;87;130;8;73;NA;168;152;199;NA;NA;347;NA;NA;411;NA;NA;466;398;220;196;NA;91;121;28;168;511;140;185;151;NA;10;NA;0;324;1;NA;NA;94;3;149;20;56;167;NA;NA;140;NA;118;30;193;14;NA;92;NA;NA;NA;0;4;NA;NA;103;NA;0;NA;NA;NA;NA
"2016-2017";NA;51;40;82;NA;129;NA;NA;NA;3;69;NA;119;NA;72;NA;24;57;183;270;NA;26;155;49;NA;24;14;NA;NA;NA;209;7;68;134;57;NA;205;18;111;97;33;2;NA;170;NA;NA;NA;NA;NA;219;17;29;NA;NA;7;50;62;2;36;NA;72;38;80;NA;67;NA;NA;NA;181;123;NA;204;NA;147;133;NA;28;43;21;67;382;83;165;69;NA;5;NA;8;240;7;NA;NA;20;7;96;6;6;109;NA;NA;63;NA;75;5;96;NA;NA;71;NA;NA;NA;5;6;NA;NA;96;NA;8;NA;NA;29;NA
"2017-2018";NA;136;176;229;79;387;24;152;NA;NA;196;NA;281;NA;226;NA;34;119;454;NA;NA;100;227;198;NA;NA;69;NA;NA;367;437;3;205;408;235;274;NA;121;NA;315;153;12;NA;513;NA;NA;NA;NA;NA;486;96;134;240;NA;25;NA;190;30;126;NA;216;146;228;NA;299;293;NA;NA;476;361;NA;686;532;380;NA;NA;209;120;116;201;700;181;316;249;NA;39;NA;34;545;23;NA;NA;NA;49;239;52;107;403;NA;NA;202;190;260;52;252;NA;NA;202;NA;NA;NA;35;31;167;NA;196;NA;7;NA;NA;87;NA
"2018-2019";NA;79;NA;163;64;472;NA;NA;NA;NA;NA;NA;309;NA;NA;NA;NA;107;407;NA;NA;NA;274;114;NA;NA;38;NA;NA;207;NA;23;186;448;170;NA;NA;115;140;186;71;26;NA;429;NA;NA;NA;NA;NA;524;16;75;133;NA;21;NA;NA;22;114;NA;208;NA;225;NA;161;232;NA;NA;353;209;NA;461;484;166;NA;NA;122;71;8;130;705;121;293;167;NA;4;NA;3;574;18;NA;NA;89;58;5;51;53;307;NA;NA;162;NA;159;40;205;NA;NA;100;NA;NA;NA;43;23;NA;NA;159;NA;55;NA;NA;44;NA
"2019-2020";NA;162;NA;148;25;NA;4;141;NA;NA;NA;NA;NA;NA;NA;NA;NA;129;440;247;NA;55;NA;154;NA;NA;51;NA;NA;NA;427;NA;121;NA;265;NA;NA;147;NA;NA;90;2;NA;588;NA;NA;NA;NA;172;337;100;51;NA;171;5;NA;NA;NA;177;NA;NA;NA;157;NA;213;272;NA;NA;399;NA;NA;771;257;NA;295;NA;138;146;NA;NA;538;264;211;274;NA;NA;NA;2;389;5;NA;289;NA;NA;NA;22;38;NA;NA;NA;122;NA;229;26;220;NA;349;125;NA;NA;NA;8;5;60;NA;NA;212;NA;NA;NA;NA;NA
