"Date";"Alliz_Maso_Strimo_Osservatore";"Andalo";"Anterivo_Osservatore";"Anterselva_di_Mezzo_Osservatore";"Ballino_Fiave";"Belvedere_sas_bece_";"Bolzano";"Bondone_viote";"Braies_Ferrara_Osservatore";"Bronzolo_Osservatore";"Buffaure";"Campiglio_pradalago";"Canazei_ciampac";"Caoria";"Casere_di_Fuori_Osservatore";"Col_verde";"Corona_Cortaccia_Osservatore";"Costalovara_Osservatore";"Diga_di_Gioveretto_Osservatore";"Diga_di_Neves_Osservatore";"Diga_di_Quaira_Osservatore";"Diga_di_Valdaora_Osservatore";"Diga_di_Vizze_Osservatore";"Diga_di_Zoccolo_Osservatore";"Dossioli_pra_alpesina";"Favogna_di_sotto_Osservatore";"Fie_allo_Sciliar_Osservatore";"Fleres_Osservatore";"Folgaria_passo_sommo";"Folgarida_malghet_aut";"Fontana_Bianca";"Fortezza_Osservatore";"Fundres_Osservatore";"Groste_";"La_Villa_in_Badia_Osservatore";"Lago_di_calaita";"Lago_Verde_Osservatore";"Lazfons_Osservatore";"Longiaru_Osservatore";"Lusia";"Luson_Osservatore";"Maia_Alta_Osservatore";"Malga_baessa";"Malga_bissina";"Malga_val_cigolera";"Malga_zugna";"Marmolada";"Masi_lozen";"Mazia_Osservatore";"Melago_Osservatore";"Meltina_Osservatore";"Molini_di_Tures_Osservatore";"Monte_bondone_vason_palon";"Monte_Maria_Osservatore";"Mori";"Nova_Levante_Osservatore";"Nova_Ponente_Maso_di_sopra_Osservatore";"Ora_Osservatore";"Ortisei_Osservatore";"Paganella";"Pampeago";"Pampeago_monsorno";"Pampeago_tresca";"Panarotta";"Paneveggio";"Passo_brocon_malga_marande";"Passo_durone";"Passo_fedaia";"Passo_rolle";"Passo_san_pellegrino";"Passo_san_valentino";"Passo_tonale_scuola_pat";"Passo_valles";"Pejo_tarlenta";"Pennes_Osservatore";"Pinzolo_grual";"Plata_Osservatore";"Pozza_di_fassa";"Prato_allo_Stelvio_Osservatore";"Predazzo_gardone";"Presena";"Rabbi";"Racines_di_Dentro_Osservatore";"Redagno_Osservatore";"Ridanna_Osservatore";"Rifiano_Beobachter";"Rifugio_trivena";"Riva_del_Garda";"Roia_di_Fuori_Osservatore";"Rovereto";"Rumo";"S_Cassiano_Osservatore";"S_Genesio_Atesino_Osservatore";"S_Leonardo_in_Passiria_Osservatore";"S_Maddalena_in_Casies_Osservatore";"S_Martino_in_Passiria_Osservatore";"S_Pancrazio_Osservatore";"S_Valentino_alla_Muta_Osservatore";"S_Valpurga_d_Ultimo_Osservatore";"S_Vito_di_Braies_Osservatore";"San_Candido_Osservatore";"San_martino_di_castrozza";"San_Martino_Osservatore";"Scena_Osservatore";"Sesto_Osservatore";"Silandro_Convento_Osservatore";"Slingia_Osservatore";"Terento_Osservatore";"Terme_di_Brennero_Osservatore";"Tremalzo";"Trento_citta_";"Trento_Gardolo";"Trento_Sud";"Val_noana_diga";"Vallarsa_pian_fugazze";"Valles_osservatore";"Valluzza_Osservatore";"Vanga_Osservatore";"Vermiglio";"Vigo_di_fassa_ciampedie";"Villa_welsperg";"Vipiteno_osservatore"
"1980-1981";247;95;152;178;35;NA;13;142;199;8;138;NA;211;99;210;NA;114;174;285;532;277;108;195;121;NA;151;61;NA;92;NA;333;33;189;NA;274;NA;478;123;272;225;122;14;NA;321;261;NA;NA;148;NA;286;113;141;NA;92;8;NA;251;16;150;NA;172;125;228;109;228;182;NA;NA;257;209;98;380;312;174;339;NA;201;91;45;100;NA;82;300;267;343;27;NA;3;270;4;NA;NA;105;36;199;31;91;146;NA;205;181;160;235;36;165;22;NA;159;249;154;NA;11;13;123;97;195;NA;55;NA;NA;106;100
"1981-1982";303;235;219;223;219;NA;93;269;240;105;207;NA;273;260;271;NA;158;203;363;640;311;161;289;190;NA;195;82;NA;235;NA;478;61;274;NA;343;NA;463;171;357;323;116;62;NA;546;317;NA;NA;249;NA;526;156;159;NA;189;121;NA;307;104;157;NA;185;178;299;187;297;336;NA;NA;377;309;269;481;423;314;268;NA;196;157;88;196;NA;196;365;329;409;58;NA;79;629;72;NA;NA;128;71;183;80;126;278;NA;170;210;272;288;59;206;55;NA;189;487;329;NA;133;133;200;NA;228;NA;86;NA;NA;155;166
"1982-1983";182;165;129;148;42;NA;22;243;164;18;166;NA;305;106;201;NA;91;144;292;625;407;84;225;120;NA;104;46;NA;246;NA;459;58;139;NA;227;NA;530;124;247;248;84;18;NA;510;264;NA;NA;180;NA;358;79;96;NA;192;0;NA;207;18;123;NA;263;147;301;223;295;256;NA;NA;383;244;153;578;383;213;269;NA;100;130;36;157;NA;118;239;133;276;24;NA;6;484;6;NA;NA;81;38;188;21;34;196;NA;172;153;219;196;30;185;29;NA;128;277;254;NA;20;23;147;NA;203;NA;40;NA;NA;100;36
"1983-1984";269;290;240;233;107;NA;34;240;254;54;288;NA;586;264;215;NA;189;229;470;590;428;216;251;312;NA;177;76;NA;443;NA;620;34;177;NA;355;NA;656;173;321;385;155;29;NA;753;NA;NA;NA;326;NA;443;149;118;NA;231;49;NA;354;43;204;NA;304;231;482;239;405;375;NA;NA;528;408;274;771;627;401;371;397;184;245;72;333;NA;356;303;312;364;43;NA;24;414;27;NA;NA;152;64;237;37;112;290;NA;424;233;522;272;56;299;57;NA;194;449;397;NA;54;40;267;360;191;NA;76;NA;NA;192;127
"1984-1985";192;344;265;132;373;NA;56;411;172;82;316;NA;353;243;169;NA;153;158;429;375;394;138;106;213;NA;223;73;175;453;NA;593;16;64;NA;259;NA;436;96;352;432;95;45;193;875;383;NA;NA;362;NA;320;110;72;NA;73;172;229;257;142;141;NA;325;274;430;416;360;392;NA;NA;535;442;482;655;618;432;234;NA;118;206;92;307;NA;283;196;196;216;49;NA;124;297;138;NA;NA;104;39;131;53;147;146;NA;303;154;434;167;49;245;61;NA;124;274;485;NA;198;182;300;192;105;NA;66;NA;NA;173;70
"1985-1986";309;294;254;286;229;NA;56;266;358;55;300;NA;470;524;347;NA;270;266;576;773;655;218;305;351;NA;215;102;NA;437;NA;764;61;357;NA;466;NA;789;288;459;416;192;33;99;844;410;NA;NA;263;NA;481;158;199;NA;260;90;313;368;80;231;NA;297;238;488;545;428;393;NA;NA;604;421;338;687;785;227;388;NA;241;235;131;275;NA;313;529;304;435;71;NA;28;470;80;NA;NA;193;147;325;74;175;321;NA;398;328;397;360;83;366;80;NA;269;485;635;NA;129;100;237;166;440;NA;129;NA;NA;197;143
"1986-1987";190;173;144;178;105;NA;27;254;191;25;225;NA;394;201;213;NA;151;141;406;589;422;99;198;215;NA;150;59;NA;333;NA;546;43;180;NA;265;NA;505;118;232;307;80;18;NA;708;302;NA;NA;231;NA;362;83;101;NA;107;40;209;209;38;121;NA;310;187;336;343;319;298;NA;NA;451;287;276;566;595;425;277;394;142;185;63;151;NA;263;238;176;236;32;NA;26;386;26;NA;NA;80;61;204;43;93;189;NA;235;185;318;183;43;236;45;NA;139;363;475;NA;43;39;203;222;141;NA;70;NA;NA;136;64
"1987-1988";180;93;114;124;106;NA;19;148;142;24;121;NA;198;39;196;NA;80;102;327;489;304;72;184;135;NA;112;33;NA;133;NA;444;26;148;NA;212;NA;446;99;239;165;53;13;84;618;155;NA;NA;88;NA;314;65;76;NA;125;45;143;149;28;90;NA;147;105;208;172;202;137;NA;NA;212;189;195;528;354;283;242;262;99;71;43;41;NA;145;214;127;252;22;NA;23;375;39;NA;NA;56;25;118;12;27;194;NA;236;134;185;157;13;201;13;NA;105;271;NA;NA;36;30;67;110;168;NA;41;NA;NA;63;78
"1988-1989";130;91;71;85;19;NA;9;154;102;5;119;NA;161;77;128;NA;120;86;161;445;423;38;166;121;NA;60;33;NA;123;NA;498;17;115;NA;143;NA;584;65;130;159;57;7;NA;428;146;NA;NA;103;NA;247;46;54;NA;55;2;89;127;9;100;NA;173;103;267;257;157;167;NA;NA;302;213;118;450;354;209;206;NA;133;94;34;81;NA;118;146;119;250;17;NA;0;298;0;NA;NA;56;32;104;33;53;152;NA;103;112;141;131;10;94;3;NA;80;152;NA;NA;3;1;88;NA;121;NA;31;NA;NA;66;32
"1989-1990";177;59;68;148;14;NA;9;92;80;4;73;NA;184;7;247;NA;56;32;306;325;422;37;62;80;NA;32;17;NA;76;NA;361;14;67;NA;92;NA;506;32;119;99;40;7;NA;333;85;NA;NA;85;NA;425;28;40;NA;131;2;NA;81;6;23;NA;152;70;206;183;141;101;NA;NA;147;131;110;326;340;130;143;NA;61;82;29;64;NA;97;188;126;68;13;NA;0;438;0;NA;NA;30;39;151;19;50;334;NA;92;82;109;90;24;87;64;NA;53;19;NA;NA;3;1;51;148;111;NA;11;NA;NA;32;175
"1990-1991";197;181;172;142;181;NA;54;218;163;49;129;NA;250;128;195;NA;133;146;408;517;459;88;173;227;NA;139;50;NA;181;NA;518;31;134;NA;247;NA;616;118;256;210;81;32;172;632;225;NA;NA;154;NA;214;83;78;NA;144;63;NA;231;48;155;NA;262;125;254;422;277;117;NA;NA;321;178;179;591;480;333;259;208;123;122;64;99;NA;186;258;243;266;38;NA;36;236;30;NA;NA;102;48;150;36;78;136;NA;214;166;227;211;33;205;37;NA;124;296;248;NA;76;74;136;158;180;NA;59;NA;NA;80;61
"1991-1992";238;147;119;181;17;NA;26;186;185;26;100;NA;330;121;251;NA;105;169;378;627;441;114;298;186;NA;137;74;NA;113;NA;430;36;248;NA;267;NA;551;151;293;155;84;34;77;464;133;NA;NA;127;NA;444;91;97;NA;190;6;NA;222;25;106;NA;265;87;322;225;270;173;NA;NA;456;69;84;558;408;325;331;239;163;159;55;71;NA;160;333;216;246;29;NA;5;564;0;NA;NA;101;42;261;50;74;321;NA;285;182;297;238;43;242;52;NA;157;422;NA;NA;13;4;117;103;252;NA;54;NA;227;56;135
"1992-1993";162;63;104;85;18;NA;7;127;100;6;65;NA;118;55;172;NA;44;70;302;350;294;54;198;85;NA;70;22;NA;66;NA;324;13;87;NA;148;NA;407;62;165;105;38;3;47;361;115;NA;NA;50;NA;316;46;41;NA;97;6;NA;132;5;52;NA;133;71;168;158;125;35;NA;NA;202;124;111;490;223;173;154;117;47;40;23;69;NA;218;137;145;156;11;NA;0;372;5;NA;NA;46;16;119;3;24;208;NA;144;92;157;104;8;114;3;NA;79;250;NA;NA;13;4;42;NA;106;NA;20;NA;NA;31;44
"1993-1994";190;132;114;155;108;NA;56;205;180;44;155;NA;262;105;179;NA;100;145;365;463;341;96;235;135;NA;112;51;NA;163;NA;384;62;164;NA;214;NA;533;114;282;224;117;25;NA;510;231;NA;NA;136;NA;328;83;105;NA;112;57;NA;199;51;87;NA;206;131;289;242;285;231;NA;NA;392;247;NA;561;459;422;262;250;109;131;70;83;406;166;248;200;233;45;NA;23;401;41;NA;NA;82;64;151;47;78;213;NA;210;150;285;199;36;140;35;NA;134;203;NA;NA;74;84;136;NA;180;NA;50;NA;NA;90;94
"1994-1995";168;133;127;143;63;NA;26;185;141;28;158;NA;190;93;164;NA;95;113;238;392;237;105;195;158;NA;109;48;NA;194;NA;261;37;140;NA;207;NA;333;114;209;222;110;19;NA;366;210;NA;NA;135;NA;412;74;87;NA;146;24;NA;150;29;121;NA;158;131;213;135;161;178;NA;NA;261;203;NA;350;318;229;224;NA;103;141;62;94;522;140;209;147;220;34;NA;2;430;26;NA;NA;82;54;133;48;78;245;NA;197;146;179;134;46;140;50;NA;126;205;NA;NA;40;35;112;NA;152;NA;66;NA;164;111;90
"1995-1996";113;169;105;70;71;NA;24;292;119;20;134;NA;215;113;115;NA;81;96;210;263;239;41;127;112;NA;96;38;NA;247;NA;340;25;107;NA;143;NA;376;83;147;220;57;14;117;406;207;NA;NA;182;NA;156;58;58;NA;82;28;NA;158;25;56;NA;141;125;238;250;164;221;NA;NA;272;277;343;457;275;202;182;NA;95;109;49;114;NA;145;137;149;182;23;NA;15;179;24;71;NA;62;37;102;27;57;109;NA;131;102;233;114;26;130;20;NA;90;143;NA;NA;35;24;165;NA;110;NA;42;NA;NA;78;62
"1996-1997";164;79;98;102;91;NA;20;156;115;30;85;NA;182;27;177;NA;76;89;296;391;288;44;184;89;NA;89;37;NA;117;NA;332;23;92;NA;182;NA;446;85;191;127;51;32;NA;391;58;NA;NA;76;NA;340;63;61;NA;130;42;NA;119;36;82;NA;121;79;132;188;135;92;NA;NA;172;170;157;569;242;169;190;NA;67;44;63;105;331;100;118;141;214;30;NA;32;364;24;NA;NA;61;46;141;43;65;152;NA;151;100;142;176;35;121;44;NA;65;216;NA;NA;49;45;76;152;117;NA;60;NA;NA;52;73
"1997-1998";232;111;104;76;53;NA;47;205;121;13;82;NA;188;61;172;NA;60;127;367;369;467;62;152;139;NA;83;38;NA;105;NA;489;11;97;NA;170;NA;542;99;172;136;96;3;48;630;185;NA;NA;122;NA;296;59;43;NA;119;17;NA;172;10;90;NA;160;75;299;335;218;65;NA;NA;356;176;132;541;637;173;235;NA;82;108;25;116;487;171;114;178;201;15;NA;3;293;12;NA;NA;62;18;136;10;32;178;NA;163;120;325;143;15;123;20;NA;113;187;NA;NA;20;20;80;NA;138;NA;26;NA;NA;48;46
"1998-1999";168;128;123;160;104;NA;22;241;128;23;197;NA;275;103;214;NA;95;119;329;491;355;91;255;163;NA;113;58;NA;178;NA;363;32;179;NA;207;NA;533;94;255;267;96;13;167;457;204;NA;NA;135;NA;433;77;84;NA;176;28;NA;146;31;104;NA;260;167;284;178;231;299;NA;NA;303;282;217;474;489;282;278;NA;156;132;59;210;576;157;184;178;305;30;NA;14;574;15;NA;NA;79;43;203;41;77;269;NA;235;166;240;165;35;181;37;NA;127;322;NA;NA;30;27;144;211;180;NA;44;NA;NA;104;89
"1999-2000";179;101;92;164;51;NA;23;250;158;30;128;NA;221;105;198;NA;92;108;283;524;265;86;241;114;NA;107;45;NA;203;NA;340;42;178;NA;231;NA;360;113;269;199;84;20;99;403;173;NA;NA;66;NA;403;79;84;NA;144;27;NA;144;33;105;NA;183;117;211;148;174;180;NA;NA;207;203;139;445;281;126;266;NA;129;82;52;147;688;169;256;199;357;31;NA;14;377;19;NA;NA;77;44;219;36;64;218;NA;239;161;182;177;42;163;33;NA;132;369;NA;NA;31;40;63;118;179;NA;44;NA;NA;47;87
"2000-2001";308;135;169;188;76;NA;38;319;201;29;196;NA;394;111;294;NA;91;186;613;809;654;87;290;207;NA;134;38;NA;197;NA;793;32;171;NA;319;NA;898;120;315;279;98;19;117;821;277;NA;NA;175;NA;422;99;82;NA;141;38;NA;353;36;103;NA;320;180;429;338;294;322;NA;NA;613;345;185;832;563;426;407;NA;192;169;66;218;498;163;357;364;525;33;NA;17;476;30;97;NA;110;46;268;39;73;270;NA;282;180;306;249;38;223;36;NA;158;461;NA;NA;52;55;117;NA;246;NA;52;NA;NA;119;98
"2001-2002";169;41;57;72;6;NA;0;159;73;0;89;NA;231;41;128;NA;14;49;288;314;308;24;142;46;NA;41;3;NA;102;NA;299;1;44;NA;159;NA;415;28;127;119;17;0;NA;297;143;NA;NA;70;NA;260;24;22;NA;61;0;NA;156;0;30;NA;161;73;238;211;201;167;NA;NA;386;98;75;448;320;211;128;NA;15;69;8;113;102;119;87;170;154;2;NA;0;207;0;NA;NA;25;4;120;3;8;93;NA;107;79;132;78;0;119;6;NA;54;211;NA;NA;0;0;47;NA;83;NA;9;NA;NA;34;24
"2002-2003";121;53;45;58;19;NA;19;104;87;17;71;NA;143;75;88;NA;30;39;246;234;202;39;85;37;NA;45;10;81;96;NA;201;6;49;NA;135;NA;274;35;100;111;40;15;NA;134;97;NA;NA;132;NA;199;25;25;NA;41;3;NA;67;11;38;NA;109;63;140;110;146;197;NA;NA;213;109;103;361;252;91;106;NA;51;70;30;87;512;74;98;97;125;15;NA;2;214;0;NA;NA;35;18;72;17;24;63;NA;82;61;186;53;16;87;17;NA;55;146;NA;NA;13;11;126;NA;70;NA;19;NA;NA;50;36
"2003-2004";217;263;242;131;152;NA;10;428;156;20;274;NA;368;225;249;NA;141;160;463;628;495;67;259;289;NA;189;51;287;359;NA;605;25;194;NA;321;336;696;143;313;414;96;14;NA;728;459;NA;NA;254;NA;344;93;68;NA;142;26;NA;325;32;123;NA;331;236;424;358;432;477;NA;NA;446;514;321;794;636;292;297;NA;166;173;58;284;464;293;309;313;352;34;NA;0;328;9;NA;NA;126;39;170;30;104;184;220;245;170;402;191;44;278;38;NA;151;378;NA;NA;45;41;279;NA;202;NA;61;NA;NA;212;103
"2004-2005";147;79;124;70;67;NA;29;137;89;30;90;NA;179;88;111;NA;55;87;233;318;264;43;131;74;NA;73;35;219;150;NA;247;1;83;NA;152;167;324;81;131;164;35;17;NA;377;152;NA;NA;91;NA;256;40;53;NA;71;34;NA;104;31;68;NA;171;82;227;128;146;218;NA;NA;260;155;123;465;329;128;165;101;82;93;45;94;345;141;180;160;201;14;NA;25;216;25;NA;NA;56;24;83;24;36;105;90;120;89;147;102;21;118;22;NA;49;213;NA;NA;33;33;129;NA;107;NA;26;NA;NA;66;52
"2005-2006";159;144;173;180;200;NA;70;243;173;55;174;NA;276;174;178;NA;127;160;328;596;328;106;232;186;346;176;66;276;259;NA;396;52;179;NA;236;350;464;131;233;267;117;74;NA;510;318;NA;NA;196;NA;341;100;116;NA;160;135;NA;162;95;122;NA;323;235;383;251;273;353;NA;NA;425;245;224;662;441;188;276;NA;189;201;104;238;669;209;257;212;306;82;NA;84;354;105;119;NA;104;109;206;106;122;237;184;267;208;317;194;93;223;72;NA;121;432;NA;NA;142;161;225;NA;190;NA;80;NA;NA;189;149
"2006-2007";98;60;64;124;7;NA;0;157;159;0;231;NA;347;97;141;NA;39;75;218;352;241;102;151;64;NA;47;18;141;192;NA;277;2;96;NA;157;245;316;64;193;328;50;0;NA;254;325;NA;NA;121;NA;171;27;36;154;67;1;NA;118;0;66;NA;229;240;301;215;210;251;NA;NA;269;337;146;396;284;237;176;NA;42;87;28;116;379;123;139;140;173;1;NA;0;206;0;NA;NA;45;4;147;3;15;89;55;181;104;245;105;7;181;8;NA;81;185;NA;NA;0;0;90;NA;102;NA;18;NA;NA;67;42
"2007-2008";192;136;111;157;35;NA;5;212;173;4;190;NA;300;104;134;NA;66;138;300;557;341;89;245;114;NA;97;27;NA;211;NA;387;16;180;NA;189;242;465;107;240;274;86;3;NA;533;290;NA;NA;180;NA;385;47;99;NA;126;12;NA;178;6;104;NA;249;204;339;308;250;312;NA;NA;448;268;181;698;334;244;316;NA;126;148;17;199;650;140;243;184;306;4;NA;2;428;7;NA;NA;77;2;187;15;12;267;NA;198;192;280;202;8;157;18;NA;146;359;NA;NA;15;13;152;NA;218;NA;32;NA;NA;81;70
"2008-2009";259;285;318;148;240;NA;85;440;300;97;308;NA;476;176;294;NA;263;260;645;794;612;107;313;452;NA;270;113;NA;483;NA;710;55;276;NA;376;498;844;227;453;519;119;95;NA;1078;643;NA;NA;297;NA;373;198;114;305;230;81;NA;386;106;200;398;472;361;452;409;465;494;NA;NA;862;469;485;1222;826;463;445;NA;370;290;216;389;873;440;402;447;465;122;NA;22;405;67;NA;NA;198;111;215;117;250;319;NA;341;241;515;353;135;368;95;NA;155;484;NA;NA;131;111;249;NA;300;NA;123;NA;NA;145;203
"2009-2010";180;186;114;85;101;NA;39;259;143;34;211;NA;326;133;151;NA;104;118;514;428;465;76;151;164;NA;120;49;NA;277;358;480;33;137;NA;247;226;622;85;262;296;88;23;NA;588;352;NA;NA;189;NA;272;65;83;273;131;28;NA;235;29;85;233;262;202;381;311;285;402;NA;NA;554;282;259;787;408;311;207;NA;110;106;64;169;858;183;189;259;238;29;NA;34;297;24;NA;NA;70;46;99;41;82;274;NA;164;107;295;148;37;130;44;NA;82;248;NA;NA;41;33;165;NA;140;NA;44;NA;NA;140;80
"2010-2011";190;141;147;121;103;NA;36;161;113;29;112;NA;274;85;192;NA;94;152;419;403;413;45;179;109;NA;162;42;NA;157;265;517;42;135;400;220;198;628;131;217;250;62;26;NA;723;298;NA;NA;111;NA;195;73;89;235;71;61;NA;181;43;90;NA;126;187;272;236;179;252;NA;NA;368;245;178;752;387;228;253;NA;84;79;28;95;1057;79;219;253;247;39;NA;13;196;33;NA;NA;80;54;119;45;38;156;NA;175;108;180;198;41;162;24;NA;117;294;NA;NA;60;60;109;273;138;NA;46;NA;NA;94;84
"2011-2012";202;94;83;150;30;NA;3;157;123;4;99;NA;252;81;184;NA;39;108;302;403;327;53;206;90;NA;69;39;236;119;145;265;30;148;NA;155;140;415;97;200;160;78;3;NA;401;156;NA;NA;110;NA;366;44;119;NA;117;0;175;129;2;68;NA;186;99;248;227;152;174;NA;NA;301;162;122;455;345;193;255;NA;90;89;38;141;753;108;222;151;296;8;NA;8;478;2;34;NA;37;26;168;26;35;257;104;127;95;197;143;17;105;40;NA;104;327;NA;NA;4;2;56;NA;103;NA;4;NA;NA;31;43
"2012-2013";221;281;245;179;239;NA;26;324;238;38;304;NA;374;268;206;NA;185;155;400;651;426;108;200;215;NA;236;119;NA;371;389;504;51;211;392;387;255;624;154;415;411;132;23;NA;722;447;NA;NA;280;NA;303;97;116;347;140;62;NA;352;46;174;NA;324;288;410;442;313;420;NA;NA;461;470;353;729;675;299;242;NA;146;209;43;328;1023;198;258;342;325;36;NA;30;319;45;NA;NA;114;75;218;62;129;212;NA;270;236;378;194;55;301;39;NA;177;346;NA;NA;84;71;276;NA;187;NA;75;NA;NA;258;112
"2013-2014";351;340;283;168;96;NA;25;320;272;30;647;NA;704;320;395;NA;513;287;780;893;775;118;374;400;NA;260;98;NA;479;825;998;40;188;887;419;NA;1110;239;560;594;136;29;NA;1024;602;NA;NA;343;NA;276;188;105;NA;246;6;NA;430;36;210;NA;437;357;660;460;400;667;NA;NA;855;595;487;1158;1178;703;494;NA;263;272;139;309;1110;477;407;484;523;49;NA;1;379;6;NA;NA;206;72;184;77;147;312;NA;446;328;488;360;75;486;50;NA;184;563;NA;NA;33;11;298;NA;318;NA;103;NA;NA;177;173
"2014-2015";105;105;89;80;43;NA;6;135;70;4;166;NA;225;70;91;NA;48;44;240;373;253;20;169;102;NA;67;12;NA;157;317;325;6;42;NA;97;NA;355;55;108;249;17;3;NA;412;224;NA;NA;90;NA;273;26;41;NA;80;26;NA;85;5;44;NA;141;170;195;188;131;231;NA;NA;300;268;143;545;379;244;196;NA;69;47;30;123;652;92;169;126;193;8;NA;8;292;12;NA;NA;34;11;120;10;18;154;NA;93;52;137;133;8;109;31;NA;78;194;NA;NA;20;11;106;NA;106;NA;18;NA;NA;84;32
"2015-2016";107;161;122;112;62;306;8;170;124;17;172;NA;280;146;139;NA;65;112;247;363;233;62;134;122;NA;118;42;NA;248;NA;290;12;117;NA;181;NA;464;69;224;283;86;15;NA;392;259;NA;NA;173;NA;238;69;43;NA;92;4;87;130;8;73;NA;184;152;224;289;222;367;NA;NA;411;317;214;510;398;220;196;NA;91;129;28;172;511;148;185;151;196;10;NA;0;324;1;NA;NA;94;3;149;20;56;167;NA;178;140;241;118;30;193;14;NA;92;214;NA;NA;0;4;152;NA;103;NA;12;NA;NA;132;51
"2016-2017";112;52;40;82;20;129;3;89;76;3;69;NA;119;40;72;NA;24;57;183;295;197;26;155;49;NA;29;14;NA;93;NA;209;7;68;134;57;NA;316;18;111;97;33;2;NA;170;121;NA;NA;57;NA;219;17;29;NA;56;7;50;62;2;36;NA;72;38;80;128;84;116;NA;NA;181;123;79;288;172;147;147;NA;28;46;21;78;382;86;165;69;127;5;NA;8;240;7;NA;NA;20;7;96;6;6;109;NA;91;63;87;75;5;96;6;NA;71;144;NA;NA;5;6;38;NA;96;NA;8;NA;NA;29;26
"2017-2018";241;137;176;229;79;387;24;169;239;31;196;NA;308;153;226;NA;85;119;454;538;432;100;227;198;NA;140;69;NA;249;367;521;43;205;408;235;274;618;121;320;315;160;12;NA;513;296;NA;NA;168;NA;486;96;134;240;200;25;NA;190;30;126;NA;232;146;262;255;299;310;NA;NA;476;361;233;686;532;380;325;NA;209;120;116;212;700;189;316;249;336;39;NA;34;545;23;NA;NA;102;49;239;52;107;403;NA;269;202;190;260;52;252;45;NA;202;415;NA;NA;35;31;169;NA;196;NA;60;NA;NA;87;126
"2018-2019";203;95;114;163;64;472;21;166;158;20;142;NA;309;100;197;NA;131;151;407;470;575;81;274;114;NA;93;38;NA;125;207;473;25;186;448;170;NA;533;115;212;186;75;26;NA;429;197;NA;NA;154;NA;524;62;75;133;139;21;NA;178;22;114;NA;208;31;225;315;171;232;NA;NA;353;209;104;511;484;166;301;NA;122;104;43;180;705;121;293;167;295;27;NA;3;574;18;NA;NA;89;58;114;51;65;307;NA;212;162;202;180;41;205;43;NA;100;294;NA;NA;43;23;84;NA;159;NA;55;NA;NA;44;103
"2019-2020";252;162;138;148;25;250;4;238;175;11;124;NA;169;91;249;NA;109;129;440;526;416;55;238;154;NA;160;51;NA;129;223;494;20;121;254;265;NA;585;147;324;219;91;2;NA;588;212;NA;NA;106;172;337;100;51;147;171;5;NA;289;11;177;NA;135;105;157;132;213;272;NA;NA;399;223;162;771;273;176;295;NA;138;146;70;125;538;264;211;274;320;30;NA;2;389;5;NA;289;102;29;135;22;40;223;NA;275;122;149;229;26;220;24;349;125;357;NA;NA;8;5;60;NA;176;212;48;NA;NA;54;79
