"Date";"Alliz_Maso_Strimo_Osservatore";"Andalo";"Anterivo_Osservatore";"Anterselva_di_Mezzo_Osservatore";"Ballino_Fiave";"Belvedere_sas_bece_";"Bolzano";"Bondone_viote";"Braies_Ferrara_Osservatore";"Bronzolo_Osservatore";"Buffaure";"Campiglio_pradalago";"Canazei_ciampac";"Caoria";"Casere_di_Fuori_Osservatore";"Col_verde";"Corona_Cortaccia_Osservatore";"Costalovara_Osservatore";"Diga_di_Gioveretto_Osservatore";"Diga_di_Neves_Osservatore";"Diga_di_Quaira_Osservatore";"Diga_di_Valdaora_Osservatore";"Diga_di_Vizze_Osservatore";"Diga_di_Zoccolo_Osservatore";"Dossioli_pra_alpesina";"Favogna_di_sotto_Osservatore";"Fie_allo_Sciliar_Osservatore";"Fleres_Osservatore";"Folgaria_passo_sommo";"Folgarida_malghet_aut";"Fontana_Bianca";"Fortezza_Osservatore";"Fundres_Osservatore";"Groste_";"La_Villa_in_Badia_Osservatore";"Lago_di_calaita";"Lago_Verde_Osservatore";"Lazfons_Osservatore";"Longiaru_Osservatore";"Lusia";"Luson_Osservatore";"Maia_Alta_Osservatore";"Malga_baessa";"Malga_bissina";"Malga_val_cigolera";"Malga_zugna";"Marmolada";"Masi_lozen";"Mazia_Osservatore";"Melago_Osservatore";"Meltina_Osservatore";"Molini_di_Tures_Osservatore";"Monte_bondone_vason_palon";"Monte_Maria_Osservatore";"Mori";"Nova_Levante_Osservatore";"Nova_Ponente_Maso_di_sopra_Osservatore";"Ora_Osservatore";"Ortisei_Osservatore";"Paganella";"Pampeago";"Pampeago_monsorno";"Pampeago_tresca";"Panarotta";"Paneveggio";"Passo_brocon_malga_marande";"Passo_durone";"Passo_fedaia";"Passo_rolle";"Passo_san_pellegrino";"Passo_san_valentino";"Passo_tonale_scuola_pat";"Passo_valles";"Pejo_tarlenta";"Pennes_Osservatore";"Pinzolo_grual";"Plata_Osservatore";"Pozza_di_fassa";"Prato_allo_Stelvio_Osservatore";"Predazzo_gardone";"Presena";"Rabbi";"Racines_di_Dentro_Osservatore";"Redagno_Osservatore";"Ridanna_Osservatore";"Rifiano_Beobachter";"Rifugio_trivena";"Riva_del_Garda";"Roia_di_Fuori_Osservatore";"Rovereto";"Rumo";"S_Cassiano_Osservatore";"S_Genesio_Atesino_Osservatore";"S_Leonardo_in_Passiria_Osservatore";"S_Maddalena_in_Casies_Osservatore";"S_Martino_in_Passiria_Osservatore";"S_Pancrazio_Osservatore";"S_Valentino_alla_Muta_Osservatore";"S_Valpurga_d_Ultimo_Osservatore";"S_Vito_di_Braies_Osservatore";"San_Candido_Osservatore";"San_martino_di_castrozza";"San_Martino_Osservatore";"Scena_Osservatore";"Sesto_Osservatore";"Silandro_Convento_Osservatore";"Slingia_Osservatore";"Terento_Osservatore";"Terme_di_Brennero_Osservatore";"Tremalzo";"Trento_citta_";"Trento_Gardolo";"Trento_Sud";"Val_noana_diga";"Vallarsa_pian_fugazze";"Valles_osservatore";"Valluzza_Osservatore";"Vanga_Osservatore";"Vermiglio";"Vigo_di_fassa_ciampedie";"Villa_welsperg";"Vipiteno_osservatore"
"1980-1981";268;NA;164;178;NA;NA;NA;NA;199;8;NA;NA;NA;NA;213;NA;113;173;277;524;277;108;195;121;NA;165;61;NA;NA;NA;333;33;189;NA;270;NA;478;123;280;NA;122;14;NA;NA;NA;NA;NA;NA;NA;306;113;141;NA;92;8;NA;247;16;147;NA;NA;NA;NA;NA;NA;NA;NA;NA;NA;NA;NA;NA;NA;NA;342;NA;201;NA;51;NA;NA;NA;301;274;343;27;NA;3;298;NA;NA;NA;105;36;199;31;91;200;NA;205;193;NA;234;38;165;23;NA;159;249;NA;NA;NA;13;NA;NA;196;NA;56;NA;NA;NA;100
"1981-1982";302;NA;208;223;NA;NA;NA;NA;245;107;NA;NA;NA;NA;277;NA;179;206;363;640;311;161;289;190;NA;192;82;NA;NA;NA;478;60;274;NA;341;NA;463;171;355;NA;116;62;NA;NA;NA;NA;NA;NA;NA;530;156;159;NA;189;121;NA;303;104;157;NA;NA;NA;NA;NA;NA;NA;NA;NA;NA;NA;NA;NA;NA;NA;261;NA;196;NA;92;NA;NA;NA;366;323;409;58;NA;79;653;NA;NA;NA;127;71;183;80;126;290;NA;170;207;NA;287;58;206;58;NA;190;487;NA;NA;NA;133;NA;NA;230;NA;84;NA;NA;NA;166
"1982-1983";181;NA;128;148;NA;NA;NA;NA;167;19;NA;NA;NA;NA;201;NA;90;143;292;625;407;84;225;120;NA;104;46;NA;NA;NA;459;58;139;NA;220;NA;530;124;245;NA;84;18;NA;NA;NA;NA;NA;NA;NA;369;79;95;NA;192;0;NA;206;18;123;NA;NA;NA;NA;NA;NA;NA;NA;NA;NA;NA;NA;NA;NA;NA;269;NA;100;NA;36;NA;NA;NA;239;133;276;24;NA;6;493;NA;NA;NA;81;38;188;21;34;197;NA;172;153;NA;196;30;185;29;NA;128;277;NA;NA;NA;23;NA;NA;203;NA;43;NA;NA;NA;36
"1983-1984";265;NA;240;232;NA;NA;NA;NA;246;54;NA;NA;NA;NA;215;NA;190;228;470;590;428;216;251;312;NA;177;76;NA;NA;NA;620;34;177;NA;354;NA;662;173;321;NA;155;29;NA;NA;NA;NA;NA;NA;NA;440;149;118;NA;231;49;NA;355;43;204;NA;NA;NA;NA;NA;NA;NA;NA;NA;NA;NA;NA;NA;NA;NA;371;NA;184;NA;72;NA;NA;NA;303;351;364;43;NA;24;414;NA;NA;NA;155;64;237;37;112;290;NA;424;234;NA;272;58;299;58;NA;194;449;NA;NA;NA;40;NA;NA;191;NA;76;NA;NA;NA;127
"1984-1985";187;NA;265;132;NA;NA;NA;NA;159;82;NA;NA;NA;NA;169;NA;150;158;429;375;394;138;106;213;NA;223;73;175;NA;NA;593;16;64;NA;255;NA;436;96;352;NA;95;45;NA;NA;NA;NA;NA;NA;NA;308;110;72;NA;73;172;NA;251;142;141;NA;NA;NA;NA;NA;NA;NA;NA;NA;NA;NA;NA;NA;NA;NA;234;NA;118;NA;81;NA;NA;NA;196;196;216;49;NA;124;297;NA;NA;NA;104;39;131;53;147;146;NA;303;147;NA;167;49;245;62;NA;125;274;NA;NA;NA;182;NA;NA;105;NA;66;NA;NA;NA;70
"1985-1986";306;NA;254;286;NA;NA;NA;NA;356;55;NA;NA;NA;NA;347;NA;270;265;576;773;655;218;305;351;NA;215;102;NA;NA;NA;764;61;357;NA;461;NA;789;288;459;NA;192;33;NA;NA;NA;NA;NA;NA;NA;490;158;198;NA;260;90;313;378;80;231;NA;NA;NA;NA;NA;NA;NA;NA;NA;NA;NA;NA;NA;NA;NA;388;NA;241;NA;132;NA;NA;NA;529;304;435;71;NA;28;470;NA;NA;NA;193;147;325;74;175;321;NA;398;336;NA;358;83;366;80;NA;267;485;NA;NA;NA;100;NA;NA;440;NA;129;NA;NA;NA;143
"1986-1987";184;NA;144;178;NA;NA;NA;NA;186;25;NA;NA;NA;NA;213;NA;152;140;406;589;422;99;198;215;NA;150;59;NA;NA;NA;546;43;180;NA;270;NA;505;118;232;NA;80;18;NA;NA;NA;NA;NA;NA;NA;336;82;101;NA;107;40;209;194;38;121;NA;NA;NA;NA;NA;NA;NA;NA;NA;NA;NA;NA;NA;NA;NA;277;NA;142;NA;67;NA;NA;NA;238;176;236;32;NA;26;386;NA;NA;NA;80;61;204;43;92;189;NA;235;182;NA;182;43;236;46;NA;139;363;NA;NA;NA;39;NA;NA;141;NA;70;NA;NA;NA;64
"1987-1988";181;NA;114;124;NA;NA;NA;NA;142;24;NA;NA;NA;NA;196;NA;79;102;327;489;304;72;184;135;NA;112;33;NA;NA;NA;444;26;148;NA;212;NA;446;99;239;NA;53;13;NA;NA;NA;NA;NA;NA;NA;308;65;74;NA;125;45;143;156;28;90;NA;NA;NA;NA;NA;NA;NA;NA;NA;NA;NA;NA;NA;NA;NA;242;NA;99;NA;44;NA;NA;NA;214;128;252;22;NA;23;375;NA;NA;NA;56;25;118;12;27;194;NA;236;142;NA;157;13;201;13;NA;104;271;NA;NA;NA;30;NA;NA;168;NA;41;NA;NA;NA;78
"1988-1989";129;NA;71;85;NA;NA;NA;NA;102;5;NA;NA;NA;NA;128;NA;122;86;161;445;423;38;166;121;NA;60;33;NA;NA;NA;498;17;115;NA;143;NA;584;65;130;NA;57;7;NA;NA;NA;NA;NA;NA;NA;244;46;54;NA;55;2;89;124;9;100;NA;NA;NA;NA;NA;NA;NA;NA;NA;NA;NA;NA;NA;NA;NA;206;NA;133;NA;35;NA;NA;NA;146;119;250;17;NA;0;298;NA;NA;NA;56;32;104;33;53;152;NA;103;107;NA;131;10;94;3;NA;80;152;NA;NA;NA;1;NA;NA;121;NA;31;NA;NA;NA;32
"1989-1990";179;NA;68;148;NA;NA;NA;NA;80;4;NA;NA;NA;NA;247;NA;56;32;306;325;422;37;62;80;NA;32;17;NA;NA;NA;361;14;67;NA;92;NA;506;32;119;NA;40;7;NA;NA;NA;NA;NA;NA;NA;428;28;38;NA;131;2;NA;78;6;23;NA;NA;NA;NA;NA;NA;NA;NA;NA;NA;NA;NA;NA;NA;NA;143;NA;61;NA;36;NA;NA;NA;188;126;68;13;NA;0;438;NA;NA;NA;30;39;151;19;50;334;NA;92;79;NA;90;24;87;64;NA;53;19;NA;NA;NA;1;NA;NA;111;NA;11;NA;NA;NA;175
"1990-1991";196;NA;161;141;NA;NA;NA;NA;161;51;NA;NA;NA;NA;198;NA;127;141;408;490;449;88;173;227;NA;127;49;NA;NA;NA;518;31;134;NA;247;NA;624;122;271;NA;81;32;NA;NA;NA;NA;NA;NA;NA;214;81;78;NA;144;63;NA;228;48;155;NA;NA;NA;NA;NA;NA;NA;NA;NA;NA;NA;NA;NA;NA;NA;257;NA;123;NA;57;NA;NA;NA;245;259;266;38;NA;36;236;NA;NA;NA;99;48;150;36;77;136;NA;207;158;NA;201;33;205;37;NA;121;295;NA;NA;NA;74;NA;NA;180;NA;59;NA;NA;NA;61
"1991-1992";241;NA;119;176;NA;NA;NA;NA;197;26;NA;NA;NA;NA;245;NA;108;201;378;657;445;113;298;186;NA;206;77;NA;NA;NA;430;35;248;NA;263;NA;565;145;317;NA;84;34;NA;NA;NA;NA;NA;NA;NA;444;93;96;NA;190;6;NA;220;25;106;NA;NA;NA;NA;NA;NA;NA;NA;NA;NA;NA;NA;NA;NA;NA;348;NA;163;NA;60;NA;NA;NA;330;211;246;29;NA;5;564;NA;NA;NA;107;42;261;50;71;321;NA;296;190;NA;232;43;242;52;NA;155;410;NA;NA;NA;4;NA;NA;246;NA;54;NA;NA;NA;135
"1992-1993";155;NA;104;85;NA;NA;NA;NA;102;6;NA;NA;NA;NA;159;NA;39;74;302;359;293;54;198;85;NA;64;22;NA;NA;NA;324;13;87;NA;148;NA;406;66;163;NA;38;3;NA;NA;NA;NA;NA;NA;NA;316;43;41;NA;97;6;NA;132;5;52;NA;NA;NA;NA;NA;NA;NA;NA;NA;NA;NA;NA;NA;NA;NA;160;NA;47;NA;20;NA;NA;NA;138;144;156;11;NA;0;372;NA;NA;NA;43;16;119;3;25;208;NA;140;91;NA;104;8;114;3;NA;79;250;NA;NA;NA;4;NA;NA;107;NA;20;NA;NA;NA;44
"1993-1994";191;NA;114;155;NA;NA;NA;NA;179;44;NA;NA;NA;NA;178;NA;106;151;365;463;339;96;235;135;NA;116;50;NA;NA;NA;384;62;164;NA;214;NA;544;115;284;NA;117;25;NA;NA;NA;NA;NA;NA;NA;328;84;105;NA;112;57;NA;199;51;87;NA;NA;NA;NA;NA;NA;NA;NA;NA;NA;NA;NA;NA;NA;NA;261;NA;109;NA;67;NA;NA;NA;248;194;233;45;NA;23;401;NA;NA;NA;83;64;151;47;78;213;NA;207;149;NA;199;36;140;35;NA;134;203;NA;NA;NA;84;NA;NA;182;NA;50;NA;NA;NA;95
"1994-1995";167;NA;127;143;NA;NA;NA;NA;141;28;NA;NA;NA;NA;163;NA;103;113;238;392;230;105;195;158;NA;117;49;NA;NA;NA;261;37;140;NA;207;NA;336;114;209;NA;110;19;NA;NA;NA;NA;NA;NA;NA;412;74;87;NA;146;24;NA;150;29;121;NA;NA;NA;NA;NA;NA;NA;NA;NA;NA;NA;NA;NA;NA;NA;225;NA;103;NA;65;NA;NA;NA;209;155;220;34;NA;2;430;NA;NA;NA;79;54;133;48;78;245;NA;197;142;NA;134;46;140;50;NA;126;205;NA;NA;NA;35;NA;NA;155;NA;66;NA;NA;NA;87
"1995-1996";112;NA;105;70;NA;NA;NA;NA;119;20;NA;NA;NA;NA;115;NA;79;94;210;263;240;41;127;112;NA;87;35;NA;NA;NA;340;25;107;NA;143;NA;376;83;147;NA;57;14;NA;NA;NA;NA;NA;NA;NA;156;58;58;NA;82;28;NA;158;25;56;NA;NA;NA;NA;NA;NA;NA;NA;NA;NA;NA;NA;NA;NA;NA;184;NA;95;NA;44;NA;NA;NA;137;138;182;23;NA;15;179;NA;NA;NA;63;37;102;27;54;109;NA;130;99;NA;114;26;130;20;NA;90;143;NA;NA;NA;24;NA;NA;112;NA;42;NA;NA;NA;60
"1996-1997";164;NA;98;102;NA;NA;NA;NA;115;31;NA;NA;NA;NA;178;NA;75;91;296;391;273;44;184;89;NA;98;35;NA;NA;NA;332;23;92;NA;182;NA;446;85;191;NA;51;32;NA;NA;NA;NA;NA;NA;NA;340;62;61;NA;130;42;NA;119;36;82;NA;NA;NA;NA;NA;NA;NA;NA;NA;NA;NA;NA;NA;NA;NA;196;NA;67;NA;61;NA;NA;NA;118;151;214;30;NA;32;364;NA;NA;NA;63;46;141;43;64;152;NA;158;108;NA;176;35;121;45;NA;65;216;NA;NA;NA;45;NA;NA;122;NA;60;NA;NA;NA;74
"1997-1998";232;NA;104;76;52;NA;NA;NA;121;13;NA;NA;NA;NA;171;NA;57;125;367;369;464;62;152;139;NA;84;38;NA;NA;NA;489;11;97;NA;170;NA;542;99;172;NA;96;3;NA;NA;NA;NA;NA;NA;NA;296;59;43;NA;119;17;NA;172;10;90;NA;NA;NA;NA;NA;NA;NA;NA;NA;NA;NA;NA;NA;NA;NA;236;NA;82;NA;22;NA;NA;NA;114;207;201;15;NA;3;293;NA;NA;NA;62;18;136;10;30;178;NA;168;121;NA;143;15;123;17;NA;113;187;NA;NA;NA;20;NA;NA;141;NA;26;NA;NA;NA;49
"1998-1999";168;NA;128;160;NA;NA;NA;NA;128;24;NA;NA;NA;NA;216;NA;115;122;329;491;339;91;255;163;NA;116;57;NA;NA;NA;363;32;179;NA;207;NA;533;94;257;NA;96;13;NA;NA;NA;NA;NA;NA;NA;433;77;84;NA;176;28;NA;146;31;104;NA;NA;NA;NA;NA;NA;NA;NA;NA;NA;NA;NA;NA;NA;NA;283;NA;156;NA;60;NA;NA;NA;224;178;305;30;NA;14;574;NA;NA;NA;81;43;203;41;77;269;NA;234;173;NA;165;35;181;38;NA;127;322;NA;NA;NA;27;NA;NA;186;NA;44;NA;NA;NA;90
"1999-2000";179;NA;100;164;NA;NA;NA;NA;162;30;NA;NA;NA;NA;202;NA;95;114;283;554;286;86;241;114;NA;113;45;NA;NA;NA;340;42;178;NA;231;NA;393;113;269;NA;84;20;NA;NA;NA;NA;NA;NA;NA;403;80;84;NA;144;27;NA;144;33;105;NA;NA;NA;NA;NA;NA;NA;NA;NA;NA;NA;NA;NA;NA;NA;264;NA;129;NA;52;NA;NA;NA;256;199;357;31;NA;14;377;NA;NA;NA;80;44;219;36;63;218;NA;246;165;NA;177;42;163;34;NA;132;369;NA;NA;NA;40;NA;NA;180;NA;44;NA;NA;NA;87
"2000-2001";308;NA;173;188;NA;NA;NA;NA;200;29;NA;NA;NA;NA;304;NA;103;183;613;813;634;87;290;207;NA;145;38;NA;NA;NA;793;32;171;NA;319;NA;908;120;324;NA;98;19;NA;NA;NA;NA;NA;NA;NA;422;99;82;NA;141;38;NA;353;36;103;NA;NA;NA;NA;NA;NA;NA;NA;NA;NA;NA;NA;NA;NA;NA;408;NA;192;NA;69;NA;NA;NA;359;364;525;33;NA;17;476;NA;NA;NA;111;46;268;39;72;270;NA;280;191;NA;249;38;223;39;NA;159;461;NA;NA;NA;55;NA;NA;249;NA;52;NA;NA;NA;98
"2001-2002";169;NA;52;72;NA;NA;NA;NA;73;0;NA;NA;NA;NA;128;NA;14;49;288;314;296;24;142;46;NA;40;3;NA;NA;NA;299;1;44;NA;159;NA;415;28;123;NA;17;0;NA;NA;NA;NA;NA;NA;NA;260;24;22;NA;61;0;NA;156;0;30;NA;NA;NA;NA;NA;NA;NA;NA;NA;NA;NA;NA;NA;NA;NA;130;NA;15;NA;8;NA;NA;NA;88;170;154;2;NA;0;207;NA;NA;NA;25;4;120;3;8;93;NA;107;69;NA;78;0;119;7;NA;54;211;NA;NA;NA;0;NA;NA;83;NA;9;NA;NA;NA;25
"2002-2003";121;NA;44;58;NA;NA;NA;NA;87;17;NA;NA;NA;NA;90;NA;30;39;246;228;208;39;85;37;NA;45;10;NA;NA;NA;201;6;49;NA;135;NA;274;35;99;NA;40;15;NA;NA;NA;NA;NA;NA;NA;199;25;25;NA;41;3;NA;67;11;38;NA;NA;NA;NA;NA;NA;NA;NA;NA;NA;NA;NA;NA;NA;NA;106;NA;51;NA;30;NA;NA;NA;98;97;125;15;NA;2;214;NA;NA;NA;35;18;72;17;24;63;NA;82;62;NA;53;16;87;17;NA;55;146;NA;NA;NA;11;NA;NA;73;NA;18;NA;NA;NA;38
"2003-2004";217;NA;242;131;NA;NA;NA;NA;156;20;NA;NA;NA;NA;249;NA;141;160;463;590;496;67;259;289;NA;189;51;287;NA;NA;605;25;194;NA;321;NA;699;143;313;NA;96;14;NA;NA;NA;NA;NA;NA;NA;344;93;68;NA;142;26;NA;325;32;123;NA;NA;NA;NA;NA;NA;NA;NA;NA;NA;NA;NA;NA;NA;NA;299;NA;166;NA;59;NA;NA;NA;309;313;352;34;NA;0;328;NA;NA;NA;126;39;170;30;104;184;220;245;166;NA;191;44;278;38;NA;151;378;NA;NA;NA;41;NA;NA;204;NA;62;NA;NA;NA;101
"2004-2005";147;NA;124;70;NA;NA;NA;NA;89;30;NA;NA;NA;NA;111;NA;55;87;233;314;256;43;131;74;NA;73;35;219;NA;NA;247;1;83;NA;152;NA;329;81;131;NA;35;17;NA;NA;NA;NA;NA;NA;NA;256;40;53;NA;71;34;NA;104;31;68;NA;NA;NA;NA;NA;146;NA;NA;NA;NA;NA;NA;NA;NA;NA;165;NA;82;NA;47;NA;NA;NA;180;160;201;14;NA;25;216;NA;NA;NA;56;24;83;24;36;105;90;115;88;NA;102;21;118;24;NA;49;213;NA;NA;NA;33;NA;NA;108;NA;26;NA;NA;NA;54
"2005-2006";159;NA;173;180;NA;NA;NA;NA;173;55;NA;NA;NA;NA;178;NA;127;160;328;617;330;106;232;186;NA;176;66;276;NA;NA;396;52;179;NA;236;NA;459;131;233;NA;117;74;NA;NA;NA;NA;NA;NA;NA;341;100;116;NA;160;135;NA;162;95;122;NA;NA;NA;NA;NA;NA;NA;NA;NA;NA;NA;NA;NA;NA;NA;276;NA;189;NA;104;NA;NA;NA;257;212;306;82;NA;84;354;NA;NA;NA;104;109;206;106;122;237;184;261;204;NA;194;93;223;73;NA;121;432;NA;NA;NA;161;NA;NA;191;NA;83;NA;NA;NA;144
"2006-2007";98;NA;64;124;NA;NA;NA;NA;159;0;NA;NA;NA;NA;141;NA;39;75;218;350;216;102;151;64;NA;47;18;141;NA;NA;277;2;96;NA;157;NA;310;64;193;NA;50;0;NA;NA;NA;NA;NA;NA;NA;171;27;36;NA;67;1;NA;118;0;66;NA;NA;NA;NA;NA;NA;NA;NA;NA;NA;NA;NA;NA;NA;NA;176;NA;42;NA;28;NA;NA;NA;139;140;173;1;NA;0;206;NA;NA;NA;45;4;147;3;15;89;55;181;104;NA;105;7;181;8;NA;81;185;NA;NA;NA;0;NA;NA;102;NA;18;NA;NA;NA;42
"2007-2008";192;NA;111;157;NA;NA;NA;NA;173;4;NA;NA;NA;NA;134;NA;66;138;300;570;335;89;245;114;NA;97;27;NA;NA;NA;387;16;180;NA;189;NA;474;107;240;NA;86;3;NA;NA;NA;NA;NA;NA;NA;385;47;99;NA;126;12;NA;178;6;104;NA;NA;NA;NA;NA;NA;NA;NA;NA;NA;NA;NA;NA;NA;NA;312;NA;126;NA;17;NA;NA;NA;243;184;306;4;NA;2;428;NA;NA;NA;77;2;187;15;12;267;NA;198;177;NA;202;8;157;18;NA;146;358;NA;NA;NA;13;NA;NA;218;NA;32;NA;NA;NA;70
"2008-2009";259;NA;318;148;NA;NA;NA;NA;300;97;NA;NA;NA;NA;294;NA;263;260;645;796;624;107;313;452;NA;270;113;NA;NA;NA;710;55;276;NA;376;NA;867;227;453;NA;119;95;NA;NA;NA;NA;NA;NA;NA;373;198;114;NA;230;81;NA;386;106;200;NA;NA;NA;NA;NA;NA;NA;NA;NA;NA;NA;NA;NA;NA;NA;453;NA;370;NA;216;NA;NA;NA;402;447;465;122;NA;22;405;NA;NA;NA;198;111;215;117;250;319;NA;341;234;NA;353;135;368;95;NA;155;482;NA;NA;NA;111;NA;NA;300;NA;124;NA;NA;NA;198
"2009-2010";180;NA;114;85;NA;NA;NA;NA;143;34;NA;NA;NA;NA;151;NA;104;118;514;424;467;76;151;164;NA;120;49;NA;NA;NA;480;33;137;NA;247;NA;624;85;262;NA;88;23;NA;NA;NA;NA;NA;NA;NA;272;65;83;NA;131;28;NA;235;29;85;NA;NA;NA;NA;NA;NA;NA;NA;NA;NA;NA;NA;NA;NA;NA;209;NA;110;NA;64;NA;NA;NA;189;259;238;29;NA;34;297;NA;NA;NA;70;46;99;41;82;274;NA;164;115;NA;148;37;130;44;NA;82;248;NA;NA;NA;33;NA;NA;141;NA;46;NA;NA;NA;82
"2010-2011";190;NA;147;121;NA;NA;NA;NA;113;29;NA;NA;NA;NA;192;NA;94;152;419;403;401;45;179;109;NA;162;42;NA;NA;NA;517;42;135;NA;220;NA;621;131;217;NA;62;26;NA;723;NA;NA;NA;NA;NA;195;73;89;NA;71;61;NA;181;43;90;NA;NA;NA;NA;NA;NA;NA;NA;NA;NA;NA;NA;NA;NA;NA;260;NA;84;NA;28;NA;NA;NA;219;253;247;39;NA;13;196;NA;NA;NA;80;54;119;45;38;156;NA;176;108;NA;198;41;162;24;NA;117;294;NA;NA;NA;60;NA;NA;139;NA;48;NA;NA;NA;81
"2011-2012";202;NA;83;150;NA;NA;NA;NA;123;4;NA;NA;NA;NA;184;NA;39;108;302;412;319;53;206;90;NA;69;39;236;NA;NA;265;30;148;NA;155;NA;427;97;200;NA;78;3;NA;NA;NA;NA;NA;NA;NA;366;44;119;NA;126;0;175;129;2;68;NA;NA;NA;NA;NA;NA;NA;NA;NA;NA;NA;NA;NA;NA;NA;255;NA;90;NA;38;NA;NA;NA;222;151;296;8;NA;8;478;NA;NA;NA;37;26;168;26;35;257;104;127;95;NA;143;17;105;40;NA;104;327;NA;NA;NA;2;NA;NA;131;NA;4;NA;NA;NA;69
"2012-2013";221;NA;245;179;NA;NA;NA;NA;238;38;NA;NA;NA;NA;206;NA;185;155;400;643;397;108;200;215;NA;236;119;NA;NA;NA;504;51;211;NA;387;NA;614;154;415;NA;132;23;NA;652;NA;NA;NA;NA;NA;303;97;116;NA;139;62;NA;352;46;174;NA;NA;NA;NA;NA;NA;NA;NA;NA;NA;NA;NA;NA;NA;NA;242;NA;146;NA;43;NA;NA;NA;258;342;325;36;NA;30;319;NA;NA;NA;114;75;218;62;129;212;NA;270;236;NA;194;55;301;39;NA;177;346;NA;NA;NA;71;NA;NA;187;NA;76;NA;NA;NA;114
"2013-2014";351;NA;283;168;NA;NA;NA;NA;272;30;NA;NA;NA;NA;395;NA;513;287;780;876;764;118;374;400;NA;260;98;NA;NA;NA;998;40;188;NA;419;NA;1118;239;560;NA;136;29;NA;1095;NA;NA;NA;NA;NA;276;188;105;NA;256;6;NA;430;36;210;NA;NA;NA;NA;NA;NA;NA;NA;NA;NA;NA;NA;NA;1178;NA;494;NA;263;NA;139;NA;NA;NA;407;484;522;49;NA;1;379;NA;NA;NA;206;72;184;77;147;312;NA;446;328;NA;360;75;486;50;NA;184;562;NA;NA;NA;11;NA;NA;319;NA;103;NA;NA;NA;178
"2014-2015";105;NA;89;80;NA;NA;NA;NA;70;4;NA;NA;NA;NA;91;NA;48;44;240;367;243;20;169;102;NA;67;12;NA;NA;NA;325;6;42;NA;97;NA;346;55;108;NA;17;3;NA;387;NA;NA;NA;NA;NA;273;26;41;NA;78;26;NA;85;5;44;NA;NA;NA;NA;NA;NA;NA;NA;NA;NA;NA;NA;NA;NA;NA;196;NA;69;NA;30;NA;NA;NA;169;126;192;8;NA;8;292;NA;NA;NA;34;11;120;10;18;154;NA;93;52;NA;133;8;109;31;NA;78;193;NA;NA;NA;11;NA;NA;106;NA;18;NA;NA;NA;32
"2015-2016";107;NA;122;112;NA;NA;NA;NA;124;17;NA;NA;NA;NA;139;NA;65;112;247;340;246;62;134;122;NA;119;42;NA;NA;NA;290;12;117;NA;181;NA;465;69;224;NA;86;15;NA;392;NA;NA;NA;NA;NA;238;69;43;NA;91;4;NA;130;8;73;NA;NA;NA;NA;NA;NA;NA;NA;NA;NA;NA;NA;NA;NA;NA;196;NA;91;NA;28;NA;NA;NA;185;151;195;10;NA;0;324;NA;NA;NA;94;3;149;20;56;167;NA;178;140;NA;118;30;193;14;NA;92;213;NA;NA;NA;4;NA;NA;103;NA;12;NA;NA;NA;51
"2016-2017";110;NA;40;82;NA;NA;NA;NA;76;3;NA;NA;NA;NA;72;NA;24;57;183;342;190;26;155;49;NA;29;14;NA;NA;NA;209;7;68;NA;57;NA;313;18;111;NA;33;2;NA;243;NA;NA;NA;NA;NA;219;17;29;NA;55;7;NA;62;2;36;NA;NA;NA;NA;NA;NA;NA;NA;NA;NA;NA;NA;NA;NA;NA;147;NA;28;NA;21;NA;NA;NA;165;69;126;5;NA;8;240;NA;NA;NA;20;7;96;6;6;109;NA;91;63;NA;75;5;96;7;NA;71;144;NA;NA;NA;6;NA;NA;96;NA;8;NA;NA;NA;27
"2017-2018";247;NA;176;229;NA;NA;NA;NA;240;31;NA;NA;NA;NA;226;NA;84;119;454;556;NA;104;230;198;NA;143;69;NA;NA;NA;534;43;205;NA;235;NA;610;121;319;NA;160;12;NA;NA;NA;NA;NA;NA;NA;486;96;134;NA;198;25;NA;190;30;126;NA;NA;NA;NA;NA;NA;NA;NA;NA;NA;NA;NA;NA;NA;NA;320;NA;209;NA;116;NA;NA;NA;316;249;336;39;NA;34;545;NA;NA;NA;102;49;250;52;107;403;NA;271;202;NA;260;52;252;48;NA;202;414;NA;NA;NA;31;NA;NA;196;NA;60;NA;NA;NA;129
"2018-2019";203;NA;110;163;NA;NA;NA;NA;161;20;NA;NA;NA;NA;208;NA;128;153;407;498;NA;82;274;114;NA;98;38;NA;NA;NA;480;25;186;NA;170;NA;702;115;217;NA;75;26;NA;NA;NA;NA;NA;NA;NA;524;63;75;NA;147;21;NA;166;22;114;NA;NA;NA;NA;NA;NA;NA;NA;NA;NA;NA;NA;NA;NA;NA;306;NA;122;NA;46;NA;NA;NA;293;167;299;27;NA;3;574;NA;NA;NA;93;58;141;51;65;307;NA;228;162;NA;181;41;205;45;NA;100;296;NA;NA;NA;23;NA;NA;159;NA;55;NA;NA;NA;103
"2019-2020";259;NA;140;148;NA;NA;NA;NA;181;11;NA;NA;NA;NA;258;NA;109;129;440;556;NA;55;238;154;NA;161;51;NA;NA;NA;559;20;121;NA;265;NA;579;147;324;NA;91;2;NA;621;NA;NA;NA;NA;172;337;100;51;NA;171;5;NA;289;11;177;NA;NA;NA;NA;NA;NA;NA;NA;NA;NA;NA;NA;NA;NA;NA;348;NA;138;NA;67;NA;NA;NA;211;274;338;30;NA;2;389;NA;NA;289;102;29;193;22;41;239;NA;284;122;NA;229;26;220;24;349;125;377;NA;NA;NA;5;NA;NA;170;212;48;NA;NA;NA;82
