Provider;Name;Longitude;Latitude;Elevation
IT_BZ;Alliz_Maso_Strimo_Osservatore;10.69607322;46.65020588;1754
IT_BZ;Anterivo_Osservatore;11.36775099;46.27734539;1209
IT_BZ;Anterselva_di_Mezzo_Osservatore;12.10089664;46.8607218;1236
IT_BZ;Costalovara_Osservatore;11.42930123;46.52748914;1250
IT_BZ;Diga_di_Gioveretto_Osservatore;10.72507185;46.50906272;1851
IT_BZ;Diga_di_Neves_Osservatore;11.78708948;46.94141718;1860
IT_BZ;Diga_di_Valdaora_Osservatore;12.05365673;46.75973652;1057
IT_BZ;Diga_di_Vizze_Osservatore;11.52467213;46.92499205;1365
IT_BZ;Diga_di_Zoccolo_Osservatore;10.98836178;46.54186662;1144
IT_BZ;Fie_allo_Sciliar_Osservatore;11.50596643;46.51315332;835
IT_BZ;Fontana_Bianca;10.83181104;46.4868471;1900
IT_BZ;Fundres_Osservatore;11.70509939;46.88647195;1150
IT_BZ;La_Villa_in_Badia_Osservatore;11.90707591;46.58363024;1390
IT_BZ;Lazfons_Osservatore;11.54613906;46.67240068;1190
IT_BZ;Longiaru_Osservatore;11.86087783;46.63934483;1396
IT_BZ;Luson_Osservatore;11.76389072;46.74503109;981
IT_BZ;Maia_Alta_Osservatore;11.18323356;46.65781956;334
IT_BZ;Mazia_Osservatore;10.61752603;46.69431612;1570
IT_BZ;Melago_Osservatore;10.65658212;46.83743202;1915
IT_BZ;Meltina_Osservatore;11.25168818;46.58577223;1133
IT_BZ;Molini_di_Tures_Osservatore;11.94156802;46.89781576;850
IT_BZ;Monte_Maria_Osservatore;10.52099558;46.70625056;1335
IT_BZ;Nova_Ponente_Maso_di_sopra_Osservatore;11.4125352;46.41913322;1415
IT_BZ;Ortisei_Osservatore;11.67296417;46.57404428;1180
IT_BZ;Pennes_Osservatore;11.42688727;46.78148685;1487
IT_BZ;Plata_Osservatore;11.17696798;46.82284696;1130
IT_BZ;Prato_allo_Stelvio_Osservatore;10.59715259;46.62478425;900
IT_BZ;Racines_di_Dentro_Osservatore;11.31719656;46.86602596;1260
IT_BZ;Redagno_Osservatore;11.3982488;46.34736099;1575
IT_BZ;Ridanna_Osservatore;11.29949127;46.91074127;1350
IT_BZ;Rifiano_Osservatore;11.18360656;46.70503357;500
IT_BZ;Roia_di_Fuori_Osservatore;10.48411319;46.80958827;1833
IT_BZ;S_Cassiano_Osservatore;11.93646224;46.56871297;1545
IT_BZ;S_Maddalena_in_Casies_Osservatore;12.23981675;46.83497359;1403
IT_BZ;S_Martino_in_Passiria_Osservatore;11.22790902;46.78268248;588
IT_BZ;S_Pancrazio_Osservatore;11.0556847;46.56489451;810
IT_BZ;San_Candido_Osservatore;12.27986491;46.73298667;1236
IT_BZ;San_Martino_Osservatore;11.41450085;46.70104913;1365
IT_BZ;Scena_Osservatore;11.19083113;46.68959605;680
IT_BZ;Sesto_Osservatore;12.34996395;46.70305348;1310
IT_BZ;Slingia_Osservatore;10.47392044;46.70413091;1690
IT_BZ;Terento_Osservatore;11.79376923;46.83211565;1240
IT_BZ;Terme_di_Brennero_Osservatore;11.48893131;46.98113046;1330
IT_BZ;Valluzza_Osservatore;11.66281012;46.62357387;1350
