"Name";"Year";"Month";"HN"
"Ballino_Fiave";1997;10;3
"Ballino_Fiave";1997;11;6
"Ballino_Fiave";1997;12;17
"Ballino_Fiave";1998;1;10
"Ballino_Fiave";1998;4;15
"Ballino_Fiave";1998;11;3
"Ballino_Fiave";1998;12;12
"Ballino_Fiave";1999;1;32
"Ballino_Fiave";1999;2;15
"Ballino_Fiave";1999;3;42
"Ballino_Fiave";1999;11;2
"Ballino_Fiave";1999;12;38
"Ballino_Fiave";2000;1;3
"Ballino_Fiave";2000;2;1
"Ballino_Fiave";2000;4;4
"Ballino_Fiave";2000;12;21
"Ballino_Fiave";2001;1;30
"Ballino_Fiave";2001;2;10
"Ballino_Fiave";2001;3;15
"Ballino_Fiave";2002;1;1
"Ballino_Fiave";2002;12;1
"Ballino_Fiave";2003;1;10
"Ballino_Fiave";2003;2;6
"Ballino_Fiave";2003;4;2
"Ballino_Fiave";2003;10;2
"Ballino_Fiave";2003;11;15
"Ballino_Fiave";2003;12;15
"Ballino_Fiave";2004;1;14
"Ballino_Fiave";2004;2;37
"Ballino_Fiave";2004;3;69
"Ballino_Fiave";2004;11;1
"Ballino_Fiave";2004;12;2
"Ballino_Fiave";2005;1;10
"Ballino_Fiave";2005;2;13
"Ballino_Fiave";2005;3;41
"Ballino_Fiave";2005;11;49
"Ballino_Fiave";2005;12;32
"Ballino_Fiave";2006;1;110
"Ballino_Fiave";2006;2;9
"Ballino_Fiave";2007;1;2
"Ballino_Fiave";2008;1;28
"Ballino_Fiave";2008;10;6
"Ballino_Fiave";2008;11;44
"Ballino_Fiave";2008;12;107
"Ballino_Fiave";2009;1;56
"Ballino_Fiave";2009;2;27
"Ballino_Fiave";2009;12;37
"Ballino_Fiave";2010;1;38
"Ballino_Fiave";2010;2;20
"Ballino_Fiave";2010;3;5
"Ballino_Fiave";2010;4;0
"Ballino_Fiave";2010;11;40
"Ballino_Fiave";2010;12;54
"Ballino_Fiave";2011;1;1
"Ballino_Fiave";2011;2;6
"Ballino_Fiave";2011;3;2
"Ballino_Fiave";2011;12;1
"Ballino_Fiave";2012;1;11
"Ballino_Fiave";2012;2;12
"Ballino_Fiave";2012;4;4
"Ballino_Fiave";2012;10;0
"Ballino_Fiave";2012;12;30
"Ballino_Fiave";2013;1;51
"Ballino_Fiave";2013;2;88
"Ballino_Fiave";2013;3;70
"Ballino_Fiave";2013;11;7
"Ballino_Fiave";2013;12;1
"Ballino_Fiave";2014;1;67
"Ballino_Fiave";2014;2;17
"Ballino_Fiave";2014;3;4
"Ballino_Fiave";2014;12;12
"Ballino_Fiave";2015;1;12
"Ballino_Fiave";2015;2;14
"Ballino_Fiave";2016;1;10
"Ballino_Fiave";2016;2;22
"Ballino_Fiave";2016;3;30
"Ballino_Fiave";2016;4;0
"Ballino_Fiave";2016;11;0
"Ballino_Fiave";2017;1;14
"Ballino_Fiave";2017;2;6
"Ballino_Fiave";2017;11;9
"Ballino_Fiave";2017;12;28
"Ballino_Fiave";2018;1;6
"Ballino_Fiave";2018;2;16
"Ballino_Fiave";2018;3;20
"Ballino_Fiave";2018;11;8
"Ballino_Fiave";2018;12;7
"Ballino_Fiave";2019;1;14
"Ballino_Fiave";2019;2;31
"Ballino_Fiave";2019;3;4
"Ballino_Fiave";2019;10;0
"Ballino_Fiave";2019;11;1
"Ballino_Fiave";2019;12;12
"Ballino_Fiave";2020;1;0
"Ballino_Fiave";2020;2;0
"Ballino_Fiave";2020;3;12
"Bolzano";1990;10;0
"Bolzano";1990;11;6
"Bolzano";1990;12;16
"Bolzano";1991;2;31
"Bolzano";1991;11;2
"Bolzano";1991;12;24
"Bolzano";1992;12;6
"Bolzano";1993;12;22
"Bolzano";1994;1;34
"Bolzano";1994;12;12
"Bolzano";1995;1;14
"Bolzano";1995;3;0
"Bolzano";1995;12;12
"Bolzano";1996;1;4
"Bolzano";1996;2;8
"Bolzano";1996;11;6
"Bolzano";1997;12;38
"Bolzano";1997;1;7
"Bolzano";1998;1;7
"Bolzano";1998;3;2
"Bolzano";1998;12;3
"Bolzano";1999;1;10
"Bolzano";1999;2;7
"Bolzano";1999;3;2
"Bolzano";1999;11;7
"Bolzano";1999;12;13
"Bolzano";2000;2;2
"Bolzano";2000;12;12
"Bolzano";2001;1;14
"Bolzano";2001;2;9
"Bolzano";2001;3;2
"Bolzano";2002;1;0
"Bolzano";2002;2;0
"Bolzano";2003;1;18
"Bolzano";2003;2;1
"Bolzano";2003;12;6
"Bolzano";2004;1;1
"Bolzano";2004;2;2
"Bolzano";2004;3;0
"Bolzano";2004;12;12
"Bolzano";2005;1;3
"Bolzano";2005;2;2
"Bolzano";2005;3;12
"Bolzano";2005;11;16
"Bolzano";2005;12;37
"Bolzano";2006;1;8
"Bolzano";2007;1;0
"Bolzano";2008;1;4
"Bolzano";2008;3;0
"Bolzano";2008;11;24
"Bolzano";2008;12;42
"Bolzano";2009;1;17
"Bolzano";2009;2;2
"Bolzano";2009;12;30
"Bolzano";2010;1;4
"Bolzano";2010;2;5
"Bolzano";2010;11;12
"Bolzano";2010;12;24
"Bolzano";2011;12;0
"Bolzano";2012;1;2
"Bolzano";2012;12;8
"Bolzano";2013;1;7
"Bolzano";2013;2;4
"Bolzano";2013;3;7
"Bolzano";2013;12;0
"Bolzano";2014;1;19
"Bolzano";2014;12;2
"Bolzano";2015;1;4
"Bolzano";2016;1;4
"Bolzano";2016;3;3
"Bolzano";2016;11;0
"Bolzano";2017;1;2
"Bolzano";2017;11;0
"Bolzano";2017;12;19
"Bolzano";2018;1;0
"Bolzano";2018;2;1
"Bolzano";2018;3;4
"Bolzano";2019;1;1
"Bolzano";2019;10;0
"Bolzano";2019;11;0
"Bolzano";2019;12;2
"Bolzano";2020;1;0
"Bolzano";2020;2;0
"Bolzano";2020;3;2
"Mori";1982;9;0
"Mori";1982;10;0
"Mori";1982;11;0
"Mori";1982;12;0
"Mori";1983;1;0
"Mori";1983;2;0
"Mori";1983;3;0
"Mori";1983;4;0
"Mori";1983;9;0
"Mori";1983;10;0
"Mori";1983;11;0
"Mori";1983;12;15
"Mori";1984;1;22
"Mori";1984;2;12
"Mori";1984;3;0
"Mori";1984;4;0
"Mori";1984;9;0
"Mori";1984;10;0
"Mori";1984;11;0
"Mori";1984;12;10
"Mori";1985;1;151
"Mori";1985;2;1
"Mori";1985;3;10
"Mori";1985;4;0
"Mori";1985;9;0
"Mori";1985;10;0
"Mori";1985;11;0
"Mori";1985;12;15
"Mori";1986;1;63
"Mori";1986;2;7
"Mori";1986;3;5
"Mori";1986;4;0
"Mori";1986;9;0
"Mori";1986;10;0
"Mori";1986;11;0
"Mori";1986;12;4
"Mori";1987;1;36
"Mori";1987;2;0
"Mori";1987;3;0
"Mori";1987;4;0
"Mori";1987;9;0
"Mori";1987;10;0
"Mori";1987;11;0
"Mori";1987;12;0
"Mori";1988;1;15
"Mori";1988;2;30
"Mori";1988;3;0
"Mori";1988;4;0
"Mori";1997;9;0
"Mori";1997;10;0
"Mori";1997;11;0
"Mori";1997;12;7
"Mori";1998;1;10
"Mori";1998;2;0
"Mori";1998;3;0
"Mori";1998;4;0
"Mori";1998;9;0
"Mori";1998;10;0
"Mori";1998;11;1
"Mori";1998;12;2
"Mori";1999;1;0
"Mori";1999;2;16
"Mori";1999;3;9
"Mori";1999;4;0
"Mori";1999;9;0
"Mori";1999;10;0
"Mori";1999;11;17
"Mori";1999;12;10
"Mori";2000;1;0
"Mori";2000;2;0
"Mori";2000;3;0
"Mori";2000;4;0
"Mori";2000;9;0
"Mori";2000;10;0
"Mori";2000;11;0
"Mori";2000;12;20
"Mori";2001;1;9
"Mori";2001;2;4
"Mori";2001;3;5
"Mori";2001;4;0
"Mori";2001;9;0
"Mori";2001;10;0
"Mori";2001;11;0
"Mori";2001;12;0
"Mori";2002;1;0
"Mori";2002;2;0
"Mori";2002;3;0
"Mori";2002;4;0
"Mori";2002;9;0
"Mori";2002;10;0
"Mori";2002;11;0
"Mori";2002;12;0
"Mori";2003;1;1
"Mori";2003;2;2
"Mori";2003;3;0
"Mori";2003;4;0
"Mori";2003;9;0
"Mori";2003;10;0
"Mori";2003;11;0
"Mori";2003;12;0
"Mori";2004;1;4
"Mori";2004;2;3
"Mori";2004;3;19
"Mori";2004;4;0
"Mori";2004;9;0
"Mori";2004;10;0
"Mori";2004;11;0
"Mori";2004;12;0
"Mori";2005;1;19
"Mori";2005;2;4
"Mori";2005;3;0
"Mori";2005;4;11
"Mori";2005;9;0
"Mori";2005;10;0
"Mori";2005;11;32
"Mori";2005;12;46
"Mori";2006;1;56
"Mori";2006;2;1
"Mori";2006;3;0
"Mori";2006;4;0
"Mori";2006;9;0
"Mori";2006;10;0
"Mori";2006;11;0
"Mori";2006;12;0
"Mori";2007;1;1
"Mori";2007;2;0
"Mori";2007;3;0
"Mori";2007;4;0
"Mori";2007;9;0
"Mori";2007;10;0
"Mori";2007;11;0
"Mori";2007;12;0
"Mori";2008;1;12
"Mori";2008;2;0
"Mori";2008;3;0
"Mori";2008;4;0
"Mori";2008;9;0
"Mori";2008;10;0
"Mori";2008;11;36
"Mori";2008;12;28
"Mori";2009;1;17
"Mori";2009;2;0
"Mori";2009;3;0
"Mori";2009;4;0
"Mori";2009;9;0
"Mori";2009;10;0
"Mori";2009;11;0
"Mori";2009;12;20
"Mori";2010;1;6
"Mori";2010;2;2
"Mori";2010;3;0
"Mori";2010;4;0
"Mori";2010;9;0
"Mori";2010;10;0
"Mori";2010;11;17
"Mori";2010;12;40
"Mori";2011;1;2
"Mori";2011;2;2
"Mori";2011;3;0
"Mori";2011;4;0
"Mori";2011;9;0
"Mori";2011;10;0
"Mori";2011;11;0
"Mori";2011;12;0
"Mori";2012;1;0
"Mori";2012;2;0
"Mori";2012;3;0
"Mori";2012;4;0
"Mori";2012;9;0
"Mori";2012;10;0
"Mori";2012;11;0
"Mori";2012;12;21
"Mori";2013;1;1
"Mori";2013;2;37
"Mori";2013;3;3
"Mori";2013;4;0
"Mori";2013;9;0
"Mori";2013;10;0
"Mori";2013;11;0
"Mori";2013;12;0
"Mori";2014;1;6
"Mori";2014;2;0
"Mori";2014;3;0
"Mori";2014;4;0
"Mori";2014;9;0
"Mori";2014;10;0
"Mori";2014;11;0
"Mori";2014;12;18
"Mori";2015;1;7
"Mori";2015;2;1
"Mori";2015;3;0
"Mori";2015;4;0
"Mori";2015;9;0
"Mori";2015;10;0
"Mori";2015;11;0
"Mori";2015;12;0
"Mori";2016;1;4
"Mori";2016;2;0
"Mori";2016;3;0
"Mori";2016;4;0
"Mori";2016;9;0
"Mori";2016;10;0
"Mori";2016;11;0
"Mori";2016;12;0
"Mori";2017;1;7
"Mori";2017;2;0
"Mori";2017;3;0
"Mori";2017;4;0
"Mori";2017;9;0
"Mori";2017;10;0
"Mori";2017;11;2
"Mori";2017;12;16
"Mori";2018;1;1
"Mori";2018;2;1
"Mori";2018;3;5
"Mori";2018;4;0
"Mori";2018;9;0
"Mori";2018;10;0
"Mori";2018;11;0
"Mori";2018;12;8
"Mori";2019;1;8
"Mori";2019;2;5
"Mori";2019;3;0
"Mori";2019;4;0
"Mori";2019;9;0
"Mori";2019;10;0
"Mori";2019;11;0
"Mori";2019;12;5
"Mori";2020;1;0
"Mori";2020;2;0
"Mori";2020;3;0
"Mori";2020;4;0
"Riva_del_Garda";1925;1;0
"Riva_del_Garda";1925;2;0
"Riva_del_Garda";1925;3;0
"Riva_del_Garda";1925;4;0
"Riva_del_Garda";1925;5;0
"Riva_del_Garda";1925;6;0
"Riva_del_Garda";1925;7;0
"Riva_del_Garda";1925;8;0
"Riva_del_Garda";1925;9;0
"Riva_del_Garda";1925;10;0
"Riva_del_Garda";1925;11;0
"Riva_del_Garda";1925;12;23
"Riva_del_Garda";1926;1;32
"Riva_del_Garda";1926;2;0
"Riva_del_Garda";1926;3;0
"Riva_del_Garda";1926;4;0
"Riva_del_Garda";1926;5;0
"Riva_del_Garda";1926;6;0
"Riva_del_Garda";1926;7;0
"Riva_del_Garda";1926;8;0
"Riva_del_Garda";1926;9;0
"Riva_del_Garda";1926;10;0
"Riva_del_Garda";1926;11;0
"Riva_del_Garda";1926;12;2
"Riva_del_Garda";1927;1;10
"Riva_del_Garda";1927;2;2
"Riva_del_Garda";1927;3;0
"Riva_del_Garda";1927;4;0
"Riva_del_Garda";1927;5;0
"Riva_del_Garda";1927;6;0
"Riva_del_Garda";1927;7;0
"Riva_del_Garda";1927;8;0
"Riva_del_Garda";1927;9;0
"Riva_del_Garda";1927;10;0
"Riva_del_Garda";1927;11;2
"Riva_del_Garda";1927;12;18
"Riva_del_Garda";1928;1;8
"Riva_del_Garda";1928;2;0
"Riva_del_Garda";1928;3;2
"Riva_del_Garda";1928;4;0
"Riva_del_Garda";1928;5;0
"Riva_del_Garda";1928;6;0
"Riva_del_Garda";1928;7;0
"Riva_del_Garda";1928;8;0
"Riva_del_Garda";1928;9;0
"Riva_del_Garda";1928;10;0
"Riva_del_Garda";1928;11;0
"Riva_del_Garda";1928;12;1
"Riva_del_Garda";1929;1;15
"Riva_del_Garda";1929;2;15
"Riva_del_Garda";1929;3;0
"Riva_del_Garda";1929;4;0
"Riva_del_Garda";1929;5;0
"Riva_del_Garda";1929;6;0
"Riva_del_Garda";1929;7;0
"Riva_del_Garda";1929;8;0
"Riva_del_Garda";1929;9;0
"Riva_del_Garda";1929;10;0
"Riva_del_Garda";1929;11;0
"Riva_del_Garda";1929;12;0
"Riva_del_Garda";1930;1;6
"Riva_del_Garda";1930;2;1
"Riva_del_Garda";1930;3;0
"Riva_del_Garda";1930;4;0
"Riva_del_Garda";1930;5;0
"Riva_del_Garda";1930;6;0
"Riva_del_Garda";1930;7;0
"Riva_del_Garda";1930;8;0
"Riva_del_Garda";1930;9;0
"Riva_del_Garda";1930;10;0
"Riva_del_Garda";1930;11;0
"Riva_del_Garda";1930;12;2
"Riva_del_Garda";1931;1;5
"Riva_del_Garda";1931;2;5
"Riva_del_Garda";1931;3;0
"Riva_del_Garda";1931;4;0
"Riva_del_Garda";1931;5;0
"Riva_del_Garda";1931;6;0
"Riva_del_Garda";1931;7;0
"Riva_del_Garda";1931;8;0
"Riva_del_Garda";1931;9;0
"Riva_del_Garda";1931;10;0
"Riva_del_Garda";1931;11;0
"Riva_del_Garda";1931;12;0
"Riva_del_Garda";1932;1;0
"Riva_del_Garda";1932;2;3
"Riva_del_Garda";1932;3;1
"Riva_del_Garda";1932;4;0
"Riva_del_Garda";1932;5;0
"Riva_del_Garda";1932;6;0
"Riva_del_Garda";1932;7;0
"Riva_del_Garda";1932;8;0
"Riva_del_Garda";1932;9;0
"Riva_del_Garda";1932;10;0
"Riva_del_Garda";1932;11;0
"Riva_del_Garda";1932;12;2
"Riva_del_Garda";1933;1;19
"Riva_del_Garda";1933;2;17
"Riva_del_Garda";1933;3;0
"Riva_del_Garda";1933;4;0
"Riva_del_Garda";1933;5;0
"Riva_del_Garda";1933;6;0
"Riva_del_Garda";1933;7;0
"Riva_del_Garda";1933;8;0
"Riva_del_Garda";1933;9;0
"Riva_del_Garda";1933;10;0
"Riva_del_Garda";1933;11;3
"Riva_del_Garda";1933;12;39
"Riva_del_Garda";1934;1;17
"Riva_del_Garda";1934;2;0
"Riva_del_Garda";1934;3;0
"Riva_del_Garda";1934;4;0
"Riva_del_Garda";1934;5;0
"Riva_del_Garda";1934;6;0
"Riva_del_Garda";1934;7;0
"Riva_del_Garda";1934;8;0
"Riva_del_Garda";1934;9;0
"Riva_del_Garda";1934;10;0
"Riva_del_Garda";1934;11;0
"Riva_del_Garda";1934;12;0
"Riva_del_Garda";1935;1;6
"Riva_del_Garda";1935;2;3
"Riva_del_Garda";1935;3;0
"Riva_del_Garda";1935;4;0
"Riva_del_Garda";1935;5;0
"Riva_del_Garda";1935;6;0
"Riva_del_Garda";1935;7;0
"Riva_del_Garda";1935;8;0
"Riva_del_Garda";1935;9;0
"Riva_del_Garda";1935;10;0
"Riva_del_Garda";1935;11;0
"Riva_del_Garda";1935;12;43
"Riva_del_Garda";1936;1;15
"Riva_del_Garda";1936;2;0
"Riva_del_Garda";1936;3;0
"Riva_del_Garda";1936;4;0
"Riva_del_Garda";1936;5;0
"Riva_del_Garda";1936;6;0
"Riva_del_Garda";1936;7;0
"Riva_del_Garda";1936;8;0
"Riva_del_Garda";1936;9;0
"Riva_del_Garda";1936;10;0
"Riva_del_Garda";1936;11;0
"Riva_del_Garda";1936;12;0
"Riva_del_Garda";1937;1;7
"Riva_del_Garda";1937;2;4
"Riva_del_Garda";1937;3;0
"Riva_del_Garda";1937;4;0
"Riva_del_Garda";1937;5;0
"Riva_del_Garda";1937;6;0
"Riva_del_Garda";1937;7;0
"Riva_del_Garda";1937;8;0
"Riva_del_Garda";1937;9;0
"Riva_del_Garda";1937;10;0
"Riva_del_Garda";1937;11;4
"Riva_del_Garda";1937;12;3
"Riva_del_Garda";1938;1;7
"Riva_del_Garda";1938;2;1
"Riva_del_Garda";1938;3;0
"Riva_del_Garda";1938;4;0
"Riva_del_Garda";1938;5;0
"Riva_del_Garda";1938;6;0
"Riva_del_Garda";1938;7;0
"Riva_del_Garda";1938;8;0
"Riva_del_Garda";1938;9;0
"Riva_del_Garda";1938;10;0
"Riva_del_Garda";1938;11;0
"Riva_del_Garda";1938;12;80
"Riva_del_Garda";1939;1;14
"Riva_del_Garda";1939;2;0
"Riva_del_Garda";1939;3;0
"Riva_del_Garda";1939;4;0
"Riva_del_Garda";1939;5;0
"Riva_del_Garda";1939;6;0
"Riva_del_Garda";1939;7;0
"Riva_del_Garda";1939;8;0
"Riva_del_Garda";1939;9;0
"Riva_del_Garda";1939;10;1
"Riva_del_Garda";1939;11;0
"Riva_del_Garda";1939;12;1
"Riva_del_Garda";1940;1;9
"Riva_del_Garda";1940;2;11
"Riva_del_Garda";1940;3;0
"Riva_del_Garda";1940;4;0
"Riva_del_Garda";1940;5;0
"Riva_del_Garda";1940;6;0
"Riva_del_Garda";1940;7;0
"Riva_del_Garda";1940;8;0
"Riva_del_Garda";1940;9;0
"Riva_del_Garda";1940;10;0
"Riva_del_Garda";1940;11;0
"Riva_del_Garda";1940;12;0
"Riva_del_Garda";1941;1;8
"Riva_del_Garda";1941;2;0
"Riva_del_Garda";1941;3;0
"Riva_del_Garda";1941;4;0
"Riva_del_Garda";1941;5;0
"Riva_del_Garda";1941;6;0
"Riva_del_Garda";1941;7;0
"Riva_del_Garda";1941;8;0
"Riva_del_Garda";1941;9;0
"Riva_del_Garda";1941;10;0
"Riva_del_Garda";1941;11;0
"Riva_del_Garda";1941;12;1
"Riva_del_Garda";1942;1;5
"Riva_del_Garda";1942;2;8
"Riva_del_Garda";1942;3;0
"Riva_del_Garda";1942;4;0
"Riva_del_Garda";1942;5;0
"Riva_del_Garda";1942;6;0
"Riva_del_Garda";1942;7;0
"Riva_del_Garda";1942;8;0
"Riva_del_Garda";1942;9;0
"Riva_del_Garda";1942;10;0
"Riva_del_Garda";1942;11;0
"Riva_del_Garda";1942;12;5
"Riva_del_Garda";1943;1;11
"Riva_del_Garda";1943;2;5
"Riva_del_Garda";1943;3;0
"Riva_del_Garda";1943;4;0
"Riva_del_Garda";1943;5;0
"Riva_del_Garda";1943;6;0
"Riva_del_Garda";1943;7;0
"Riva_del_Garda";1943;8;0
"Riva_del_Garda";1943;9;0
"Riva_del_Garda";1943;10;0
"Riva_del_Garda";1943;11;2
"Riva_del_Garda";1943;12;0
"Riva_del_Garda";1944;1;0
"Riva_del_Garda";1944;2;1
"Riva_del_Garda";1944;3;0
"Riva_del_Garda";1944;4;0
"Riva_del_Garda";1944;5;0
"Riva_del_Garda";1944;6;0
"Riva_del_Garda";1944;7;0
"Riva_del_Garda";1944;8;0
"Riva_del_Garda";1944;9;0
"Riva_del_Garda";1944;10;0
"Riva_del_Garda";1944;11;0
"Riva_del_Garda";1944;12;8
"Riva_del_Garda";1945;1;36
"Riva_del_Garda";1945;2;6
"Riva_del_Garda";1945;3;0
"Riva_del_Garda";1945;4;0
"Riva_del_Garda";1945;5;0
"Riva_del_Garda";1945;6;0
"Riva_del_Garda";1945;7;0
"Riva_del_Garda";1945;8;0
"Riva_del_Garda";1945;9;0
"Riva_del_Garda";1945;10;0
"Riva_del_Garda";1945;11;0
"Riva_del_Garda";1945;12;0
"Riva_del_Garda";1946;1;20
"Riva_del_Garda";1946;2;4
"Riva_del_Garda";1946;3;0
"Riva_del_Garda";1946;4;0
"Riva_del_Garda";1946;5;0
"Riva_del_Garda";1946;6;0
"Riva_del_Garda";1946;7;0
"Riva_del_Garda";1946;8;0
"Riva_del_Garda";1946;9;0
"Riva_del_Garda";1946;10;0
"Riva_del_Garda";1946;11;0
"Riva_del_Garda";1946;12;18
"Riva_del_Garda";1947;1;12
"Riva_del_Garda";1947;2;57
"Riva_del_Garda";1947;3;0
"Riva_del_Garda";1947;4;0
"Riva_del_Garda";1947;5;0
"Riva_del_Garda";1947;6;0
"Riva_del_Garda";1947;7;0
"Riva_del_Garda";1947;8;0
"Riva_del_Garda";1947;9;0
"Riva_del_Garda";1947;10;0
"Riva_del_Garda";1947;11;3
"Riva_del_Garda";1947;12;0
"Riva_del_Garda";1948;1;28
"Riva_del_Garda";1948;2;30
"Riva_del_Garda";1948;3;0
"Riva_del_Garda";1948;4;0
"Riva_del_Garda";1948;5;0
"Riva_del_Garda";1948;6;0
"Riva_del_Garda";1948;7;0
"Riva_del_Garda";1948;8;0
"Riva_del_Garda";1948;9;0
"Riva_del_Garda";1948;10;0
"Riva_del_Garda";1948;11;0
"Riva_del_Garda";1948;12;10
"Riva_del_Garda";1949;1;0
"Riva_del_Garda";1949;2;0
"Riva_del_Garda";1949;3;1
"Riva_del_Garda";1949;4;0
"Riva_del_Garda";1949;5;0
"Riva_del_Garda";1949;6;0
"Riva_del_Garda";1949;7;0
"Riva_del_Garda";1949;8;0
"Riva_del_Garda";1949;9;0
"Riva_del_Garda";1949;10;0
"Riva_del_Garda";1949;11;0
"Riva_del_Garda";1949;12;12
"Riva_del_Garda";1950;1;4
"Riva_del_Garda";1950;2;0
"Riva_del_Garda";1950;3;0
"Riva_del_Garda";1950;4;0
"Riva_del_Garda";1950;5;0
"Riva_del_Garda";1950;6;0
"Riva_del_Garda";1950;7;0
"Riva_del_Garda";1950;8;0
"Riva_del_Garda";1950;9;0
"Riva_del_Garda";1950;10;0
"Riva_del_Garda";1950;11;0
"Riva_del_Garda";1950;12;21
"Riva_del_Garda";1951;1;17
"Riva_del_Garda";1951;2;5
"Riva_del_Garda";1951;3;0
"Riva_del_Garda";1951;4;0
"Riva_del_Garda";1951;5;0
"Riva_del_Garda";1951;6;0
"Riva_del_Garda";1951;7;0
"Riva_del_Garda";1951;8;0
"Riva_del_Garda";1951;9;0
"Riva_del_Garda";1951;10;0
"Riva_del_Garda";1951;11;0
"Riva_del_Garda";1951;12;0
"Riva_del_Garda";1952;1;32
"Riva_del_Garda";1952;2;5
"Riva_del_Garda";1952;3;0
"Riva_del_Garda";1952;4;0
"Riva_del_Garda";1952;5;0
"Riva_del_Garda";1952;6;0
"Riva_del_Garda";1952;7;0
"Riva_del_Garda";1952;8;0
"Riva_del_Garda";1952;9;0
"Riva_del_Garda";1952;10;0
"Riva_del_Garda";1952;11;0
"Riva_del_Garda";1952;12;24
"Riva_del_Garda";1953;1;0
"Riva_del_Garda";1953;2;14
"Riva_del_Garda";1953;3;0
"Riva_del_Garda";1953;4;0
"Riva_del_Garda";1953;5;0
"Riva_del_Garda";1953;6;0
"Riva_del_Garda";1953;7;0
"Riva_del_Garda";1953;8;0
"Riva_del_Garda";1953;9;0
"Riva_del_Garda";1953;10;0
"Riva_del_Garda";1953;11;0
"Riva_del_Garda";1953;12;0
"Riva_del_Garda";1954;1;15
"Riva_del_Garda";1954;2;2
"Riva_del_Garda";1954;3;0
"Riva_del_Garda";1954;4;0
"Riva_del_Garda";1954;5;0
"Riva_del_Garda";1954;6;0
"Riva_del_Garda";1954;7;0
"Riva_del_Garda";1954;8;0
"Riva_del_Garda";1954;9;0
"Riva_del_Garda";1954;10;0
"Riva_del_Garda";1954;11;0
"Riva_del_Garda";1954;12;7
"Riva_del_Garda";1955;1;9
"Riva_del_Garda";1955;2;33
"Riva_del_Garda";1955;3;2
"Riva_del_Garda";1955;4;0
"Riva_del_Garda";1955;5;0
"Riva_del_Garda";1955;6;0
"Riva_del_Garda";1955;7;0
"Riva_del_Garda";1955;8;0
"Riva_del_Garda";1955;9;0
"Riva_del_Garda";1955;10;0
"Riva_del_Garda";1955;11;0
"Riva_del_Garda";1955;12;0
"Riva_del_Garda";1956;1;22
"Riva_del_Garda";1956;2;18
"Riva_del_Garda";1956;3;0
"Riva_del_Garda";1956;4;0
"Riva_del_Garda";1956;5;0
"Riva_del_Garda";1956;6;0
"Riva_del_Garda";1956;7;0
"Riva_del_Garda";1956;8;0
"Riva_del_Garda";1956;9;0
"Riva_del_Garda";1956;10;0
"Riva_del_Garda";1956;11;0
"Riva_del_Garda";1956;12;5
"Riva_del_Garda";1957;1;3
"Riva_del_Garda";1957;2;0
"Riva_del_Garda";1957;3;0
"Riva_del_Garda";1957;4;0
"Riva_del_Garda";1957;5;0
"Riva_del_Garda";1957;6;0
"Riva_del_Garda";1957;7;0
"Riva_del_Garda";1957;8;0
"Riva_del_Garda";1957;9;0
"Riva_del_Garda";1957;10;0
"Riva_del_Garda";1957;11;0
"Riva_del_Garda";1957;12;15
"Riva_del_Garda";1958;1;14
"Riva_del_Garda";1958;2;0
"Riva_del_Garda";1958;3;11
"Riva_del_Garda";1958;4;0
"Riva_del_Garda";1958;5;0
"Riva_del_Garda";1958;6;0
"Riva_del_Garda";1958;7;0
"Riva_del_Garda";1958;8;0
"Riva_del_Garda";1958;9;0
"Riva_del_Garda";1958;10;0
"Riva_del_Garda";1958;11;0
"Riva_del_Garda";1958;12;15
"Riva_del_Garda";1959;1;3
"Riva_del_Garda";1959;2;0
"Riva_del_Garda";1959;3;0
"Riva_del_Garda";1959;4;0
"Riva_del_Garda";1959;5;0
"Riva_del_Garda";1959;6;0
"Riva_del_Garda";1959;7;0
"Riva_del_Garda";1959;8;0
"Riva_del_Garda";1959;9;0
"Riva_del_Garda";1959;10;0
"Riva_del_Garda";1959;11;0
"Riva_del_Garda";1959;12;24
"Riva_del_Garda";1960;1;15
"Riva_del_Garda";1960;2;10
"Riva_del_Garda";1960;3;0
"Riva_del_Garda";1960;4;0
"Riva_del_Garda";1960;5;0
"Riva_del_Garda";1960;6;0
"Riva_del_Garda";1960;7;0
"Riva_del_Garda";1960;8;0
"Riva_del_Garda";1960;9;0
"Riva_del_Garda";1960;10;0
"Riva_del_Garda";1960;11;0
"Riva_del_Garda";1960;12;0
"Riva_del_Garda";1961;1;28
"Riva_del_Garda";1961;2;5
"Riva_del_Garda";1961;3;0
"Riva_del_Garda";1961;4;0
"Riva_del_Garda";1961;5;0
"Riva_del_Garda";1961;6;0
"Riva_del_Garda";1961;7;0
"Riva_del_Garda";1961;8;0
"Riva_del_Garda";1961;9;0
"Riva_del_Garda";1961;10;0
"Riva_del_Garda";1961;11;0
"Riva_del_Garda";1961;12;16
"Riva_del_Garda";1962;1;4
"Riva_del_Garda";1962;2;1
"Riva_del_Garda";1962;3;3
"Riva_del_Garda";1962;4;0
"Riva_del_Garda";1962;5;0
"Riva_del_Garda";1962;6;0
"Riva_del_Garda";1962;7;0
"Riva_del_Garda";1962;8;0
"Riva_del_Garda";1962;9;0
"Riva_del_Garda";1962;10;0
"Riva_del_Garda";1962;11;3
"Riva_del_Garda";1962;12;31
"Riva_del_Garda";1963;1;8
"Riva_del_Garda";1963;2;3
"Riva_del_Garda";1963;3;0
"Riva_del_Garda";1963;4;0
"Riva_del_Garda";1963;5;0
"Riva_del_Garda";1963;6;0
"Riva_del_Garda";1963;7;0
"Riva_del_Garda";1963;8;0
"Riva_del_Garda";1963;9;0
"Riva_del_Garda";1963;10;0
"Riva_del_Garda";1963;11;0
"Riva_del_Garda";1963;12;21
"Riva_del_Garda";1964;1;10
"Riva_del_Garda";1964;2;0
"Riva_del_Garda";1964;3;0
"Riva_del_Garda";1964;4;0
"Riva_del_Garda";1964;5;0
"Riva_del_Garda";1964;6;0
"Riva_del_Garda";1964;7;0
"Riva_del_Garda";1964;8;0
"Riva_del_Garda";1964;9;0
"Riva_del_Garda";1964;10;0
"Riva_del_Garda";1964;11;0
"Riva_del_Garda";1964;12;18
"Riva_del_Garda";1965;1;6
"Riva_del_Garda";1965;2;0
"Riva_del_Garda";1965;3;21
"Riva_del_Garda";1965;4;0
"Riva_del_Garda";1965;5;0
"Riva_del_Garda";1965;6;0
"Riva_del_Garda";1965;7;0
"Riva_del_Garda";1965;8;0
"Riva_del_Garda";1965;9;0
"Riva_del_Garda";1965;10;0
"Riva_del_Garda";1965;11;16
"Riva_del_Garda";1965;12;16
"Riva_del_Garda";1966;1;24
"Riva_del_Garda";1966;2;0
"Riva_del_Garda";1966;3;0
"Riva_del_Garda";1966;4;0
"Riva_del_Garda";1966;5;0
"Riva_del_Garda";1966;6;0
"Riva_del_Garda";1966;7;0
"Riva_del_Garda";1966;8;0
"Riva_del_Garda";1966;9;0
"Riva_del_Garda";1966;10;0
"Riva_del_Garda";1966;11;8
"Riva_del_Garda";1966;12;10
"Riva_del_Garda";1967;1;0
"Riva_del_Garda";1967;2;18
"Riva_del_Garda";1967;3;0
"Riva_del_Garda";1967;4;0
"Riva_del_Garda";1967;5;0
"Riva_del_Garda";1967;6;0
"Riva_del_Garda";1967;7;0
"Riva_del_Garda";1967;8;0
"Riva_del_Garda";1967;9;0
"Riva_del_Garda";1967;10;0
"Riva_del_Garda";1967;11;0
"Riva_del_Garda";1967;12;0
"Riva_del_Garda";1968;1;18
"Riva_del_Garda";1968;2;0
"Riva_del_Garda";1968;3;0
"Riva_del_Garda";1968;4;0
"Riva_del_Garda";1968;5;0
"Riva_del_Garda";1968;6;0
"Riva_del_Garda";1968;7;0
"Riva_del_Garda";1968;8;0
"Riva_del_Garda";1968;9;0
"Riva_del_Garda";1968;10;0
"Riva_del_Garda";1968;11;1
"Riva_del_Garda";1968;12;2
"Riva_del_Garda";1969;1;9
"Riva_del_Garda";1969;2;27
"Riva_del_Garda";1969;3;0
"Riva_del_Garda";1969;4;0
"Riva_del_Garda";1969;5;0
"Riva_del_Garda";1969;6;0
"Riva_del_Garda";1969;7;0
"Riva_del_Garda";1969;8;0
"Riva_del_Garda";1969;9;0
"Riva_del_Garda";1969;10;0
"Riva_del_Garda";1969;11;0
"Riva_del_Garda";1969;12;3
"Riva_del_Garda";1970;1;29
"Riva_del_Garda";1970;2;10
"Riva_del_Garda";1970;3;9
"Riva_del_Garda";1970;4;0
"Riva_del_Garda";1970;5;0
"Riva_del_Garda";1970;6;0
"Riva_del_Garda";1970;7;0
"Riva_del_Garda";1970;8;0
"Riva_del_Garda";1970;9;0
"Riva_del_Garda";1970;10;0
"Riva_del_Garda";1970;11;0
"Riva_del_Garda";1970;12;10
"Riva_del_Garda";1971;1;0
"Riva_del_Garda";1971;2;0
"Riva_del_Garda";1971;3;0
"Riva_del_Garda";1971;4;0
"Riva_del_Garda";1971;5;0
"Riva_del_Garda";1971;6;0
"Riva_del_Garda";1971;7;0
"Riva_del_Garda";1971;8;0
"Riva_del_Garda";1971;9;0
"Riva_del_Garda";1971;10;0
"Riva_del_Garda";1971;11;2
"Riva_del_Garda";1971;12;10
"Riva_del_Garda";1972;1;4
"Riva_del_Garda";1972;2;0
"Riva_del_Garda";1972;3;0
"Riva_del_Garda";1972;4;0
"Riva_del_Garda";1972;5;0
"Riva_del_Garda";1972;6;0
"Riva_del_Garda";1972;7;0
"Riva_del_Garda";1972;8;0
"Riva_del_Garda";1972;9;0
"Riva_del_Garda";1972;10;0
"Riva_del_Garda";1972;11;11
"Riva_del_Garda";1972;12;0
"Riva_del_Garda";1973;1;7
"Riva_del_Garda";1973;2;7
"Riva_del_Garda";1973;3;0
"Riva_del_Garda";1973;4;0
"Riva_del_Garda";1973;5;0
"Riva_del_Garda";1973;6;0
"Riva_del_Garda";1973;7;0
"Riva_del_Garda";1973;8;0
"Riva_del_Garda";1973;9;0
"Riva_del_Garda";1973;10;0
"Riva_del_Garda";1973;11;0
"Riva_del_Garda";1973;12;1
"Riva_del_Garda";1974;1;0
"Riva_del_Garda";1974;2;0
"Riva_del_Garda";1974;3;0
"Riva_del_Garda";1974;4;0
"Riva_del_Garda";1974;5;0
"Riva_del_Garda";1974;6;0
"Riva_del_Garda";1974;7;0
"Riva_del_Garda";1974;8;0
"Riva_del_Garda";1974;9;0
"Riva_del_Garda";1974;10;0
"Riva_del_Garda";1974;11;0
"Riva_del_Garda";1974;12;0
"Riva_del_Garda";1975;1;0
"Riva_del_Garda";1975;2;0
"Riva_del_Garda";1975;3;0
"Riva_del_Garda";1975;4;0
"Riva_del_Garda";1975;5;0
"Riva_del_Garda";1975;6;0
"Riva_del_Garda";1975;7;0
"Riva_del_Garda";1975;8;0
"Riva_del_Garda";1975;9;0
"Riva_del_Garda";1975;10;0
"Riva_del_Garda";1975;11;3
"Riva_del_Garda";1975;12;0
"Riva_del_Garda";1976;1;10
"Riva_del_Garda";1976;2;1
"Riva_del_Garda";1976;3;2
"Riva_del_Garda";1976;4;0
"Riva_del_Garda";1976;5;0
"Riva_del_Garda";1976;6;0
"Riva_del_Garda";1976;7;0
"Riva_del_Garda";1976;8;0
"Riva_del_Garda";1976;9;0
"Riva_del_Garda";1976;10;0
"Riva_del_Garda";1976;11;0
"Riva_del_Garda";1976;12;18
"Riva_del_Garda";1977;1;37
"Riva_del_Garda";1977;2;0
"Riva_del_Garda";1977;3;0
"Riva_del_Garda";1977;4;0
"Riva_del_Garda";1977;5;0
"Riva_del_Garda";1977;6;0
"Riva_del_Garda";1977;7;0
"Riva_del_Garda";1977;8;0
"Riva_del_Garda";1977;9;0
"Riva_del_Garda";1977;10;0
"Riva_del_Garda";1977;11;4
"Riva_del_Garda";1977;12;12
"Riva_del_Garda";1978;1;50
"Riva_del_Garda";1978;2;45
"Riva_del_Garda";1978;3;0
"Riva_del_Garda";1978;4;0
"Riva_del_Garda";1978;5;0
"Riva_del_Garda";1978;6;0
"Riva_del_Garda";1978;7;0
"Riva_del_Garda";1978;8;0
"Riva_del_Garda";1978;9;0
"Riva_del_Garda";1978;10;0
"Riva_del_Garda";1978;11;0
"Riva_del_Garda";1978;12;7
"Riva_del_Garda";1979;1;22
"Riva_del_Garda";1979;2;0
"Riva_del_Garda";1979;3;2
"Riva_del_Garda";1979;4;0
"Riva_del_Garda";1979;5;0
"Riva_del_Garda";1979;6;0
"Riva_del_Garda";1979;7;0
"Riva_del_Garda";1979;8;0
"Riva_del_Garda";1979;9;0
"Riva_del_Garda";1979;10;0
"Riva_del_Garda";1979;11;0
"Riva_del_Garda";1979;12;23
"Riva_del_Garda";1980;1;8
"Riva_del_Garda";1980;2;0
"Riva_del_Garda";1980;3;0
"Riva_del_Garda";1980;4;0
"Riva_del_Garda";1980;5;0
"Riva_del_Garda";1980;6;0
"Riva_del_Garda";1980;7;0
"Riva_del_Garda";1980;8;0
"Riva_del_Garda";1980;9;0
"Riva_del_Garda";1980;10;0
"Riva_del_Garda";1980;11;0
"Riva_del_Garda";1980;12;1
"Riva_del_Garda";1981;1;2
"Riva_del_Garda";1981;2;0
"Riva_del_Garda";1981;3;0
"Riva_del_Garda";1981;4;0
"Riva_del_Garda";1981;5;0
"Riva_del_Garda";1981;6;0
"Riva_del_Garda";1981;7;0
"Riva_del_Garda";1981;8;0
"Riva_del_Garda";1981;9;0
"Riva_del_Garda";1981;10;0
"Riva_del_Garda";1981;11;0
"Riva_del_Garda";1981;12;60
"Riva_del_Garda";1982;1;1
"Riva_del_Garda";1982;2;18
"Riva_del_Garda";1982;3;0
"Riva_del_Garda";1982;4;0
"Riva_del_Garda";1982;5;0
"Riva_del_Garda";1982;6;0
"Riva_del_Garda";1982;7;0
"Riva_del_Garda";1982;8;0
"Riva_del_Garda";1982;9;0
"Riva_del_Garda";1982;10;0
"Riva_del_Garda";1982;11;0
"Riva_del_Garda";1982;12;0
"Riva_del_Garda";1983;1;0
"Riva_del_Garda";1983;2;6
"Riva_del_Garda";1983;3;0
"Riva_del_Garda";1983;4;0
"Riva_del_Garda";1983;5;0
"Riva_del_Garda";1983;6;0
"Riva_del_Garda";1983;7;0
"Riva_del_Garda";1983;8;0
"Riva_del_Garda";1983;9;0
"Riva_del_Garda";1983;10;0
"Riva_del_Garda";1983;11;0
"Riva_del_Garda";1983;12;15
"Riva_del_Garda";1984;1;6
"Riva_del_Garda";1984;2;3
"Riva_del_Garda";1984;3;0
"Riva_del_Garda";1984;4;0
"Riva_del_Garda";1984;5;0
"Riva_del_Garda";1984;6;0
"Riva_del_Garda";1984;7;0
"Riva_del_Garda";1984;8;0
"Riva_del_Garda";1984;9;0
"Riva_del_Garda";1984;10;0
"Riva_del_Garda";1984;11;0
"Riva_del_Garda";1984;12;10
"Riva_del_Garda";1985;1;112
"Riva_del_Garda";1985;2;0
"Riva_del_Garda";1985;3;2
"Riva_del_Garda";1985;4;0
"Riva_del_Garda";1985;5;0
"Riva_del_Garda";1985;6;0
"Riva_del_Garda";1985;7;0
"Riva_del_Garda";1985;8;0
"Riva_del_Garda";1985;9;0
"Riva_del_Garda";1985;10;0
"Riva_del_Garda";1985;11;0
"Riva_del_Garda";1985;12;0
"Riva_del_Garda";1986;1;18
"Riva_del_Garda";1986;2;7
"Riva_del_Garda";1986;3;3
"Riva_del_Garda";1986;4;0
"Riva_del_Garda";1986;5;0
"Riva_del_Garda";1986;6;0
"Riva_del_Garda";1986;7;0
"Riva_del_Garda";1986;8;0
"Riva_del_Garda";1986;9;0
"Riva_del_Garda";1986;10;0
"Riva_del_Garda";1986;11;0
"Riva_del_Garda";1986;12;0
"Riva_del_Garda";1987;1;26
"Riva_del_Garda";1987;2;0
"Riva_del_Garda";1987;3;0
"Riva_del_Garda";1987;4;0
"Riva_del_Garda";1987;5;0
"Riva_del_Garda";1987;6;0
"Riva_del_Garda";1987;7;0
"Riva_del_Garda";1987;8;0
"Riva_del_Garda";1987;9;0
"Riva_del_Garda";1987;10;0
"Riva_del_Garda";1987;11;0
"Riva_del_Garda";1987;12;0
"Riva_del_Garda";1988;1;12
"Riva_del_Garda";1988;2;11
"Riva_del_Garda";1988;3;0
"Riva_del_Garda";1988;4;0
"Riva_del_Garda";1988;5;0
"Riva_del_Garda";1988;6;0
"Riva_del_Garda";1988;7;0
"Riva_del_Garda";1988;8;0
"Riva_del_Garda";1988;9;0
"Riva_del_Garda";1988;10;0
"Riva_del_Garda";1988;11;0
"Riva_del_Garda";1988;12;0
"Riva_del_Garda";1989;1;0
"Riva_del_Garda";1989;2;0
"Riva_del_Garda";1989;3;0
"Riva_del_Garda";1989;4;0
"Riva_del_Garda";1989;5;0
"Riva_del_Garda";1989;6;0
"Riva_del_Garda";1989;7;0
"Riva_del_Garda";1989;8;0
"Riva_del_Garda";1989;9;0
"Riva_del_Garda";1989;10;0
"Riva_del_Garda";1989;11;0
"Riva_del_Garda";1989;12;0
"Riva_del_Garda";1990;1;0
"Riva_del_Garda";1990;2;0
"Riva_del_Garda";1990;3;0
"Riva_del_Garda";1990;4;0
"Riva_del_Garda";1990;5;0
"Riva_del_Garda";1990;6;0
"Riva_del_Garda";1990;7;0
"Riva_del_Garda";1990;8;0
"Riva_del_Garda";1990;9;0
"Riva_del_Garda";1990;10;0
"Riva_del_Garda";1990;11;0
"Riva_del_Garda";1990;12;1
"Riva_del_Garda";1991;1;0
"Riva_del_Garda";1991;2;35
"Riva_del_Garda";1991;3;0
"Riva_del_Garda";1991;4;0
"Riva_del_Garda";1991;5;0
"Riva_del_Garda";1991;6;0
"Riva_del_Garda";1991;7;0
"Riva_del_Garda";1991;8;0
"Riva_del_Garda";1991;9;0
"Riva_del_Garda";1991;10;0
"Riva_del_Garda";1991;11;0
"Riva_del_Garda";1991;12;2
"Riva_del_Garda";1992;1;3
"Riva_del_Garda";1992;2;0
"Riva_del_Garda";1992;3;0
"Riva_del_Garda";1992;4;0
"Riva_del_Garda";1992;5;0
"Riva_del_Garda";1992;6;0
"Riva_del_Garda";1992;7;0
"Riva_del_Garda";1992;8;0
"Riva_del_Garda";1992;9;0
"Riva_del_Garda";1992;10;0
"Riva_del_Garda";1992;11;0
"Riva_del_Garda";1992;12;0
"Riva_del_Garda";1993;1;0
"Riva_del_Garda";1993;2;0
"Riva_del_Garda";1993;3;0
"Riva_del_Garda";1993;4;0
"Riva_del_Garda";1993;5;0
"Riva_del_Garda";1993;6;0
"Riva_del_Garda";1993;7;0
"Riva_del_Garda";1993;8;0
"Riva_del_Garda";1993;9;0
"Riva_del_Garda";1993;10;0
"Riva_del_Garda";1993;11;0
"Riva_del_Garda";1993;12;17
"Riva_del_Garda";1994;1;6
"Riva_del_Garda";1994;2;0
"Riva_del_Garda";1994;3;0
"Riva_del_Garda";1994;4;0
"Riva_del_Garda";1994;5;0
"Riva_del_Garda";1994;6;0
"Riva_del_Garda";1994;7;0
"Riva_del_Garda";1994;8;0
"Riva_del_Garda";1994;9;0
"Riva_del_Garda";1994;10;0
"Riva_del_Garda";1994;11;0
"Riva_del_Garda";1994;12;0
"Riva_del_Garda";1995;1;2
"Riva_del_Garda";1995;2;0
"Riva_del_Garda";1995;3;0
"Riva_del_Garda";1995;4;0
"Riva_del_Garda";1995;5;0
"Riva_del_Garda";1995;6;0
"Riva_del_Garda";1995;7;0
"Riva_del_Garda";1995;8;0
"Riva_del_Garda";1995;9;0
"Riva_del_Garda";1995;10;0
"Riva_del_Garda";1995;11;0
"Riva_del_Garda";1995;12;12
"Riva_del_Garda";1996;1;1
"Riva_del_Garda";1996;2;2
"Riva_del_Garda";1996;3;0
"Riva_del_Garda";1996;4;0
"Riva_del_Garda";1996;5;0
"Riva_del_Garda";1996;6;0
"Riva_del_Garda";1996;7;0
"Riva_del_Garda";1996;8;0
"Riva_del_Garda";1996;9;0
"Riva_del_Garda";1996;10;0
"Riva_del_Garda";1996;11;0
"Riva_del_Garda";1996;12;24
"Riva_del_Garda";1997;1;8
"Riva_del_Garda";1997;2;0
"Riva_del_Garda";1997;3;0
"Riva_del_Garda";1997;4;0
"Riva_del_Garda";1997;5;0
"Riva_del_Garda";1997;6;0
"Riva_del_Garda";1997;7;0
"Riva_del_Garda";1997;8;0
"Riva_del_Garda";1997;9;0
"Riva_del_Garda";1997;10;0
"Riva_del_Garda";1997;11;0
"Riva_del_Garda";1997;12;0
"Riva_del_Garda";1998;1;3
"Riva_del_Garda";1998;2;0
"Riva_del_Garda";1998;3;0
"Riva_del_Garda";1998;4;0
"Riva_del_Garda";1998;5;0
"Riva_del_Garda";1998;6;0
"Riva_del_Garda";1998;7;0
"Riva_del_Garda";1998;8;0
"Riva_del_Garda";1998;9;0
"Riva_del_Garda";1998;10;0
"Riva_del_Garda";1998;11;0
"Riva_del_Garda";1998;12;0
"Riva_del_Garda";1999;1;0
"Riva_del_Garda";1999;2;14
"Riva_del_Garda";1999;3;0
"Riva_del_Garda";1999;4;0
"Riva_del_Garda";1999;5;0
"Riva_del_Garda";1999;6;0
"Riva_del_Garda";1999;7;0
"Riva_del_Garda";1999;8;0
"Riva_del_Garda";1999;9;0
"Riva_del_Garda";1999;10;0
"Riva_del_Garda";1999;11;7
"Riva_del_Garda";1999;12;7
"Riva_del_Garda";2000;1;0
"Riva_del_Garda";2000;2;0
"Riva_del_Garda";2000;3;0
"Riva_del_Garda";2000;4;0
"Riva_del_Garda";2000;5;0
"Riva_del_Garda";2000;6;0
"Riva_del_Garda";2000;7;0
"Riva_del_Garda";2000;8;0
"Riva_del_Garda";2000;9;0
"Riva_del_Garda";2000;10;0
"Riva_del_Garda";2000;11;0
"Riva_del_Garda";2000;12;13
"Riva_del_Garda";2001;1;4
"Riva_del_Garda";2001;2;0
"Riva_del_Garda";2001;3;0
"Riva_del_Garda";2001;4;0
"Riva_del_Garda";2001;5;0
"Riva_del_Garda";2001;6;0
"Riva_del_Garda";2001;7;0
"Riva_del_Garda";2001;8;0
"Riva_del_Garda";2001;9;0
"Riva_del_Garda";2001;10;0
"Riva_del_Garda";2001;11;0
"Riva_del_Garda";2001;12;0
"Riva_del_Garda";2002;1;0
"Riva_del_Garda";2002;2;0
"Riva_del_Garda";2002;3;0
"Riva_del_Garda";2002;4;0
"Riva_del_Garda";2002;5;0
"Riva_del_Garda";2002;6;0
"Riva_del_Garda";2002;7;0
"Riva_del_Garda";2002;8;0
"Riva_del_Garda";2002;9;0
"Riva_del_Garda";2002;10;0
"Riva_del_Garda";2002;11;0
"Riva_del_Garda";2002;12;0
"Riva_del_Garda";2003;1;0
"Riva_del_Garda";2003;2;2
"Riva_del_Garda";2003;3;0
"Riva_del_Garda";2003;4;0
"Riva_del_Garda";2003;5;0
"Riva_del_Garda";2003;6;0
"Riva_del_Garda";2003;7;0
"Riva_del_Garda";2003;8;0
"Riva_del_Garda";2003;9;0
"Riva_del_Garda";2003;10;0
"Riva_del_Garda";2003;11;0
"Riva_del_Garda";2003;12;0
"Riva_del_Garda";2004;1;0
"Riva_del_Garda";2004;2;0
"Riva_del_Garda";2004;3;0
"Riva_del_Garda";2004;4;0
"Riva_del_Garda";2004;5;0
"Riva_del_Garda";2004;6;0
"Riva_del_Garda";2004;7;0
"Riva_del_Garda";2004;8;0
"Riva_del_Garda";2004;9;0
"Riva_del_Garda";2004;10;0
"Riva_del_Garda";2004;11;0
"Riva_del_Garda";2004;12;0
"Riva_del_Garda";2005;1;7
"Riva_del_Garda";2005;2;0
"Riva_del_Garda";2005;3;18
"Riva_del_Garda";2005;4;0
"Riva_del_Garda";2005;5;0
"Riva_del_Garda";2005;6;0
"Riva_del_Garda";2005;7;0
"Riva_del_Garda";2005;8;0
"Riva_del_Garda";2005;9;0
"Riva_del_Garda";2005;10;0
"Riva_del_Garda";2005;11;17
"Riva_del_Garda";2005;12;16
"Riva_del_Garda";2006;1;51
"Riva_del_Garda";2006;2;0
"Riva_del_Garda";2006;3;0
"Riva_del_Garda";2006;4;0
"Riva_del_Garda";2006;5;0
"Riva_del_Garda";2006;6;0
"Riva_del_Garda";2006;7;0
"Riva_del_Garda";2006;8;0
"Riva_del_Garda";2006;9;0
"Riva_del_Garda";2006;10;0
"Riva_del_Garda";2006;11;0
"Riva_del_Garda";2006;12;0
"Riva_del_Garda";2007;1;0
"Riva_del_Garda";2007;2;0
"Riva_del_Garda";2007;3;0
"Riva_del_Garda";2007;4;0
"Riva_del_Garda";2007;5;0
"Riva_del_Garda";2007;6;0
"Riva_del_Garda";2007;7;0
"Riva_del_Garda";2007;8;0
"Riva_del_Garda";2007;9;0
"Riva_del_Garda";2007;10;0
"Riva_del_Garda";2007;11;0
"Riva_del_Garda";2007;12;0
"Riva_del_Garda";2008;1;2
"Riva_del_Garda";2008;2;0
"Riva_del_Garda";2008;3;0
"Riva_del_Garda";2008;4;0
"Riva_del_Garda";2008;5;0
"Riva_del_Garda";2008;6;0
"Riva_del_Garda";2008;7;0
"Riva_del_Garda";2008;8;0
"Riva_del_Garda";2008;9;0
"Riva_del_Garda";2008;10;0
"Riva_del_Garda";2008;11;14
"Riva_del_Garda";2008;12;6
"Riva_del_Garda";2009;1;2
"Riva_del_Garda";2009;2;0
"Riva_del_Garda";2009;3;0
"Riva_del_Garda";2009;4;0
"Riva_del_Garda";2009;5;0
"Riva_del_Garda";2009;6;0
"Riva_del_Garda";2009;7;0
"Riva_del_Garda";2009;8;0
"Riva_del_Garda";2009;9;0
"Riva_del_Garda";2009;10;0
"Riva_del_Garda";2009;11;0
"Riva_del_Garda";2009;12;30
"Riva_del_Garda";2010;1;4
"Riva_del_Garda";2010;2;0
"Riva_del_Garda";2010;3;0
"Riva_del_Garda";2010;4;0
"Riva_del_Garda";2010;5;0
"Riva_del_Garda";2010;6;0
"Riva_del_Garda";2010;7;0
"Riva_del_Garda";2010;8;0
"Riva_del_Garda";2010;9;0
"Riva_del_Garda";2010;10;0
"Riva_del_Garda";2010;11;0
"Riva_del_Garda";2010;12;13
"Riva_del_Garda";2011;1;0
"Riva_del_Garda";2011;2;0
"Riva_del_Garda";2011;3;0
"Riva_del_Garda";2011;4;0
"Riva_del_Garda";2011;5;0
"Riva_del_Garda";2011;6;0
"Riva_del_Garda";2011;7;0
"Riva_del_Garda";2011;8;0
"Riva_del_Garda";2011;9;0
"Riva_del_Garda";2011;10;0
"Riva_del_Garda";2011;11;0
"Riva_del_Garda";2011;12;0
"Riva_del_Garda";2012;1;0
"Riva_del_Garda";2012;2;8
"Riva_del_Garda";2012;3;0
"Riva_del_Garda";2012;4;0
"Riva_del_Garda";2012;5;0
"Riva_del_Garda";2012;6;0
"Riva_del_Garda";2012;7;0
"Riva_del_Garda";2012;8;0
"Riva_del_Garda";2012;9;0
"Riva_del_Garda";2012;10;0
"Riva_del_Garda";2012;11;0
"Riva_del_Garda";2012;12;20
"Riva_del_Garda";2013;1;1
"Riva_del_Garda";2013;2;9
"Riva_del_Garda";2013;3;0
"Riva_del_Garda";2013;4;0
"Riva_del_Garda";2013;5;0
"Riva_del_Garda";2013;6;0
"Riva_del_Garda";2013;7;0
"Riva_del_Garda";2013;8;0
"Riva_del_Garda";2013;9;0
"Riva_del_Garda";2013;10;0
"Riva_del_Garda";2013;11;0
"Riva_del_Garda";2013;12;0
"Riva_del_Garda";2014;1;1
"Riva_del_Garda";2014;2;0
"Riva_del_Garda";2014;3;0
"Riva_del_Garda";2014;4;0
"Riva_del_Garda";2014;5;0
"Riva_del_Garda";2014;6;0
"Riva_del_Garda";2014;7;0
"Riva_del_Garda";2014;8;0
"Riva_del_Garda";2014;9;0
"Riva_del_Garda";2014;10;0
"Riva_del_Garda";2014;11;0
"Riva_del_Garda";2014;12;6
"Riva_del_Garda";2015;1;2
"Riva_del_Garda";2015;2;0
"Riva_del_Garda";2015;3;0
"Riva_del_Garda";2015;4;0
"Riva_del_Garda";2015;5;0
"Riva_del_Garda";2015;6;0
"Riva_del_Garda";2015;7;0
"Riva_del_Garda";2015;8;0
"Riva_del_Garda";2015;9;0
"Riva_del_Garda";2015;10;0
"Riva_del_Garda";2015;11;0
"Riva_del_Garda";2015;12;0
"Riva_del_Garda";2016;1;0
"Riva_del_Garda";2016;2;0
"Riva_del_Garda";2016;3;0
"Riva_del_Garda";2016;4;0
"Riva_del_Garda";2016;5;0
"Riva_del_Garda";2016;6;0
"Riva_del_Garda";2016;7;0
"Riva_del_Garda";2016;8;0
"Riva_del_Garda";2016;9;0
"Riva_del_Garda";2016;10;0
"Riva_del_Garda";2016;11;0
"Riva_del_Garda";2016;12;0
"Riva_del_Garda";2017;1;8
"Riva_del_Garda";2017;2;0
"Riva_del_Garda";2017;3;0
"Riva_del_Garda";2017;4;0
"Riva_del_Garda";2017;5;0
"Riva_del_Garda";2017;6;0
"Riva_del_Garda";2017;7;0
"Riva_del_Garda";2017;8;0
"Riva_del_Garda";2017;9;0
"Riva_del_Garda";2017;10;0
"Riva_del_Garda";2017;11;0
"Riva_del_Garda";2017;12;19
"Riva_del_Garda";2018;1;0
"Riva_del_Garda";2018;2;1
"Riva_del_Garda";2018;3;14
"Riva_del_Garda";2018;4;0
"Riva_del_Garda";2018;5;0
"Riva_del_Garda";2018;6;0
"Riva_del_Garda";2018;7;0
"Riva_del_Garda";2018;8;0
"Riva_del_Garda";2018;9;0
"Riva_del_Garda";2018;10;0
"Riva_del_Garda";2018;11;0
"Riva_del_Garda";2018;12;1
"Riva_del_Garda";2019;1;1
"Riva_del_Garda";2019;2;1
"Riva_del_Garda";2019;3;0
"Riva_del_Garda";2019;4;0
"Riva_del_Garda";2019;5;0
"Riva_del_Garda";2019;6;0
"Riva_del_Garda";2019;7;0
"Riva_del_Garda";2019;8;0
"Riva_del_Garda";2019;9;0
"Riva_del_Garda";2019;10;0
"Riva_del_Garda";2019;11;0
"Riva_del_Garda";2019;12;2
"Riva_del_Garda";2020;1;0
"Riva_del_Garda";2020;2;0
"Riva_del_Garda";2020;3;0
"Riva_del_Garda";2020;4;0
"Riva_del_Garda";2020;5;0
"Rovereto";1882;1;0
"Rovereto";1882;2;0
"Rovereto";1882;3;0
"Rovereto";1882;10;0
"Rovereto";1882;11;0
"Rovereto";1882;12;3
"Rovereto";1883;1;5
"Rovereto";1883;2;0
"Rovereto";1883;3;34
"Rovereto";1883;10;0
"Rovereto";1883;11;0
"Rovereto";1883;12;5
"Rovereto";1884;1;13
"Rovereto";1884;2;0
"Rovereto";1884;3;0
"Rovereto";1884;10;0
"Rovereto";1884;11;1
"Rovereto";1884;12;40
"Rovereto";1885;1;55
"Rovereto";1885;2;0
"Rovereto";1885;3;8
"Rovereto";1885;10;0
"Rovereto";1885;11;0
"Rovereto";1885;12;0
"Rovereto";1886;1;53
"Rovereto";1886;2;0
"Rovereto";1886;3;0
"Rovereto";1886;10;0
"Rovereto";1886;11;0
"Rovereto";1886;12;10
"Rovereto";1887;1;35
"Rovereto";1887;2;54
"Rovereto";1887;3;0
"Rovereto";1887;10;0
"Rovereto";1887;11;0
"Rovereto";1887;12;9
"Rovereto";1888;1;0
"Rovereto";1888;2;64
"Rovereto";1888;3;0
"Rovereto";1888;10;0
"Rovereto";1888;11;0
"Rovereto";1888;12;0
"Rovereto";1889;1;0
"Rovereto";1889;2;30
"Rovereto";1889;3;0
"Rovereto";1889;10;0
"Rovereto";1889;11;0
"Rovereto";1889;12;20
"Rovereto";1890;1;4
"Rovereto";1890;2;0
"Rovereto";1890;3;0
"Rovereto";1890;10;0
"Rovereto";1890;11;3
"Rovereto";1890;12;9
"Rovereto";1891;1;8
"Rovereto";1891;2;0
"Rovereto";1891;3;32
"Rovereto";1891;10;0
"Rovereto";1891;11;0
"Rovereto";1891;12;3
"Rovereto";1892;1;11
"Rovereto";1892;2;12
"Rovereto";1892;3;36
"Rovereto";1892;10;0
"Rovereto";1892;11;0
"Rovereto";1892;12;4
"Rovereto";1893;1;0
"Rovereto";1893;2;32
"Rovereto";1893;3;0
"Rovereto";1893;10;0
"Rovereto";1893;11;0
"Rovereto";1893;12;0
"Rovereto";1894;1;11
"Rovereto";1894;2;0
"Rovereto";1894;3;0
"Rovereto";1894;10;0
"Rovereto";1894;11;0
"Rovereto";1894;12;10
"Rovereto";1895;1;60
"Rovereto";1895;2;33
"Rovereto";1895;3;6
"Rovereto";1895;10;0
"Rovereto";1895;11;0
"Rovereto";1895;12;8
"Rovereto";1896;1;0
"Rovereto";1896;2;14
"Rovereto";1896;3;0
"Rovereto";1896;10;0
"Rovereto";1896;11;5
"Rovereto";1896;12;16
"Rovereto";1897;1;0
"Rovereto";1897;2;0
"Rovereto";1897;3;5
"Rovereto";1897;10;0
"Rovereto";1897;11;7
"Rovereto";1897;12;30
"Rovereto";1898;1;0
"Rovereto";1898;2;0
"Rovereto";1898;3;0
"Rovereto";1898;10;0
"Rovereto";1898;11;0
"Rovereto";1898;12;0
"Rovereto";1899;1;0
"Rovereto";1899;2;11
"Rovereto";1899;3;0
"Rovereto";1899;10;0
"Rovereto";1899;11;0
"Rovereto";1899;12;81
"Rovereto";1900;1;8
"Rovereto";1900;2;0
"Rovereto";1900;3;0
"Rovereto";1900;10;0
"Rovereto";1900;11;0
"Rovereto";1900;12;0
"Rovereto";1901;1;2
"Rovereto";1901;2;40
"Rovereto";1901;3;6
"Rovereto";1901;10;0
"Rovereto";1901;11;0
"Rovereto";1901;12;22
"Rovereto";1902;1;0
"Rovereto";1902;2;5
"Rovereto";1902;3;0
"Rovereto";1902;10;0
"Rovereto";1902;11;15
"Rovereto";1902;12;0
"Rovereto";1903;1;3
"Rovereto";1903;2;7
"Rovereto";1903;3;0
"Rovereto";1903;10;0
"Rovereto";1903;11;15
"Rovereto";1903;12;8
"Rovereto";1904;1;4
"Rovereto";1904;2;23
"Rovereto";1904;3;7
"Rovereto";1904;10;0
"Rovereto";1904;11;0
"Rovereto";1904;12;0
"Rovereto";1905;1;25
"Rovereto";1905;2;4
"Rovereto";1905;3;0
"Rovereto";1905;10;0
"Rovereto";1905;11;0
"Rovereto";1905;12;0
"Rovereto";1906;1;16
"Rovereto";1906;2;20
"Rovereto";1906;3;1
"Rovereto";1906;10;0
"Rovereto";1906;11;0
"Rovereto";1906;12;12
"Rovereto";1907;1;34
"Rovereto";1907;2;5
"Rovereto";1907;3;0
"Rovereto";1907;10;0
"Rovereto";1907;11;0
"Rovereto";1907;12;0
"Rovereto";1908;1;2
"Rovereto";1908;2;10
"Rovereto";1908;3;14
"Rovereto";1908;10;0
"Rovereto";1908;11;0
"Rovereto";1908;12;27
"Rovereto";1909;1;10
"Rovereto";1909;2;60
"Rovereto";1909;3;66
"Rovereto";1909;10;0
"Rovereto";1909;11;5
"Rovereto";1909;12;20
"Rovereto";1910;1;24
"Rovereto";1910;2;0
"Rovereto";1910;3;0
"Rovereto";1910;10;0
"Rovereto";1910;11;0
"Rovereto";1910;12;0
"Rovereto";1911;1;2
"Rovereto";1911;2;2
"Rovereto";1911;3;0
"Rovereto";1911;10;0
"Rovereto";1911;11;0
"Rovereto";1911;12;24
"Rovereto";1912;1;2
"Rovereto";1912;2;41
"Rovereto";1912;3;0
"Rovereto";1912;10;0
"Rovereto";1912;11;4
"Rovereto";1912;12;0
"Rovereto";1913;1;32
"Rovereto";1913;2;9
"Rovereto";1913;3;0
"Rovereto";1913;10;0
"Rovereto";1913;11;0
"Rovereto";1913;12;0
"Rovereto";1914;1;22
"Rovereto";1914;2;0
"Rovereto";1914;3;0
"Rovereto";1914;10;0
"Rovereto";1914;11;0
"Rovereto";1914;12;63
"Rovereto";1915;1;NA
"Rovereto";1915;2;NA
"Rovereto";1915;3;NA
"Rovereto";1915;10;NA
"Rovereto";1915;11;NA
"Rovereto";1915;12;NA
"Rovereto";1916;1;NA
"Rovereto";1916;2;NA
"Rovereto";1916;3;NA
"Rovereto";1916;10;NA
"Rovereto";1916;11;NA
"Rovereto";1916;12;NA
"Rovereto";1917;1;NA
"Rovereto";1917;2;NA
"Rovereto";1917;3;NA
"Rovereto";1917;10;NA
"Rovereto";1917;11;NA
"Rovereto";1917;12;NA
"Rovereto";1918;1;NA
"Rovereto";1918;2;NA
"Rovereto";1918;3;NA
"Rovereto";1918;10;NA
"Rovereto";1918;11;NA
"Rovereto";1918;12;NA
"Rovereto";1919;1;NA
"Rovereto";1919;2;NA
"Rovereto";1919;3;NA
"Rovereto";1919;10;NA
"Rovereto";1919;11;NA
"Rovereto";1919;12;NA
"Rovereto";1920;1;0
"Rovereto";1920;2;0
"Rovereto";1920;3;0
"Rovereto";1920;10;0
"Rovereto";1920;11;0
"Rovereto";1920;12;8
"Rovereto";1921;1;0
"Rovereto";1921;2;0
"Rovereto";1921;3;0
"Rovereto";1921;10;0
"Rovereto";1921;11;0
"Rovereto";1921;12;0
"Rovereto";1922;1;13
"Rovereto";1922;2;9
"Rovereto";1922;3;0
"Rovereto";1922;10;0
"Rovereto";1922;11;0
"Rovereto";1922;12;0
"Rovereto";1923;1;0
"Rovereto";1923;2;0
"Rovereto";1923;3;0
"Rovereto";1923;10;0
"Rovereto";1923;11;0
"Rovereto";1923;12;1
"Rovereto";1924;1;31
"Rovereto";1924;2;1
"Rovereto";1924;3;0
"Rovereto";1924;10;0
"Rovereto";1924;11;0
"Rovereto";1924;12;0
"Rovereto";1925;1;0
"Rovereto";1925;2;0
"Rovereto";1925;3;0
"Rovereto";1925;10;0
"Rovereto";1925;11;0
"Rovereto";1925;12;25
"Rovereto";1926;1;35
"Rovereto";1926;2;0
"Rovereto";1926;3;0
"Rovereto";1926;10;0
"Rovereto";1926;11;0
"Rovereto";1926;12;1
"Rovereto";1927;1;14
"Rovereto";1927;2;2
"Rovereto";1927;3;0
"Rovereto";1927;10;0
"Rovereto";1927;11;8
"Rovereto";1927;12;16
"Rovereto";1928;1;10
"Rovereto";1928;2;0
"Rovereto";1928;3;5
"Rovereto";1928;10;0
"Rovereto";1928;11;0
"Rovereto";1928;12;0
"Rovereto";1929;1;0
"Rovereto";1929;2;5
"Rovereto";1929;3;0
"Rovereto";1929;10;0
"Rovereto";1929;11;0
"Rovereto";1929;12;0
"Rovereto";1930;1;0
"Rovereto";1930;2;0
"Rovereto";1930;3;0
"Rovereto";1930;10;0
"Rovereto";1930;11;0
"Rovereto";1930;12;2
"Rovereto";1931;1;4
"Rovereto";1931;2;8
"Rovereto";1931;3;0
"Rovereto";1931;10;0
"Rovereto";1931;11;0
"Rovereto";1931;12;0
"Rovereto";1932;1;0
"Rovereto";1932;2;1
"Rovereto";1932;3;2
"Rovereto";1932;10;0
"Rovereto";1932;11;0
"Rovereto";1932;12;4
"Rovereto";1933;1;18
"Rovereto";1933;2;18
"Rovereto";1933;3;0
"Rovereto";1933;10;1
"Rovereto";1933;11;4
"Rovereto";1933;12;42
"Rovereto";1934;1;17
"Rovereto";1934;2;0
"Rovereto";1934;3;0
"Rovereto";1934;10;0
"Rovereto";1934;11;0
"Rovereto";1934;12;0
"Rovereto";1935;1;5
"Rovereto";1935;2;3
"Rovereto";1935;3;0
"Rovereto";1935;10;0
"Rovereto";1935;11;0
"Rovereto";1935;12;2
"Rovereto";1936;1;10
"Rovereto";1936;2;0
"Rovereto";1936;3;0
"Rovereto";1936;10;0
"Rovereto";1936;11;0
"Rovereto";1936;12;0
"Rovereto";1937;1;8
"Rovereto";1937;2;2
"Rovereto";1937;3;0
"Rovereto";1937;10;0
"Rovereto";1937;11;4
"Rovereto";1937;12;2
"Rovereto";1938;1;6
"Rovereto";1938;2;1
"Rovereto";1938;3;0
"Rovereto";1938;10;0
"Rovereto";1938;11;0
"Rovereto";1938;12;53
"Rovereto";1939;1;26
"Rovereto";1939;2;0
"Rovereto";1939;3;0
"Rovereto";1939;10;2
"Rovereto";1939;11;0
"Rovereto";1939;12;1
"Rovereto";1940;1;12
"Rovereto";1940;2;10
"Rovereto";1940;3;0
"Rovereto";1940;10;0
"Rovereto";1940;11;0
"Rovereto";1940;12;0
"Rovereto";1941;1;12
"Rovereto";1941;2;5
"Rovereto";1941;3;0
"Rovereto";1941;10;2
"Rovereto";1941;11;0
"Rovereto";1941;12;0
"Rovereto";1942;1;3
"Rovereto";1942;2;14
"Rovereto";1942;3;0
"Rovereto";1942;10;0
"Rovereto";1942;11;0
"Rovereto";1942;12;8
"Rovereto";1943;1;14
"Rovereto";1943;2;8
"Rovereto";1943;3;0
"Rovereto";1943;10;0
"Rovereto";1943;11;4
"Rovereto";1943;12;1
"Rovereto";1944;1;0
"Rovereto";1944;2;2
"Rovereto";1944;3;0
"Rovereto";1944;10;0
"Rovereto";1944;11;1
"Rovereto";1944;12;8
"Rovereto";1945;1;36
"Rovereto";1945;2;0
"Rovereto";1945;3;0
"Rovereto";1945;10;0
"Rovereto";1945;11;0
"Rovereto";1945;12;0
"Rovereto";1946;1;12
"Rovereto";1946;2;4
"Rovereto";1946;3;0
"Rovereto";1946;10;0
"Rovereto";1946;11;0
"Rovereto";1946;12;19
"Rovereto";1947;1;9
"Rovereto";1947;2;50
"Rovereto";1947;3;0
"Rovereto";1947;10;0
"Rovereto";1947;11;0
"Rovereto";1947;12;4
"Rovereto";1948;1;31
"Rovereto";1948;2;16
"Rovereto";1948;3;0
"Rovereto";1948;10;0
"Rovereto";1948;11;0
"Rovereto";1948;12;7
"Rovereto";1949;1;0
"Rovereto";1949;2;0
"Rovereto";1949;3;0
"Rovereto";1949;10;0
"Rovereto";1949;11;0
"Rovereto";1949;12;10
"Rovereto";1950;1;4
"Rovereto";1950;2;0
"Rovereto";1950;3;0
"Rovereto";1950;10;0
"Rovereto";1950;11;0
"Rovereto";1950;12;28
"Rovereto";1951;1;23
"Rovereto";1951;2;7
"Rovereto";1951;3;0
"Rovereto";1951;10;0
"Rovereto";1951;11;0
"Rovereto";1951;12;0
"Rovereto";1952;1;38
"Rovereto";1952;2;12
"Rovereto";1952;3;0
"Rovereto";1952;10;0
"Rovereto";1952;11;0
"Rovereto";1952;12;24
"Rovereto";1953;1;0
"Rovereto";1953;2;10
"Rovereto";1953;3;0
"Rovereto";1953;10;0
"Rovereto";1953;11;0
"Rovereto";1953;12;0
"Rovereto";1954;1;37
"Rovereto";1954;2;0
"Rovereto";1954;3;0
"Rovereto";1954;10;0
"Rovereto";1954;11;0
"Rovereto";1954;12;8
"Rovereto";1955;1;4
"Rovereto";1955;2;32
"Rovereto";1955;3;0
"Rovereto";1955;10;0
"Rovereto";1955;11;0
"Rovereto";1955;12;0
"Rovereto";1956;1;30
"Rovereto";1956;2;6
"Rovereto";1956;3;0
"Rovereto";1956;10;0
"Rovereto";1956;11;5
"Rovereto";1956;12;3
"Rovereto";1957;1;0
"Rovereto";1957;2;0
"Rovereto";1957;3;0
"Rovereto";1957;10;0
"Rovereto";1957;11;0
"Rovereto";1957;12;14
"Rovereto";1958;1;15
"Rovereto";1958;2;0
"Rovereto";1958;3;11
"Rovereto";1958;10;0
"Rovereto";1958;11;0
"Rovereto";1958;12;22
"Rovereto";1959;1;10
"Rovereto";1959;2;0
"Rovereto";1959;3;0
"Rovereto";1959;10;0
"Rovereto";1959;11;0
"Rovereto";1959;12;57
"Rovereto";1960;1;10
"Rovereto";1960;2;0
"Rovereto";1960;3;0
"Rovereto";1960;10;0
"Rovereto";1960;11;0
"Rovereto";1960;12;0
"Rovereto";1961;1;19
"Rovereto";1961;2;4
"Rovereto";1961;3;0
"Rovereto";1961;10;0
"Rovereto";1961;11;0
"Rovereto";1961;12;0
"Rovereto";1962;1;1
"Rovereto";1962;2;0
"Rovereto";1962;3;0
"Rovereto";1962;10;0
"Rovereto";1962;11;0
"Rovereto";1962;12;27
"Rovereto";1963;1;6
"Rovereto";1963;2;0
"Rovereto";1963;3;0
"Rovereto";1963;10;0
"Rovereto";1963;11;0
"Rovereto";1963;12;18
"Rovereto";1964;1;5
"Rovereto";1964;2;0
"Rovereto";1964;3;0
"Rovereto";1964;10;0
"Rovereto";1964;11;0
"Rovereto";1964;12;15
"Rovereto";1965;1;20
"Rovereto";1965;2;0
"Rovereto";1965;3;13
"Rovereto";1965;10;0
"Rovereto";1965;11;19
"Rovereto";1965;12;20
"Rovereto";1966;1;24
"Rovereto";1966;2;0
"Rovereto";1966;3;0
"Rovereto";1966;10;0
"Rovereto";1966;11;12
"Rovereto";1966;12;4
"Rovereto";1967;1;1
"Rovereto";1967;2;36
"Rovereto";1967;3;0
"Rovereto";1967;10;0
"Rovereto";1967;11;0
"Rovereto";1967;12;5
"Rovereto";1968;1;15
"Rovereto";1968;2;1
"Rovereto";1968;3;0
"Rovereto";1968;10;0
"Rovereto";1968;11;4
"Rovereto";1968;12;8
"Rovereto";1969;1;14
"Rovereto";1969;2;27
"Rovereto";1969;3;0
"Rovereto";1969;10;0
"Rovereto";1969;11;0
"Rovereto";1969;12;8
"Rovereto";1970;1;36
"Rovereto";1970;2;28
"Rovereto";1970;3;21
"Rovereto";1970;10;0
"Rovereto";1970;11;0
"Rovereto";1970;12;9
"Rovereto";1971;1;0
"Rovereto";1971;2;0
"Rovereto";1971;3;0
"Rovereto";1971;10;0
"Rovereto";1971;11;10
"Rovereto";1971;12;9
"Rovereto";1972;1;10
"Rovereto";1972;2;0
"Rovereto";1972;3;0
"Rovereto";1972;10;0
"Rovereto";1972;11;19
"Rovereto";1972;12;0
"Rovereto";1973;1;20
"Rovereto";1973;2;12
"Rovereto";1973;3;0
"Rovereto";1973;10;0
"Rovereto";1973;11;0
"Rovereto";1973;12;1
"Rovereto";1974;1;0
"Rovereto";1974;2;0
"Rovereto";1974;3;0
"Rovereto";1974;10;0
"Rovereto";1974;11;0
"Rovereto";1974;12;0
"Rovereto";1975;1;0
"Rovereto";1975;2;0
"Rovereto";1975;3;0
"Rovereto";1975;10;0
"Rovereto";1975;11;4
"Rovereto";1975;12;0
"Rovereto";1976;1;4
"Rovereto";1976;2;0
"Rovereto";1976;3;1
"Rovereto";1976;10;0
"Rovereto";1976;11;0
"Rovereto";1976;12;17
"Rovereto";1977;1;30
"Rovereto";1977;2;0
"Rovereto";1977;3;0
"Rovereto";1977;10;0
"Rovereto";1977;11;6
"Rovereto";1977;12;12
"Rovereto";1978;1;38
"Rovereto";1978;2;58
"Rovereto";1978;3;0
"Rovereto";1978;10;0
"Rovereto";1978;11;0
"Rovereto";1978;12;12
"Rovereto";1979;1;24
"Rovereto";1979;2;1
"Rovereto";1979;3;2
"Rovereto";1979;10;0
"Rovereto";1979;11;0
"Rovereto";1979;12;33
"Rovereto";1980;1;9
"Rovereto";1980;2;0
"Rovereto";1980;3;0
"Rovereto";1980;10;0
"Rovereto";1980;11;0
"Rovereto";1980;12;2
"Rovereto";1981;1;2
"Rovereto";1981;2;0
"Rovereto";1981;3;0
"Rovereto";1981;10;0
"Rovereto";1981;11;0
"Rovereto";1981;12;53
"Rovereto";1982;1;4
"Rovereto";1982;2;15
"Rovereto";1982;3;0
"Rovereto";1982;10;0
"Rovereto";1982;11;0
"Rovereto";1982;12;0
"Rovereto";1983;1;0
"Rovereto";1983;2;6
"Rovereto";1983;3;0
"Rovereto";1983;10;0
"Rovereto";1983;11;0
"Rovereto";1983;12;10
"Rovereto";1984;1;8
"Rovereto";1984;2;9
"Rovereto";1984;3;0
"Rovereto";1984;10;0
"Rovereto";1984;11;0
"Rovereto";1984;12;8
"Rovereto";1985;1;128
"Rovereto";1985;2;0
"Rovereto";1985;3;2
"Rovereto";1985;10;0
"Rovereto";1985;11;0
"Rovereto";1985;12;0
"Rovereto";1986;1;75
"Rovereto";1986;2;4
"Rovereto";1986;3;1
"Rovereto";1986;10;0
"Rovereto";1986;11;0
"Rovereto";1986;12;1
"Rovereto";1987;1;25
"Rovereto";1987;2;0
"Rovereto";1987;3;0
"Rovereto";1987;10;0
"Rovereto";1987;11;0
"Rovereto";1987;12;0
"Rovereto";1988;1;17
"Rovereto";1988;2;22
"Rovereto";1988;3;0
"Rovereto";1988;10;0
"Rovereto";1988;11;0
"Rovereto";1988;12;0
"Rovereto";1989;1;0
"Rovereto";1989;2;0
"Rovereto";1989;3;0
"Rovereto";1989;10;0
"Rovereto";1989;11;0
"Rovereto";1989;12;0
"Rovereto";1990;1;0
"Rovereto";1990;2;0
"Rovereto";1990;3;0
"Rovereto";1990;10;0
"Rovereto";1990;11;0
"Rovereto";1990;12;0
"Rovereto";1991;1;0
"Rovereto";1991;2;30
"Rovereto";1991;3;0
"Rovereto";1991;10;0
"Rovereto";1991;11;0
"Rovereto";1991;12;0
"Rovereto";1992;1;0
"Rovereto";1992;2;0
"Rovereto";1992;3;0
"Rovereto";1992;10;0
"Rovereto";1992;11;0
"Rovereto";1992;12;4
"Rovereto";1993;1;0
"Rovereto";1993;2;1
"Rovereto";1993;3;0
"Rovereto";1993;10;0
"Rovereto";1993;11;0
"Rovereto";1993;12;25
"Rovereto";1994;1;16
"Rovereto";1994;2;0
"Rovereto";1994;3;0
"Rovereto";1994;10;0
"Rovereto";1994;11;0
"Rovereto";1994;12;1
"Rovereto";1995;1;25
"Rovereto";1995;2;0
"Rovereto";1995;3;0
"Rovereto";1995;10;0
"Rovereto";1995;11;0
"Rovereto";1995;12;14
"Rovereto";1996;1;10
"Rovereto";1996;2;0
"Rovereto";1996;3;0
"Rovereto";1996;10;0
"Rovereto";1996;11;4
"Rovereto";1996;12;10
"Rovereto";1997;1;10
"Rovereto";1997;2;0
"Rovereto";1997;3;0
"Rovereto";1997;10;0
"Rovereto";1997;11;0
"Rovereto";1997;12;7
"Rovereto";1998;1;5
"Rovereto";1998;2;0
"Rovereto";1998;3;0
"Rovereto";1998;10;0
"Rovereto";1998;11;0
"Rovereto";1998;12;0
"Rovereto";1999;1;0
"Rovereto";1999;2;15
"Rovereto";1999;3;0
"Rovereto";1999;10;0
"Rovereto";1999;11;12
"Rovereto";1999;12;7
"Rovereto";2000;1;0
"Rovereto";2000;2;0
"Rovereto";2000;3;0
"Rovereto";2000;10;0
"Rovereto";2000;11;0
"Rovereto";2000;12;19
"Rovereto";2001;1;7
"Rovereto";2001;2;2
"Rovereto";2001;3;2
"Rovereto";2001;10;0
"Rovereto";2001;11;0
"Rovereto";2001;12;0
"Rovereto";2002;1;0
"Rovereto";2002;2;0
"Rovereto";2002;3;0
"Rovereto";2002;10;0
"Rovereto";2002;11;0
"Rovereto";2002;12;0
"Rovereto";2003;1;0
"Rovereto";2003;2;0
"Rovereto";2003;3;0
"Rovereto";2003;10;0
"Rovereto";2003;11;0
"Rovereto";2003;12;0
"Rovereto";2004;1;2
"Rovereto";2004;2;1
"Rovereto";2004;3;6
"Rovereto";2004;10;0
"Rovereto";2004;11;0
"Rovereto";2004;12;0
"Rovereto";2005;1;16
"Rovereto";2005;2;1
"Rovereto";2005;3;8
"Rovereto";2005;10;0
"Rovereto";2005;11;19
"Rovereto";2005;12;23
"Rovereto";2006;1;63
"Rovereto";2006;2;0
"Rovereto";2006;3;0
"Rovereto";2006;10;0
"Rovereto";2006;11;0
"Rovereto";2006;12;0
"Rovereto";2007;1;0
"Rovereto";2007;2;0
"Rovereto";2007;3;0
"Rovereto";2007;10;0
"Rovereto";2007;11;0
"Rovereto";2007;12;0
"Rovereto";2008;1;7
"Rovereto";2008;2;0
"Rovereto";2008;3;0
"Rovereto";2008;10;0
"Rovereto";2008;11;32
"Rovereto";2008;12;19
"Rovereto";2009;1;16
"Rovereto";2009;2;0
"Rovereto";2009;3;0
"Rovereto";2009;10;0
"Rovereto";2009;11;0
"Rovereto";2009;12;18
"Rovereto";2010;1;4
"Rovereto";2010;2;2
"Rovereto";2010;3;0
"Rovereto";2010;10;0
"Rovereto";2010;11;7
"Rovereto";2010;12;25
"Rovereto";2011;1;1
"Rovereto";2011;2;0
"Rovereto";2011;3;0
"Rovereto";2011;10;0
"Rovereto";2011;11;0
"Rovereto";2011;12;0
"Rovereto";2012;1;0
"Rovereto";2012;2;2
"Rovereto";2012;3;0
"Rovereto";2012;10;0
"Rovereto";2012;11;0
"Rovereto";2012;12;17
"Rovereto";2013;1;0
"Rovereto";2013;2;28
"Rovereto";2013;3;0
"Rovereto";2013;10;0
"Rovereto";2013;11;0
"Rovereto";2013;12;0
"Rovereto";2014;1;6
"Rovereto";2014;2;0
"Rovereto";2014;3;0
"Rovereto";2014;10;0
"Rovereto";2014;11;0
"Rovereto";2014;12;8
"Rovereto";2015;1;4
"Rovereto";2015;2;0
"Rovereto";2015;3;0
"Rovereto";2015;10;0
"Rovereto";2015;11;0
"Rovereto";2015;12;0
"Rovereto";2016;1;1
"Rovereto";2016;2;0
"Rovereto";2016;3;0
"Rovereto";2016;10;0
"Rovereto";2016;11;0
"Rovereto";2016;12;0
"Rovereto";2017;1;7
"Rovereto";2017;2;0
"Rovereto";2017;3;0
"Rovereto";2017;10;0
"Rovereto";2017;11;0
"Rovereto";2017;12;19
"Rovereto";2018;1;0
"Rovereto";2018;2;0
"Rovereto";2018;3;4
"Rovereto";2018;10;0
"Rovereto";2018;11;0
"Rovereto";2018;12;6
"Rovereto";2019;1;9
"Rovereto";2019;2;3
"Rovereto";2019;3;0
"Rovereto";2019;10;0
"Rovereto";2019;11;0
"Rovereto";2019;12;5
"Rovereto";2020;1;0
"Rovereto";2020;2;0
"Rovereto";2020;3;0
"Trento_Gardolo";1970;10;0
"Trento_Gardolo";1970;11;0
"Trento_Gardolo";1970;12;38
"Trento_Gardolo";1971;1;3
"Trento_Gardolo";1971;2;0
"Trento_Gardolo";1971;3;0
"Trento_Gardolo";1971;10;0
"Trento_Gardolo";1971;11;1
"Trento_Gardolo";1971;12;15
"Trento_Gardolo";1972;1;7
"Trento_Gardolo";1972;2;0
"Trento_Gardolo";1972;3;0
"Trento_Gardolo";1972;10;0
"Trento_Gardolo";1972;11;16
"Trento_Gardolo";1972;12;0
"Trento_Gardolo";1973;1;18
"Trento_Gardolo";1973;2;9
"Trento_Gardolo";1973;3;0
"Trento_Gardolo";1973;10;0
"Trento_Gardolo";1973;11;0
"Trento_Gardolo";1973;12;0
"Trento_Gardolo";1974;1;0
"Trento_Gardolo";1974;2;0
"Trento_Gardolo";1974;3;18
"Trento_Gardolo";1974;10;0
"Trento_Gardolo";1974;11;1
"Trento_Gardolo";1974;12;2
"Trento_Gardolo";1975;1;0
"Trento_Gardolo";1975;2;0
"Trento_Gardolo";1975;3;30
"Trento_Gardolo";1976;10;0
"Trento_Gardolo";1976;11;0
"Trento_Gardolo";1976;12;25
"Trento_Gardolo";1977;1;81
"Trento_Gardolo";1977;2;0
"Trento_Gardolo";1977;3;0
"Trento_Gardolo";1977;10;0
"Trento_Gardolo";1977;11;14
"Trento_Gardolo";1977;12;26
"Trento_Gardolo";1978;1;100
"Trento_Gardolo";1978;2;71
"Trento_Gardolo";1978;3;0
"Trento_Gardolo";1978;10;0
"Trento_Gardolo";1978;11;0
"Trento_Gardolo";1978;12;16
"Trento_Gardolo";1979;1;28
"Trento_Gardolo";1979;2;0
"Trento_Gardolo";1979;3;6
"Trento_Gardolo";1979;10;0
"Trento_Gardolo";1979;11;14
"Trento_Gardolo";1979;12;42
"Trento_Gardolo";1980;1;16
"Trento_Gardolo";1980;2;0
"Trento_Gardolo";1980;3;0
"Trento_Gardolo";1980;10;0
"Trento_Gardolo";1980;11;6
"Trento_Gardolo";1980;12;2
"Trento_Gardolo";1981;1;0
"Trento_Gardolo";1981;2;0
"Trento_Gardolo";1981;3;3
"Trento_Gardolo";1981;10;3
"Trento_Gardolo";1981;11;2
"Trento_Gardolo";1981;12;110
"Trento_Gardolo";1982;1;0
"Trento_Gardolo";1982;2;15
"Trento_Gardolo";1982;3;3
"Trento_Gardolo";1982;10;0
"Trento_Gardolo";1982;11;0
"Trento_Gardolo";1982;12;10
"Trento_Gardolo";1983;1;0
"Trento_Gardolo";1983;2;10
"Trento_Gardolo";1983;3;0
"Trento_Gardolo";1983;10;0
"Trento_Gardolo";1983;11;0
"Trento_Gardolo";1983;12;22
"Trento_Gardolo";1984;1;24
"Trento_Gardolo";1984;2;8
"Trento_Gardolo";1984;3;0
"Trento_Gardolo";1984;10;0
"Trento_Gardolo";1984;11;0
"Trento_Gardolo";1984;12;8
"Trento_Gardolo";1985;1;177
"Trento_Gardolo";1985;2;0
"Trento_Gardolo";1985;3;13
"Trento_Gardolo";1985;10;0
"Trento_Gardolo";1985;11;0
"Trento_Gardolo";1985;12;18
"Trento_Gardolo";1986;1;104
"Trento_Gardolo";1986;2;5
"Trento_Gardolo";1986;3;2
"Trento_Gardolo";1986;10;0
"Trento_Gardolo";1986;11;0
"Trento_Gardolo";1986;12;3
"Trento_Gardolo";1987;1;35
"Trento_Gardolo";1987;2;5
"Trento_Gardolo";1987;3;0
"Trento_Gardolo";1987;10;0
"Trento_Gardolo";1987;11;0
"Trento_Gardolo";1987;12;0
"Trento_Gardolo";1988;1;9
"Trento_Gardolo";1988;2;27
"Trento_Gardolo";1988;3;0
"Trento_Gardolo";1988;10;0
"Trento_Gardolo";1988;11;0
"Trento_Gardolo";1988;12;0
"Trento_Gardolo";1989;1;0
"Trento_Gardolo";1989;2;3
"Trento_Gardolo";1989;3;0
"Trento_Gardolo";1989;10;0
"Trento_Gardolo";1989;11;0
"Trento_Gardolo";1989;12;0
"Trento_Gardolo";1990;1;0
"Trento_Gardolo";1990;2;3
"Trento_Gardolo";1990;3;0
"Trento_Gardolo";1990;10;0
"Trento_Gardolo";1990;11;10
"Trento_Gardolo";1990;12;25
"Trento_Gardolo";1991;1;0
"Trento_Gardolo";1991;2;41
"Trento_Gardolo";1991;3;0
"Trento_Gardolo";1991;10;0
"Trento_Gardolo";1991;11;4
"Trento_Gardolo";1991;12;4
"Trento_Gardolo";1992;1;5
"Trento_Gardolo";1992;2;0
"Trento_Gardolo";1992;3;0
"Trento_Gardolo";1992;10;0
"Trento_Gardolo";1992;11;0
"Trento_Gardolo";1992;12;7
"Trento_Gardolo";1993;1;3
"Trento_Gardolo";1993;2;3
"Trento_Gardolo";1993;3;0
"Trento_Gardolo";1993;10;0
"Trento_Gardolo";1993;11;0
"Trento_Gardolo";1993;12;37
"Trento_Gardolo";1994;1;37
"Trento_Gardolo";1994;2;0
"Trento_Gardolo";1994;3;0
"Trento_Gardolo";1994;10;0
"Trento_Gardolo";1994;11;0
"Trento_Gardolo";1994;12;11
"Trento_Gardolo";1995;1;25
"Trento_Gardolo";1995;2;0
"Trento_Gardolo";1995;3;4
"Trento_Gardolo";1995;10;0
"Trento_Gardolo";1995;11;0
"Trento_Gardolo";1995;12;18
"Trento_Gardolo";1996;1;13
"Trento_Gardolo";1996;2;4
"Trento_Gardolo";1996;3;0
"Trento_Gardolo";1996;10;0
"Trento_Gardolo";1996;11;2
"Trento_Gardolo";1996;12;0
"Trento_Gardolo";1997;1;47
"Trento_Gardolo";1997;2;0
"Trento_Gardolo";1997;3;0
"Trento_Gardolo";1997;10;0
"Trento_Gardolo";1997;11;0
"Trento_Gardolo";1997;12;7
"Trento_Gardolo";1998;1;12
"Trento_Gardolo";1998;2;0
"Trento_Gardolo";1998;3;1
"Trento_Gardolo";1998;10;0
"Trento_Gardolo";1998;11;0
"Trento_Gardolo";1998;12;3
"Trento_Gardolo";1999;1;16
"Trento_Gardolo";1999;2;10
"Trento_Gardolo";1999;3;1
"Trento_Gardolo";1999;10;0
"Trento_Gardolo";1999;11;12
"Trento_Gardolo";1999;12;19
"Trento_Gardolo";2000;1;0
"Trento_Gardolo";2000;2;0
"Trento_Gardolo";2000;3;0
"Trento_Gardolo";2000;10;0
"Trento_Gardolo";2000;11;0
"Trento_Gardolo";2000;12;18
"Trento_Gardolo";2001;1;27
"Trento_Gardolo";2001;2;2
"Trento_Gardolo";2001;3;5
"Trento_Gardolo";2001;10;0
"Trento_Gardolo";2001;11;0
"Trento_Gardolo";2001;12;0
"Trento_Gardolo";2002;1;0
"Trento_Gardolo";2002;2;0
"Trento_Gardolo";2002;3;0
"Trento_Gardolo";2002;10;0
"Trento_Gardolo";2002;11;0
"Trento_Gardolo";2002;12;0
"Trento_Gardolo";2003;1;11
"Trento_Gardolo";2003;2;2
"Trento_Gardolo";2003;3;0
"Trento_Gardolo";2003;10;0
"Trento_Gardolo";2003;11;2
"Trento_Gardolo";2003;12;5
"Trento_Gardolo";2004;1;1
"Trento_Gardolo";2004;2;5
"Trento_Gardolo";2004;3;32
"Trento_Gardolo";2004;10;0
"Trento_Gardolo";2004;11;0
"Trento_Gardolo";2004;12;5
"Trento_Gardolo";2005;1;12
"Trento_Gardolo";2005;2;2
"Trento_Gardolo";2005;3;14
"Trento_Gardolo";2005;10;0
"Trento_Gardolo";2005;11;25
"Trento_Gardolo";2005;12;41
"Trento_Gardolo";2006;1;76
"Trento_Gardolo";2006;2;0
"Trento_Gardolo";2006;3;0
"Trento_Gardolo";2006;10;0
"Trento_Gardolo";2006;11;0
"Trento_Gardolo";2006;12;0
"Trento_Gardolo";2007;1;0
"Trento_Gardolo";2007;2;0
"Trento_Gardolo";2007;3;0
"Trento_Gardolo";2007;10;0
"Trento_Gardolo";2007;11;0
"Trento_Gardolo";2007;12;0
"Trento_Gardolo";2008;1;15
"Trento_Gardolo";2008;2;0
"Trento_Gardolo";2008;3;0
"Trento_Gardolo";2008;10;0
"Trento_Gardolo";2008;11;48
"Trento_Gardolo";2008;12;55
"Trento_Gardolo";2009;1;20
"Trento_Gardolo";2009;2;8
"Trento_Gardolo";2009;3;0
"Trento_Gardolo";2009;10;0
"Trento_Gardolo";2009;11;0
"Trento_Gardolo";2009;12;20
"Trento_Gardolo";2010;1;6
"Trento_Gardolo";2010;2;15
"Trento_Gardolo";2010;3;0
"Trento_Gardolo";2010;10;0
"Trento_Gardolo";2010;11;17
"Trento_Gardolo";2010;12;43
"Trento_Gardolo";2011;1;0
"Trento_Gardolo";2011;2;0
"Trento_Gardolo";2011;3;0
"Trento_Gardolo";2011;10;0
"Trento_Gardolo";2011;11;0
"Trento_Gardolo";2011;12;0
"Trento_Gardolo";2012;1;2
"Trento_Gardolo";2012;2;2
"Trento_Gardolo";2012;3;0
"Trento_Gardolo";2012;10;0
"Trento_Gardolo";2012;11;0
"Trento_Gardolo";2012;12;24
"Trento_Gardolo";2013;1;16
"Trento_Gardolo";2013;2;23
"Trento_Gardolo";2013;3;21
"Trento_Gardolo";2013;10;0
"Trento_Gardolo";2013;11;0
"Trento_Gardolo";2013;12;0
"Trento_Gardolo";2014;1;28
"Trento_Gardolo";2014;2;5
"Trento_Gardolo";2014;3;0
"Trento_Gardolo";2014;10;0
"Trento_Gardolo";2014;11;0
"Trento_Gardolo";2014;12;6
"Trento_Gardolo";2015;1;7
"Trento_Gardolo";2015;2;0
"Trento_Gardolo";2015;3;7
"Trento_Gardolo";2015;10;0
"Trento_Gardolo";2015;11;0
"Trento_Gardolo";2015;12;0
"Trento_Gardolo";2016;1;0
"Trento_Gardolo";2016;2;0
"Trento_Gardolo";2016;3;0
"Trento_Gardolo";2016;10;0
"Trento_Gardolo";2016;11;0
"Trento_Gardolo";2016;12;0
"Trento_Gardolo";2017;1;5
"Trento_Gardolo";2017;2;0
"Trento_Gardolo";2017;3;0
"Trento_Gardolo";2017;10;0
"Trento_Gardolo";2017;11;0
"Trento_Gardolo";2017;12;27
"Trento_Gardolo";2018;1;3
"Trento_Gardolo";2018;2;1
"Trento_Gardolo";2018;3;4
"Trento_Gardolo";2018;10;0
"Trento_Gardolo";2018;11;0
"Trento_Gardolo";2018;12;7
"Trento_Gardolo";2019;1;15
"Trento_Gardolo";2019;2;21
"Trento_Gardolo";2019;3;0
"Trento_Gardolo";2019;10;0
"Trento_Gardolo";2019;11;0
"Trento_Gardolo";2019;12;7
"Trento_Gardolo";2020;1;0
"Trento_Gardolo";2020;2;0
"Trento_Gardolo";2020;3;1
"Trento_Sud";1970;10;0
"Trento_Sud";1970;11;0
"Trento_Sud";1970;12;33
"Trento_Sud";1971;1;9
"Trento_Sud";1971;2;0
"Trento_Sud";1971;3;0
"Trento_Sud";1971;4;0
"Trento_Sud";1971;10;0
"Trento_Sud";1971;11;0
"Trento_Sud";1971;12;10
"Trento_Sud";1972;1;11
"Trento_Sud";1972;2;0
"Trento_Sud";1972;3;0
"Trento_Sud";1972;4;0
"Trento_Sud";1972;10;0
"Trento_Sud";1972;11;22
"Trento_Sud";1972;12;7
"Trento_Sud";1973;1;19
"Trento_Sud";1973;2;14
"Trento_Sud";1973;3;0
"Trento_Sud";1973;4;0
"Trento_Sud";1973;10;0
"Trento_Sud";1973;11;0
"Trento_Sud";1973;12;0
"Trento_Sud";1974;1;0
"Trento_Sud";1974;2;0
"Trento_Sud";1974;3;30
"Trento_Sud";1974;4;0
"Trento_Sud";1974;10;0
"Trento_Sud";1974;11;0
"Trento_Sud";1974;12;0
"Trento_Sud";1975;1;2
"Trento_Sud";1975;2;0
"Trento_Sud";1975;3;18
"Trento_Sud";1975;4;0
"Trento_Sud";1975;10;0
"Trento_Sud";1975;11;5
"Trento_Sud";1975;12;0
"Trento_Sud";1976;1;11
"Trento_Sud";1976;2;8
"Trento_Sud";1976;3;1
"Trento_Sud";1976;4;0
"Trento_Sud";1976;10;0
"Trento_Sud";1976;11;0
"Trento_Sud";1976;12;25
"Trento_Sud";1977;1;105
"Trento_Sud";1977;2;0
"Trento_Sud";1977;3;0
"Trento_Sud";1977;4;0
"Trento_Sud";1977;10;0
"Trento_Sud";1977;11;20
"Trento_Sud";1977;12;25
"Trento_Sud";1978;1;85
"Trento_Sud";1978;2;68
"Trento_Sud";1978;3;0
"Trento_Sud";1978;4;0
"Trento_Sud";1978;10;0
"Trento_Sud";1978;11;0
"Trento_Sud";1978;12;25
"Trento_Sud";1979;1;45
"Trento_Sud";1979;2;2
"Trento_Sud";1979;3;10
"Trento_Sud";1979;4;0
"Trento_Sud";1979;10;0
"Trento_Sud";1979;11;5
"Trento_Sud";1979;12;45
"Trento_Sud";1980;1;13
"Trento_Sud";1980;2;5
"Trento_Sud";1980;3;0
"Trento_Sud";1980;4;0
"Trento_Sud";1980;10;0
"Trento_Sud";1980;11;5
"Trento_Sud";1980;12;3
"Trento_Sud";1981;1;0
"Trento_Sud";1981;2;0
"Trento_Sud";1981;3;5
"Trento_Sud";1981;4;0
"Trento_Sud";1981;10;3
"Trento_Sud";1981;11;2
"Trento_Sud";1981;12;115
"Trento_Sud";1982;1;0
"Trento_Sud";1982;2;10
"Trento_Sud";1982;3;3
"Trento_Sud";1982;4;0
"Trento_Sud";1982;10;0
"Trento_Sud";1982;11;0
"Trento_Sud";1982;12;10
"Trento_Sud";1983;1;0
"Trento_Sud";1983;2;13
"Trento_Sud";1983;3;0
"Trento_Sud";1983;4;0
"Trento_Sud";1983;10;0
"Trento_Sud";1983;11;0
"Trento_Sud";1983;12;15
"Trento_Sud";1984;1;15
"Trento_Sud";1984;2;10
"Trento_Sud";1984;3;0
"Trento_Sud";1984;4;0
"Trento_Sud";1984;10;0
"Trento_Sud";1984;11;0
"Trento_Sud";1984;12;10
"Trento_Sud";1985;1;162
"Trento_Sud";1985;2;0
"Trento_Sud";1985;3;10
"Trento_Sud";1985;4;0
"Trento_Sud";1985;10;0
"Trento_Sud";1985;11;0
"Trento_Sud";1985;12;10
"Trento_Sud";1986;1;85
"Trento_Sud";1986;2;3
"Trento_Sud";1986;3;2
"Trento_Sud";1986;4;0
"Trento_Sud";1986;10;0
"Trento_Sud";1986;11;0
"Trento_Sud";1986;12;2
"Trento_Sud";1987;1;35
"Trento_Sud";1987;2;2
"Trento_Sud";1987;3;0
"Trento_Sud";1987;4;0
"Trento_Sud";1987;10;0
"Trento_Sud";1987;11;0
"Trento_Sud";1987;12;0
"Trento_Sud";1988;1;10
"Trento_Sud";1988;2;20
"Trento_Sud";1988;3;0
"Trento_Sud";1988;4;0
"Trento_Sud";1988;10;0
"Trento_Sud";1988;11;0
"Trento_Sud";1988;12;0
"Trento_Sud";1989;1;0
"Trento_Sud";1989;2;1
"Trento_Sud";1989;3;0
"Trento_Sud";1989;4;0
"Trento_Sud";1989;10;0
"Trento_Sud";1989;11;0
"Trento_Sud";1989;12;0
"Trento_Sud";1990;1;0
"Trento_Sud";1990;2;1
"Trento_Sud";1990;3;0
"Trento_Sud";1990;4;0
"Trento_Sud";1990;10;0
"Trento_Sud";1990;11;2
"Trento_Sud";1990;12;25
"Trento_Sud";1991;1;0
"Trento_Sud";1991;2;47
"Trento_Sud";1991;3;0
"Trento_Sud";1991;4;0
"Trento_Sud";1991;10;0
"Trento_Sud";1991;11;2
"Trento_Sud";1991;12;1
"Trento_Sud";1992;1;1
"Trento_Sud";1992;2;0
"Trento_Sud";1992;3;0
"Trento_Sud";1992;4;0
"Trento_Sud";1992;10;0
"Trento_Sud";1992;11;0
"Trento_Sud";1992;12;3
"Trento_Sud";1993;1;0
"Trento_Sud";1993;2;1
"Trento_Sud";1993;3;0
"Trento_Sud";1993;4;0
"Trento_Sud";1993;10;0
"Trento_Sud";1993;11;0
"Trento_Sud";1993;12;56
"Trento_Sud";1994;1;28
"Trento_Sud";1994;2;0
"Trento_Sud";1994;3;0
"Trento_Sud";1994;4;0
"Trento_Sud";1994;10;0
"Trento_Sud";1994;11;0
"Trento_Sud";1994;12;5
"Trento_Sud";1995;1;30
"Trento_Sud";1995;2;0
"Trento_Sud";1995;3;0
"Trento_Sud";1995;4;0
"Trento_Sud";1995;10;0
"Trento_Sud";1995;11;0
"Trento_Sud";1995;12;15
"Trento_Sud";1996;1;6
"Trento_Sud";1996;2;3
"Trento_Sud";1996;3;0
"Trento_Sud";1996;4;0
"Trento_Sud";1996;10;0
"Trento_Sud";1996;11;2
"Trento_Sud";1996;12;40
"Trento_Sud";1997;1;3
"Trento_Sud";1997;2;0
"Trento_Sud";1997;3;0
"Trento_Sud";1997;4;0
"Trento_Sud";1997;10;0
"Trento_Sud";1997;11;0
"Trento_Sud";1997;12;5
"Trento_Sud";1998;1;15
"Trento_Sud";1998;2;0
"Trento_Sud";1998;3;0
"Trento_Sud";1998;4;0
"Trento_Sud";1998;10;0
"Trento_Sud";1998;11;0
"Trento_Sud";1998;12;1
"Trento_Sud";1999;1;10
"Trento_Sud";1999;2;15
"Trento_Sud";1999;3;1
"Trento_Sud";1999;4;0
"Trento_Sud";1999;10;0
"Trento_Sud";1999;11;15
"Trento_Sud";1999;12;25
"Trento_Sud";2000;1;0
"Trento_Sud";2000;2;0
"Trento_Sud";2000;3;0
"Trento_Sud";2000;4;0
"Trento_Sud";2000;10;0
"Trento_Sud";2000;11;0
"Trento_Sud";2000;12;20
"Trento_Sud";2001;1;31
"Trento_Sud";2001;2;3
"Trento_Sud";2001;3;1
"Trento_Sud";2001;4;0
"Trento_Sud";2001;10;0
"Trento_Sud";2001;11;0
"Trento_Sud";2001;12;0
"Trento_Sud";2002;1;0
"Trento_Sud";2002;2;0
"Trento_Sud";2002;3;0
"Trento_Sud";2002;4;0
"Trento_Sud";2002;10;0
"Trento_Sud";2002;11;0
"Trento_Sud";2002;12;0
"Trento_Sud";2003;1;10
"Trento_Sud";2003;2;1
"Trento_Sud";2003;3;0
"Trento_Sud";2003;4;0
"Trento_Sud";2003;10;0
"Trento_Sud";2003;11;0
"Trento_Sud";2003;12;1
"Trento_Sud";2004;1;3
"Trento_Sud";2004;2;7
"Trento_Sud";2004;3;30
"Trento_Sud";2004;4;0
"Trento_Sud";2004;10;0
"Trento_Sud";2004;11;0
"Trento_Sud";2004;12;5
"Trento_Sud";2005;1;16
"Trento_Sud";2005;2;0
"Trento_Sud";2005;3;12
"Trento_Sud";2005;4;0
"Trento_Sud";2005;10;0
"Trento_Sud";2005;11;26
"Trento_Sud";2005;12;42
"Trento_Sud";2006;1;93
"Trento_Sud";2006;2;0
"Trento_Sud";2006;3;0
"Trento_Sud";2006;4;0
"Trento_Sud";2006;10;0
"Trento_Sud";2006;11;0
"Trento_Sud";2006;12;0
"Trento_Sud";2007;1;0
"Trento_Sud";2007;2;0
"Trento_Sud";2007;3;0
"Trento_Sud";2007;4;0
"Trento_Sud";2007;10;0
"Trento_Sud";2007;11;0
"Trento_Sud";2007;12;0
"Trento_Sud";2008;1;13
"Trento_Sud";2008;2;0
"Trento_Sud";2008;3;0
"Trento_Sud";2008;4;0
"Trento_Sud";2008;10;0
"Trento_Sud";2008;11;50
"Trento_Sud";2008;12;43
"Trento_Sud";2009;1;14
"Trento_Sud";2009;2;4
"Trento_Sud";2009;3;0
"Trento_Sud";2009;4;0
"Trento_Sud";2009;10;0
"Trento_Sud";2009;11;0
"Trento_Sud";2009;12;22
"Trento_Sud";2010;1;4
"Trento_Sud";2010;2;7
"Trento_Sud";2010;3;0
"Trento_Sud";2010;4;0
"Trento_Sud";2010;10;0
"Trento_Sud";2010;11;12
"Trento_Sud";2010;12;47
"Trento_Sud";2011;1;1
"Trento_Sud";2011;2;0
"Trento_Sud";2011;3;0
"Trento_Sud";2011;4;0
"Trento_Sud";2011;10;0
"Trento_Sud";2011;11;0
"Trento_Sud";2011;12;0
"Trento_Sud";2012;1;0
"Trento_Sud";2012;2;2
"Trento_Sud";2012;3;0
"Trento_Sud";2012;4;0
"Trento_Sud";2012;10;0
"Trento_Sud";2012;11;0
"Trento_Sud";2012;12;22
"Trento_Sud";2013;1;13
"Trento_Sud";2013;2;28
"Trento_Sud";2013;3;8
"Trento_Sud";2013;4;0
"Trento_Sud";2013;10;0
"Trento_Sud";2013;11;0
"Trento_Sud";2013;12;0
"Trento_Sud";2014;1;11
"Trento_Sud";2014;2;0
"Trento_Sud";2014;3;0
"Trento_Sud";2014;4;0
"Trento_Sud";2014;10;0
"Trento_Sud";2014;11;0
"Trento_Sud";2014;12;6
"Trento_Sud";2015;1;5
"Trento_Sud";2015;2;0
"Trento_Sud";2015;3;0
"Trento_Sud";2015;4;0
"Trento_Sud";2015;10;0
"Trento_Sud";2015;11;0
"Trento_Sud";2015;12;0
"Trento_Sud";2016;1;2
"Trento_Sud";2016;2;0
"Trento_Sud";2016;3;2
"Trento_Sud";2016;4;0
"Trento_Sud";2016;10;0
"Trento_Sud";2016;11;0
"Trento_Sud";2016;12;0
"Trento_Sud";2017;1;6
"Trento_Sud";2017;2;0
"Trento_Sud";2017;3;0
"Trento_Sud";2017;4;0
"Trento_Sud";2017;10;0
"Trento_Sud";2017;11;0
"Trento_Sud";2017;12;22
"Trento_Sud";2018;1;2
"Trento_Sud";2018;2;2
"Trento_Sud";2018;3;5
"Trento_Sud";2018;4;0
"Trento_Sud";2018;10;0
"Trento_Sud";2018;11;0
"Trento_Sud";2018;12;5
"Trento_Sud";2019;1;12
"Trento_Sud";2019;2;6
"Trento_Sud";2019;3;0
"Trento_Sud";2019;4;0
"Trento_Sud";2019;10;0
"Trento_Sud";2019;11;0
"Trento_Sud";2019;12;5
"Trento_Sud";2020;1;0
"Trento_Sud";2020;2;0
"Trento_Sud";2020;3;0
"Trento_Sud";2020;4;0
