"Provider";"Name";"Longitude";"Latitude";"Elevation";"CP";"Delta"
"IT_BZ";"Alliz_Maso_Strimo_Osservatore";10.69607322;46.65020588;1754;NA;NA
"IT_TN";"Andalo";11.0010188823089;46.1714564328804;1047;200401;8
"IT_BZ";"Anterivo_Osservatore";11.36775099;46.27734539;1209;198702;-27
"IT_BZ";"Anterselva_di_Mezzo_Osservatore";12.10089664;46.8607218;1236;198812;-11
"MTAA";"Ballino_Fiave";10.81;45.965;760;NA;NA
"IT_TN";"Belvedere_sas_bece_";11.8006970040771;46.4847288300408;2121;NA;NA
"MTAA";"Bolzano";11.35;46.5;262;NA;NA
"IT_TN";"Bondone_viote";11.0548777267058;46.0136521355734;1495;NA;NA
"IT_BZ";"Braies_Ferrara_Osservatore";12.12878711;46.71923932;1221;NA;NA
"IT_BZ";"Bronzolo_Osservatore";11.31824915;46.40557733;250;NA;NA
"IT_TN";"Buffaure";11.723802077648;46.4303628858859;2060;NA;NA
"IT_TN";"Campiglio_pradalago";10.8138954432052;46.2496954625048;2084;NA;NA
"IT_TN";"Canazei_ciampac";11.7714035902451;46.4469785135806;2145;200512;23
"IT_TN";"Caoria";11.6713379953172;46.2006702324682;915;NA;NA
"IT_BZ";"Casere_di_Fuori_Osservatore";10.92669712;46.73510012;1705;NA;NA
"IT_TN";"Col_verde";11.8170573188344;46.2712821942049;1877;NA;NA
"IT_BZ";"Corona_Cortaccia_Osservatore";11.2067523;46.32075352;890;NA;NA
"IT_BZ";"Costalovara_Osservatore";11.42930123;46.52748914;1250;NA;NA
"IT_BZ";"Diga_di_Gioveretto_Osservatore";10.72507185;46.50906272;1851;200712;18
"IT_BZ";"Diga_di_Neves_Osservatore";11.78708948;46.94141718;1860;NA;NA
"IT_BZ";"Diga_di_Quaira_Osservatore";10.89376378;46.55203116;2252;NA;NA
"IT_BZ";"Diga_di_Valdaora_Osservatore";12.05365673;46.75973652;1057;198612;-18
"IT_BZ";"Diga_di_Vizze_Osservatore";11.52467213;46.92499205;1365;200302;9
"IT_BZ";"Diga_di_Zoccolo_Osservatore";10.98836178;46.54186662;1144;200302;8
"IT_TN";"Dossioli_pra_alpesina";10.8817640796143;45.7585667103856;1430;NA;NA
"IT_BZ";"Favogna_di_sotto_Osservatore";11.17926262;46.2716181;1060;NA;NA
"IT_BZ";"Fie_allo_Sciliar_Osservatore";11.50596643;46.51315332;835;NA;NA
"IT_BZ";"Fleres_Osservatore";11.34703358;46.96521205;1245;NA;NA
"IT_TN";"Folgaria_passo_sommo";11.2060761526375;45.9186467082203;1360;NA;NA
"IT_TN";"Folgarida_malghet_aut";10.8466816931717;46.2901739995812;1890;NA;NA
"IT_BZ";"Fontana_Bianca";10.83181104;46.4868471;1900;200502;12
"IT_BZ";"Fortezza_Osservatore";11.63224644;46.77830405;725;199401;-5
"IT_BZ";"Fundres_Osservatore";11.70509939;46.88647195;1150;198812;-11
"IT_TN";"Groste_";10.8897579783328;46.2177254270838;2265;NA;NA
"IT_BZ";"La_Villa_in_Badia_Osservatore";11.90707591;46.58363024;1390;200302;11
"IT_TN";"Lago_di_calaita";11.7886554573593;46.201604714143;1588;NA;NA
"IT_BZ";"Lago_Verde_Osservatore";10.79940084;46.48233084;2560;NA;NA
"IT_BZ";"Lazfons_Osservatore";11.54613906;46.67240068;1190;198702;-9
"IT_BZ";"Longiaru_Osservatore";11.86087783;46.63934483;1396;NA;NA
"IT_TN";"Lusia";11.6820689520714;46.3462812493082;2050;NA;NA
"IT_BZ";"Luson_Osservatore";11.76389072;46.74503109;981;198702;-7
"IT_BZ";"Maia_Alta_Osservatore";11.18323356;46.65781956;334;201012;-3
"IT_TN";"Malga_baessa";11.4588997192168;46.147424812832;1320;NA;NA
"IT_TN";"Malga_bissina";10.5141220390422;46.0529037107704;1780;199102;-55
"IT_TN";"Malga_val_cigolera";11.7615064798669;46.261432989078;1880;NA;NA
"IT_TN";"Malga_zugna";11.0581631149696;45.8075577092672;1610;NA;NA
"IT_TN";"Marmolada";11.8783953921027;46.4374494450085;2925;NA;NA
"IT_TN";"Masi_lozen";11.7745450711882;46.1705726426978;1150;NA;NA
"IT_BZ";"Mazia_Osservatore";10.61752603;46.69431612;1570;NA;NA
"IT_BZ";"Melago_Osservatore";10.65658212;46.83743202;1915;199812;7
"IT_BZ";"Meltina_Osservatore";11.25168818;46.58577223;1133;NA;NA
"IT_BZ";"Molini_di_Tures_Osservatore";11.94156802;46.89781576;850;NA;NA
"IT_TN";"Monte_bondone_vason_palon";11.0602169368248;46.037414231606;1670;NA;NA
"IT_BZ";"Monte_Maria_Osservatore";10.52099558;46.70625056;1335;199112;-8
"MTAA";"Mori";10.982;45.851;204;199801;-13
"IT_BZ";"Nova_Levante_Osservatore";11.53739936;46.43057753;1180;NA;NA
"IT_BZ";"Nova_Ponente_Maso_di_sopra_Osservatore";11.4125352;46.41913322;1415;NA;NA
"IT_BZ";"Ora_Osservatore";11.30501737;46.34688534;250;NA;NA
"IT_BZ";"Ortisei_Osservatore";11.67296417;46.57404428;1180;198702;-13
"IT_TN";"Paganella";11.0215035818669;46.1430077006157;1790;NA;NA
"IT_TN";"Pampeago";11.5396229812255;46.3423958587797;1760;200302;14
"IT_TN";"Pampeago_monsorno";11.5519029925024;46.3471225465812;1985;NA;NA
"IT_TN";"Pampeago_tresca";11.5544636619279;46.3344847264911;2080;NA;NA
"IT_TN";"Panarotta";11.3198894548695;46.0501786725631;1775;NA;NA
"IT_TN";"Paneveggio";11.7475026026996;46.309520294324;1535;198702;-28
"IT_TN";"Passo_brocon_malga_marande";11.6632666349536;46.1166772071133;1608;200102;26
"IT_TN";"Passo_durone";10.7957359527015;46.0370830661998;1007;NA;NA
"IT_TN";"Passo_fedaia";11.866076096552;46.4576126813603;2100;NA;NA
"IT_TN";"Passo_rolle";11.787124441034;46.2979197004087;2012;NA;NA
"IT_TN";"Passo_san_pellegrino";11.7951385581425;46.3841765986643;1980;NA;NA
"IT_TN";"Passo_san_valentino";10.9106764184782;45.7829621896223;1320;NA;NA
"IT_TN";"Passo_tonale_scuola_pat";10.5968280458065;46.2625647107409;1880;200012;34
"IT_TN";"Passo_valles";11.8012322597565;46.3394699156745;2045;200702;39
"IT_TN";"Pejo_tarlenta";10.6627118788263;46.3703990319223;1985;200601;17
"IT_BZ";"Pennes_Osservatore";11.42688727;46.78148685;1487;NA;NA
"IT_TN";"Pinzolo_grual";10.8122370699165;46.1722627105598;1885;NA;NA
"IT_BZ";"Plata_Osservatore";11.17696798;46.82284696;1130;198702;-7
"IT_TN";"Pozza_di_fassa";11.6922585360454;46.4263805174985;1385;198702;-15
"IT_BZ";"Prato_allo_Stelvio_Osservatore";10.59715259;46.62478425;900;NA;NA
"IT_TN";"Predazzo_gardone";11.5757737423504;46.3403105810852;1675;200002;13
"IT_TN";"Presena";10.5787326799094;46.2280932252724;2735;NA;NA
"IT_TN";"Rabbi";10.8031994771395;46.4095791406073;1335;201402;-20
"IT_BZ";"Racines_di_Dentro_Osservatore";11.31719656;46.86602596;1260;200302;9
"IT_BZ";"Redagno_Osservatore";11.3982488;46.34736099;1575;200302;16
"IT_BZ";"Ridanna_Osservatore";11.29949127;46.91074127;1350;200302;14
"IT_BZ";"Rifiano_Beobachter";11.18360656;46.70503357;500;NA;NA
"IT_TN";"Rifugio_trivena";10.6116145637295;46.0497654655668;1650;NA;NA
"MTAA";"Riva_del_Garda";10.85;45.883;65;198802;-9
"IT_BZ";"Roia_di_Fuori_Osservatore";10.48411319;46.80958827;1833;201702;47
"MTAA";"Rovereto";11.044;45.897;213;198802;-11
"IT_TN";"Rumo";11.0084920211625;46.4538502286848;1100;NA;NA
"IT_BZ";"S_Cassiano_Osservatore";11.93646224;46.56871297;1545;NA;NA
"IT_BZ";"S_Genesio_Atesino_Osservatore";11.32948491;46.53910648;1140;NA;NA
"IT_BZ";"S_Leonardo_in_Passiria_Osservatore";11.24712619;46.80906215;644;NA;NA
"IT_BZ";"S_Maddalena_in_Casies_Osservatore";12.23981675;46.83497359;1403;198812;-12
"IT_BZ";"S_Martino_in_Passiria_Osservatore";11.22790902;46.78268248;588;198702;-4
"IT_BZ";"S_Pancrazio_Osservatore";11.0556847;46.56489451;810;NA;NA
"IT_BZ";"S_Valentino_alla_Muta_Osservatore";10.52721822;46.77468882;1525;200802;14
"IT_BZ";"S_Valpurga_d_Ultimo_Osservatore";11.00285375;46.54793154;1105;NA;NA
"IT_BZ";"S_Vito_di_Braies_Osservatore";12.10002035;46.711878;1285;NA;NA
"IT_BZ";"San_Candido_Osservatore";12.27986491;46.73298667;1236;NA;NA
"IT_TN";"San_martino_di_castrozza";11.7963064479239;46.2616227003354;1465;198801;-19
"IT_BZ";"San_Martino_Osservatore";11.41450085;46.70104913;1365;NA;NA
"IT_BZ";"Scena_Osservatore";11.19083113;46.68959605;680;198702;-9
"IT_BZ";"Sesto_Osservatore";12.34996395;46.70305348;1310;198702;-17
"IT_BZ";"Silandro_Convento_Osservatore";10.77479328;46.62764654;718;NA;NA
"IT_BZ";"Slingia_Osservatore";10.47392044;46.70413091;1690;NA;NA
"IT_BZ";"Terento_Osservatore";11.79376923;46.83211565;1240;NA;NA
"IT_BZ";"Terme_di_Brennero_Osservatore";11.48893131;46.98113046;1330;198802;-28
"IT_TN";"Tremalzo";10.6841436322376;45.8416674071126;1550;NA;NA
"IT_TN";"Trento_citta_";11.1209481300789;46.0719397089953;194;NA;NA
"MTAA";"Trento_Gardolo";11.110674;46.110156;210;199912;-7
"MTAA";"Trento_Sud";11.131;46.035;195;200102;-7
"IT_TN";"Val_noana_diga";11.839286479828;46.1387176996722;1020;NA;NA
"IT_TN";"Vallarsa_pian_fugazze";11.1748291430703;45.7588967087906;1170;NA;NA
"IT_BZ";"Valles_osservatore";11.63069588;46.83865542;1352;NA;NA
"IT_BZ";"Valluzza_Osservatore";11.66281012;46.62357387;1350;NA;NA
"IT_BZ";"Vanga_Osservatore";11.3974726;46.55179481;920;NA;NA
"IT_TN";"Vermiglio";10.6893678792275;46.297522633443;1280;NA;NA
"IT_TN";"Vigo_di_fassa_ciampedie";11.6630266389141;46.4330414856248;1975;NA;NA
"IT_TN";"Villa_welsperg";11.8686124461836;46.1989311298892;1040;NA;NA
"IT_BZ";"Vipiteno_osservatore";11.42939036;46.89782461;948;NA;NA
