"Date";"Alliz_Maso_Strimo_Osservatore";"Andalo";"Anterivo_Osservatore";"Anterselva_di_Mezzo_Osservatore";"Ballino_Fiave";"Belvedere_sas_bece_";"Bolzano";"Bondone_viote";"Braies_Ferrara_Osservatore";"Bronzolo_Osservatore";"Buffaure";"Campiglio_pradalago";"Canazei_ciampac";"Caoria";"Casere_di_Fuori_Osservatore";"Col_verde";"Corona_Cortaccia_Osservatore";"Costalovara_Osservatore";"Diga_di_Gioveretto_Osservatore";"Diga_di_Neves_Osservatore";"Diga_di_Quaira_Osservatore";"Diga_di_Valdaora_Osservatore";"Diga_di_Vizze_Osservatore";"Diga_di_Zoccolo_Osservatore";"Dossioli_pra_alpesina";"Favogna_di_sotto_Osservatore";"Fie_allo_Sciliar_Osservatore";"Fleres_Osservatore";"Folgaria_passo_sommo";"Folgarida_malghet_aut";"Fontana_Bianca";"Fortezza_Osservatore";"Fundres_Osservatore";"Groste_";"La_Villa_in_Badia_Osservatore";"Lago_di_calaita";"Lago_Verde_Osservatore";"Lazfons_Osservatore";"Longiaru_Osservatore";"Lusia";"Luson_Osservatore";"Maia_Alta_Osservatore";"Malga_baessa";"Malga_bissina";"Malga_val_cigolera";"Malga_zugna";"Marmolada";"Masi_lozen";"Mazia_Osservatore";"Melago_Osservatore";"Meltina_Osservatore";"Molini_di_Tures_Osservatore";"Monte_bondone_vason_palon";"Monte_Maria_Osservatore";"Mori";"Nova_Levante_Osservatore";"Nova_Ponente_Maso_di_sopra_Osservatore";"Ora_Osservatore";"Ortisei_Osservatore";"Paganella";"Pampeago";"Pampeago_monsorno";"Pampeago_tresca";"Panarotta";"Paneveggio";"Passo_brocon_malga_marande";"Passo_durone";"Passo_fedaia";"Passo_rolle";"Passo_san_pellegrino";"Passo_san_valentino";"Passo_tonale_scuola_pat";"Passo_valles";"Pejo_tarlenta";"Pennes_Osservatore";"Pinzolo_grual";"Plata_Osservatore";"Pozza_di_fassa";"Prato_allo_Stelvio_Osservatore";"Predazzo_gardone";"Presena";"Rabbi";"Racines_di_Dentro_Osservatore";"Redagno_Osservatore";"Ridanna_Osservatore";"Rifiano_Beobachter";"Rifugio_trivena";"Riva_del_Garda";"Roia_di_Fuori_Osservatore";"Rovereto";"Rumo";"S_Cassiano_Osservatore";"S_Genesio_Atesino_Osservatore";"S_Leonardo_in_Passiria_Osservatore";"S_Maddalena_in_Casies_Osservatore";"S_Martino_in_Passiria_Osservatore";"S_Pancrazio_Osservatore";"S_Valentino_alla_Muta_Osservatore";"S_Valpurga_d_Ultimo_Osservatore";"S_Vito_di_Braies_Osservatore";"San_Candido_Osservatore";"San_martino_di_castrozza";"San_Martino_Osservatore";"Scena_Osservatore";"Sesto_Osservatore";"Silandro_Convento_Osservatore";"Slingia_Osservatore";"Terento_Osservatore";"Terme_di_Brennero_Osservatore";"Tremalzo";"Trento_citta_";"Trento_Gardolo";"Trento_Sud";"Val_noana_diga";"Vallarsa_pian_fugazze";"Valles_osservatore";"Valluzza_Osservatore";"Vanga_Osservatore";"Vermiglio";"Vigo_di_fassa_ciampedie";"Villa_welsperg";"Vipiteno_osservatore"
"1980-1981";NA;NA;NA;NA;NA;NA;NA;NA;NA;14;NA;NA;NA;NA;NA;NA;NA;NA;281;NA;NA;94;326;202;NA;NA;NA;NA;NA;NA;341;NA;190;NA;NA;NA;439;173;NA;NA;104;NA;NA;NA;NA;NA;NA;NA;NA;NA;102;92;NA;180;NA;NA;NA;NA;NA;NA;NA;NA;NA;NA;NA;NA;NA;NA;NA;NA;NA;NA;328;NA;NA;NA;144;123;NA;NA;NA;NA;NA;NA;434;NA;NA;4;NA;6;NA;NA;NA;NA;211;36;62;NA;NA;265;NA;232;NA;NA;235;NA;NA;NA;467;NA;NA;10;9;NA;NA;NA;NA;NA;NA;NA;NA;88
"1981-1982";NA;NA;NA;NA;NA;NA;NA;NA;NA;NA;NA;NA;NA;NA;NA;NA;NA;NA;478;710;NA;116;320;239;NA;NA;NA;NA;NA;NA;524;NA;235;NA;NA;NA;704;172;NA;NA;133;NA;NA;NA;NA;NA;NA;NA;NA;NA;115;139;NA;167;NA;NA;NA;NA;158;NA;247;NA;NA;NA;256;NA;NA;NA;NA;NA;NA;NA;458;NA;NA;NA;218;157;NA;NA;NA;228;NA;NA;463;NA;NA;62;NA;82;NA;NA;NA;NA;258;65;110;NA;NA;320;NA;NA;NA;NA;282;NA;NA;NA;465;NA;NA;141;143;NA;NA;NA;NA;NA;NA;NA;NA;134
"1982-1983";NA;NA;NA;NA;NA;NA;NA;NA;NA;NA;NA;NA;NA;NA;NA;NA;NA;NA;369;477;NA;92;192;148;NA;113;NA;NA;NA;NA;463;23;153;NA;NA;NA;488;110;NA;NA;93;NA;NA;NA;NA;NA;NA;NA;NA;NA;71;NA;NA;111;16;NA;NA;NA;108;NA;NA;NA;NA;NA;NA;NA;NA;NA;NA;NA;NA;NA;486;NA;NA;NA;118;NA;NA;NA;NA;NA;NA;226;260;NA;NA;7;NA;9;NA;NA;NA;NA;167;34;64;198;NA;217;NA;299;NA;NA;181;NA;NA;NA;280;NA;NA;11;10;NA;NA;173;NA;NA;NA;NA;NA;91
"1983-1984";NA;NA;253;NA;NA;NA;NA;NA;NA;36;NA;NA;NA;NA;290;NA;NA;NA;493;698;NA;131;280;277;NA;206;NA;NA;NA;NA;574;45;255;NA;NA;NA;NA;NA;408;NA;152;NA;NA;NA;NA;NA;NA;NA;NA;NA;112;NA;NA;185;45;NA;NA;NA;183;NA;NA;NA;NA;NA;NA;NA;NA;NA;NA;NA;NA;NA;NA;NA;350;NA;194;NA;NA;NA;NA;NA;375;NA;384;NA;NA;26;NA;35;NA;NA;NA;NA;262;60;98;306;NA;318;NA;445;NA;NA;320;NA;NA;NA;383;NA;NA;57;55;NA;NA;273;NA;73;NA;NA;NA;125
"1984-1985";NA;NA;210;152;NA;NA;NA;386;NA;80;NA;NA;NA;NA;184;NA;NA;NA;367;531;NA;84;179;229;NA;213;NA;NA;NA;NA;485;33;141;NA;NA;NA;660;NA;246;NA;94;NA;NA;NA;NA;NA;NA;NA;NA;NA;NA;NA;NA;140;164;NA;NA;NA;137;NA;NA;NA;NA;NA;NA;NA;NA;NA;NA;NA;NA;NA;NA;NA;224;NA;125;NA;NA;NA;NA;NA;209;297;215;NA;NA;71;NA;142;NA;NA;NA;NA;182;51;97;245;NA;214;NA;NA;NA;NA;209;NA;NA;NA;249;NA;NA;251;209;NA;NA;150;NA;56;NA;NA;NA;88
"1985-1986";NA;NA;318;304;NA;NA;NA;358;NA;NA;NA;NA;NA;NA;304;NA;NA;NA;538;928;NA;188;425;362;NA;300;NA;NA;NA;NA;652;68;316;NA;NA;NA;780;239;551;NA;191;55;NA;738;NA;NA;NA;NA;NA;NA;NA;NA;NA;250;84;NA;NA;NA;261;NA;354;NA;NA;NA;341;NA;NA;NA;NA;NA;NA;902;708;NA;607;NA;250;219;NA;NA;NA;318;486;365;577;NA;NA;54;534;63;NA;NA;217;87;358;87;NA;367;NA;515;NA;386;NA;81;456;NA;NA;NA;610;NA;NA;100;89;304;NA;328;NA;220;NA;NA;NA;209
"1986-1987";NA;NA;169;154;NA;NA;NA;266;NA;26;NA;NA;NA;NA;195;NA;NA;NA;391;536;NA;97;197;183;NA;133;NA;NA;NA;NA;485;37;162;NA;NA;NA;599;117;294;NA;103;25;NA;NA;NA;NA;NA;NA;NA;NA;NA;NA;NA;161;36;NA;NA;NA;117;NA;NA;NA;NA;NA;266;NA;NA;NA;NA;NA;NA;647;NA;NA;270;NA;134;161;NA;NA;NA;207;247;223;271;NA;NA;19;407;34;NA;NA;100;48;179;44;NA;252;NA;229;NA;300;NA;43;213;NA;NA;NA;281;NA;NA;51;44;NA;NA;186;NA;61;NA;NA;NA;94
"1987-1988";NA;NA;104;121;NA;NA;NA;151;NA;21;NA;NA;NA;NA;187;NA;NA;NA;359;426;NA;76;184;122;NA;87;NA;NA;NA;NA;409;19;137;NA;199;NA;502;93;231;NA;82;NA;NA;375;NA;NA;NA;NA;NA;NA;NA;NA;NA;117;37;NA;NA;NA;98;NA;NA;NA;NA;NA;123;NA;NA;NA;NA;NA;NA;421;246;NA;232;NA;115;NA;NA;NA;NA;NA;207;156;236;NA;NA;21;338;27;NA;NA;65;33;157;25;54;204;NA;173;NA;134;NA;25;184;NA;NA;NA;267;NA;NA;50;44;NA;NA;150;NA;36;NA;NA;NA;74
"1988-1989";NA;NA;85;89;NA;NA;NA;NA;NA;9;NA;NA;NA;NA;135;NA;NA;NA;281;337;NA;55;135;101;NA;72;NA;NA;NA;NA;338;16;95;NA;144;NA;402;82;169;NA;54;NA;NA;NA;NA;NA;NA;NA;NA;NA;NA;NA;NA;95;NA;NA;NA;NA;64;NA;NA;NA;NA;NA;NA;NA;NA;NA;NA;NA;NA;NA;NA;NA;185;NA;81;NA;NA;NA;NA;NA;184;139;188;NA;NA;1;239;2;NA;NA;65;25;99;19;47;160;NA;138;NA;NA;NA;25;134;28;NA;NA;214;NA;NA;2;2;NA;NA;126;NA;34;NA;NA;NA;74
"1989-1990";NA;NA;47;64;NA;NA;NA;NA;NA;10;NA;NA;NA;NA;172;NA;NA;54;336;206;NA;45;89;66;NA;44;4;NA;NA;NA;416;12;124;NA;118;NA;432;48;134;NA;72;8;NA;NA;NA;NA;NA;NA;NA;237;NA;NA;NA;110;NA;NA;NA;NA;42;NA;NA;NA;NA;NA;85;NA;NA;NA;NA;NA;NA;NA;197;NA;105;NA;87;40;NA;NA;NA;110;95;92;237;NA;NA;1;307;1;NA;NA;34;17;79;31;54;166;NA;117;NA;NA;68;28;116;13;NA;NA;255;NA;NA;3;3;NA;NA;67;NA;34;NA;NA;NA;26
"1990-1991";NA;NA;NA;NA;NA;NA;NA;NA;NA;NA;NA;NA;255;NA;NA;NA;NA;NA;397;NA;NA;NA;220;171;NA;NA;NA;NA;NA;NA;430;NA;159;NA;NA;NA;NA;NA;NA;NA;85;NA;NA;451;NA;NA;NA;NA;NA;333;NA;NA;NA;136;NA;NA;NA;NA;105;NA;NA;NA;NA;NA;NA;238;NA;NA;NA;NA;NA;429;395;NA;NA;NA;143;NA;NA;NA;NA;NA;NA;NA;294;NA;NA;32;354;49;NA;NA;NA;NA;177;47;NA;224;NA;NA;NA;249;NA;45;213;45;NA;NA;NA;NA;NA;71;60;NA;NA;NA;NA;52;NA;NA;NA;110
"1991-1992";NA;NA;135;NA;NA;NA;NA;192;NA;NA;NA;NA;288;NA;NA;NA;NA;NA;468;NA;NA;NA;292;208;NA;NA;NA;NA;NA;NA;602;NA;184;NA;NA;NA;NA;NA;NA;NA;134;17;NA;512;NA;NA;NA;NA;NA;383;NA;NA;NA;144;NA;NA;NA;NA;138;NA;218;NA;NA;NA;266;251;NA;NA;NA;NA;NA;638;508;NA;NA;NA;195;149;NA;NA;NA;200;NA;NA;397;NA;NA;3;404;9;NA;NA;NA;NA;188;47;NA;226;NA;NA;NA;276;NA;41;235;34;NA;NA;NA;NA;NA;21;26;NA;NA;NA;NA;62;NA;NA;NA;86
"1992-1993";NA;NA;76;NA;NA;NA;NA;131;NA;NA;NA;NA;NA;NA;NA;NA;NA;NA;373;NA;NA;46;124;87;NA;NA;NA;NA;NA;NA;459;NA;88;NA;148;NA;NA;NA;NA;NA;46;4;NA;391;NA;NA;NA;NA;NA;274;NA;NA;NA;91;NA;NA;136;NA;66;NA;115;NA;NA;NA;NA;NA;NA;NA;NA;NA;NA;441;242;NA;NA;NA;71;NA;NA;NA;NA;104;NA;NA;169;NA;NA;4;333;4;NA;NA;NA;NA;107;14;NA;147;NA;NA;NA;115;NA;13;128;15;NA;NA;162;NA;NA;5;7;56;NA;NA;NA;23;NA;NA;NA;42
"1993-1994";NA;NA;145;NA;NA;NA;NA;NA;NA;NA;NA;NA;NA;NA;NA;NA;NA;NA;339;487;NA;85;222;137;NA;NA;NA;NA;NA;NA;422;39;158;NA;269;NA;NA;NA;NA;NA;85;34;NA;NA;NA;NA;NA;NA;NA;326;NA;NA;NA;129;NA;NA;207;NA;118;NA;NA;NA;NA;NA;NA;NA;NA;NA;NA;NA;NA;NA;NA;NA;NA;NA;137;NA;NA;NA;NA;NA;NA;NA;297;NA;NA;35;360;44;NA;NA;NA;NA;187;53;NA;213;NA;NA;NA;253;NA;48;210;44;NA;NA;328;NA;NA;74;65;NA;NA;NA;NA;65;NA;NA;NA;NA
"1994-1995";NA;NA;126;NA;NA;NA;NA;NA;157;NA;NA;NA;NA;NA;NA;NA;NA;NA;290;377;NA;81;182;156;NA;NA;NA;NA;NA;NA;352;36;148;NA;183;NA;NA;NA;240;NA;94;24;NA;NA;NA;NA;NA;NA;NA;282;NA;NA;NA;126;NA;NA;160;NA;108;NA;NA;NA;NA;NA;NA;NA;NA;NA;NA;NA;NA;NA;NA;NA;NA;NA;124;NA;NA;NA;NA;NA;213;NA;235;NA;NA;16;300;18;NA;NA;NA;NA;163;44;NA;197;NA;NA;NA;NA;164;44;186;36;NA;112;275;NA;NA;35;30;NA;NA;NA;NA;47;NA;NA;NA;NA
"1995-1996";NA;NA;117;89;NA;NA;NA;NA;102;NA;NA;NA;NA;NA;NA;NA;NA;NA;239;303;NA;57;136;119;NA;NA;NA;NA;NA;NA;272;22;92;NA;154;NA;331;77;168;NA;60;16;NA;NA;NA;NA;NA;NA;NA;212;NA;NA;NA;89;NA;NA;138;NA;80;NA;NA;NA;NA;NA;186;NA;NA;NA;NA;NA;NA;NA;320;NA;NA;NA;88;NA;NA;NA;NA;NA;157;NA;177;NA;NA;16;245;18;NA;NA;NA;NA;104;31;NA;146;NA;NA;NA;NA;120;27;119;34;NA;73;201;NA;NA;33;34;121;NA;NA;NA;37;NA;NA;NA;NA
"1996-1997";167;NA;99;91;NA;NA;NA;NA;121;NA;NA;NA;NA;NA;NA;NA;NA;NA;324;418;NA;59;144;136;NA;NA;NA;NA;NA;NA;382;25;102;NA;165;NA;NA;79;189;NA;63;22;NA;254;NA;NA;NA;NA;NA;280;NA;NA;NA;113;NA;NA;148;NA;82;NA;NA;NA;NA;NA;NA;NA;NA;NA;NA;NA;NA;NA;248;NA;NA;NA;104;NA;NA;NA;NA;NA;164;NA;192;NA;NA;19;310;30;NA;NA;NA;NA;116;38;NA;160;NA;NA;NA;NA;121;38;141;9;NA;87;214;NA;NA;58;53;NA;NA;NA;NA;38;NA;NA;NA;NA
"1997-1998";185;NA;109;107;NA;NA;NA;NA;136;NA;NA;NA;295;NA;NA;NA;NA;NA;375;402;NA;59;175;123;NA;NA;NA;NA;NA;NA;470;12;101;NA;190;NA;591;94;206;NA;62;13;NA;547;NA;NA;NA;NA;NA;302;NA;NA;NA;105;14;NA;168;NA;94;NA;NA;NA;NA;NA;NA;249;NA;NA;NA;NA;NA;578;386;NA;NA;NA;82;NA;NA;NA;NA;NA;214;NA;231;NA;NA;8;343;14;NA;NA;NA;NA;128;21;NA;178;NA;NA;NA;226;143;20;152;NA;NA;99;262;NA;NA;25;22;NA;NA;NA;NA;28;NA;NA;NA;NA
"1998-1999";213;NA;NA;151;111;NA;NA;222;173;NA;NA;NA;NA;NA;NA;NA;NA;NA;376;548;NA;95;217;152;NA;NA;NA;NA;NA;NA;461;27;143;NA;211;NA;490;119;NA;NA;97;20;NA;NA;NA;NA;NA;NA;NA;358;NA;NA;NA;138;25;NA;188;NA;104;NA;NA;NA;NA;NA;231;NA;NA;NA;NA;NA;NA;NA;443;NA;NA;NA;120;NA;NA;NA;NA;195;255;172;280;NA;NA;14;366;20;NA;NA;NA;NA;175;35;NA;238;NA;NA;NA;258;189;40;196;NA;NA;NA;313;NA;NA;34;27;NA;NA;NA;NA;46;NA;NA;NA;NA
"1999-2000";171;NA;NA;148;NA;NA;NA;162;NA;NA;NA;NA;NA;NA;NA;NA;NA;NA;349;NA;NA;85;225;156;NA;NA;48;NA;NA;NA;401;30;161;NA;232;NA;NA;118;NA;NA;89;23;NA;436;NA;NA;NA;NA;NA;299;NA;NA;NA;125;30;NA;166;NA;99;NA;151;NA;NA;NA;190;NA;NA;NA;252;NA;NA;433;309;NA;NA;NA;133;NA;NA;NA;NA;NA;239;161;277;NA;NA;13;316;18;NA;NA;NA;NA;172;38;NA;203;NA;NA;NA;195;184;36;207;NA;NA;NA;334;NA;NA;35;32;91;NA;NA;NA;NA;NA;NA;NA;NA
"2000-2001";296;NA;NA;167;NA;NA;NA;NA;NA;NA;NA;NA;386;NA;NA;NA;NA;NA;549;NA;NA;85;291;187;NA;NA;50;NA;NA;NA;684;29;186;NA;284;NA;NA;149;NA;NA;99;23;NA;795;NA;NA;NA;NA;NA;500;NA;NA;NA;192;37;NA;272;NA;141;NA;319;NA;NA;NA;349;348;NA;NA;639;NA;NA;968;674;NA;NA;NA;160;NA;NA;NA;NA;218;NA;310;359;NA;NA;23;495;27;NA;NA;NA;NA;212;41;NA;295;NA;NA;NA;355;258;43;226;NA;NA;NA;399;NA;NA;50;44;NA;NA;NA;NA;NA;NA;NA;NA;108
"2001-2002";119;NA;NA;65;NA;NA;NA;NA;NA;NA;NA;NA;NA;NA;NA;NA;21;NA;264;325;NA;34;86;53;NA;NA;8;NA;NA;NA;328;4;61;NA;120;NA;385;52;NA;NA;30;0;NA;416;NA;NA;NA;NA;NA;231;NA;NA;NA;74;0;NA;99;NA;48;NA;NA;NA;NA;NA;162;NA;NA;NA;NA;NA;NA;NA;NA;NA;NA;NA;45;NA;NA;NA;NA;NA;NA;126;112;NA;NA;0;248;0;NA;NA;NA;NA;84;5;NA;124;NA;NA;NA;166;80;6;96;NA;NA;NA;124;NA;NA;0;0;NA;NA;NA;NA;NA;NA;NA;NA;NA
"2002-2003";80;NA;NA;59;NA;NA;NA;NA;NA;NA;NA;NA;182;NA;NA;NA;28;NA;165;NA;NA;35;85;53;NA;NA;16;NA;NA;NA;216;12;63;NA;98;NA;NA;46;NA;NA;35;9;NA;309;NA;NA;NA;NA;NA;156;NA;NA;NA;68;10;NA;83;NA;41;NA;121;NA;NA;NA;122;NA;NA;NA;229;NA;NA;208;259;NA;NA;NA;49;NA;NA;NA;NA;NA;NA;105;98;NA;NA;6;176;10;NA;NA;NA;NA;71;20;NA;103;NA;NA;NA;144;74;15;82;NA;NA;NA;117;NA;NA;19;16;NA;NA;NA;NA;NA;NA;NA;NA;NA
"2003-2004";241;NA;217;173;177;NA;NA;317;194;27;NA;NA;NA;NA;221;NA;139;179;467;NA;NA;87;263;228;NA;214;70;NA;NA;NA;536;29;170;NA;289;NA;NA;143;303;NA;83;19;NA;786;NA;NA;NA;NA;NA;393;108;91;NA;164;24;NA;288;NA;134;NA;339;NA;NA;NA;343;400;NA;NA;NA;NA;NA;782;655;NA;NA;NA;170;NA;61;NA;NA;234;309;352;364;24;NA;20;453;14;NA;NA;111;NA;201;38;85;267;NA;NA;NA;385;235;42;225;NA;NA;142;385;NA;NA;38;24;NA;NA;NA;NA;NA;NA;NA;NA;NA
"2004-2005";113;NA;85;75;162;NA;NA;NA;89;19;NA;NA;NA;NA;119;NA;60;78;246;NA;NA;27;127;100;NA;79;29;NA;NA;NA;312;19;98;NA;130;NA;NA;64;149;NA;47;15;NA;370;NA;NA;NA;NA;NA;191;47;45;NA;82;37;NA;124;NA;63;NA;NA;NA;NA;NA;156;166;NA;NA;261;NA;NA;393;293;NA;156;NA;88;85;29;NA;NA;NA;143;132;169;21;NA;18;222;18;NA;NA;51;NA;85;27;42;133;NA;NA;NA;189;114;26;101;NA;NA;69;187;NA;NA;48;45;NA;NA;NA;NA;NA;NA;NA;NA;NA
"2005-2006";201;NA;174;159;NA;NA;NA;NA;191;77;NA;NA;339;NA;207;NA;149;123;355;NA;NA;96;238;215;NA;150;98;NA;NA;NA;445;49;189;NA;280;NA;NA;130;306;NA;115;49;NA;513;NA;NA;NA;NA;NA;325;96;117;NA;148;118;NA;248;NA;127;NA;274;NA;302;NA;308;NA;NA;NA;NA;NA;NA;538;532;NA;297;NA;157;147;62;NA;NA;NA;282;272;340;80;NA;51;356;84;NA;NA;NA;92;189;86;137;228;NA;NA;NA;313;204;81;234;NA;NA;155;338;NA;NA;137;131;175;NA;NA;NA;NA;NA;NA;NA;NA
"2006-2007";111;NA;85;120;NA;NA;NA;NA;125;1;NA;NA;NA;NA;106;NA;36;69;192;NA;NA;68;118;68;NA;60;23;NA;NA;NA;245;12;108;NA;165;NA;NA;64;178;NA;58;1;NA;333;NA;NA;NA;NA;NA;195;40;54;NA;67;0;NA;121;0;64;NA;NA;NA;273;NA;178;238;NA;NA;340;NA;NA;NA;NA;NA;115;NA;76;107;16;NA;NA;NA;132;148;156;3;NA;0;215;0;NA;NA;NA;8;135;5;20;132;NA;NA;NA;204;110;7;149;NA;NA;91;178;NA;NA;1;0;104;NA;110;NA;NA;NA;NA;NA;NA
"2007-2008";191;NA;140;145;NA;NA;NA;NA;175;5;NA;NA;NA;NA;214;NA;54;130;369;NA;NA;93;236;127;NA;102;30;NA;NA;NA;483;15;152;NA;247;NA;NA;118;280;NA;93;6;NA;449;NA;NA;NA;NA;NA;328;70;69;NA;125;8;NA;201;8;119;NA;NA;NA;NA;NA;251;304;NA;NA;NA;NA;NA;483;NA;NA;NA;NA;126;NA;36;NA;NA;159;277;232;310;9;NA;5;350;7;NA;NA;NA;19;180;12;29;188;NA;199;NA;NA;194;17;218;NA;NA;136;NA;NA;NA;12;9;NA;NA;187;NA;NA;NA;NA;NA;NA
"2008-2009";333;NA;307;236;NA;NA;NA;NA;243;96;NA;NA;561;NA;312;NA;262;270;601;NA;NA;129;374;417;NA;313;119;NA;NA;NA;731;82;248;NA;418;NA;NA;205;431;NA;138;60;NA;929;NA;NA;NA;NA;NA;546;181;156;NA;261;113;NA;424;122;202;NA;427;NA;559;NA;494;594;NA;NA;639;NA;NA;788;789;NA;NA;NA;267;241;184;NA;NA;322;446;453;533;89;NA;58;624;69;NA;NA;NA;NA;265;133;205;382;NA;NA;NA;NA;350;114;294;116;NA;195;NA;NA;NA;127;115;267;NA;280;NA;NA;NA;NA;NA;NA
"2009-2010";200;NA;148;118;NA;NA;NA;NA;138;29;NA;NA;NA;NA;198;NA;93;115;379;NA;NA;65;165;158;NA;129;48;NA;NA;NA;481;33;129;NA;181;NA;NA;97;188;NA;70;24;NA;681;NA;NA;NA;NA;NA;352;71;75;NA;135;40;NA;171;34;91;NA;263;NA;317;NA;239;321;NA;NA;408;NA;NA;705;510;NA;NA;NA;117;NA;61;NA;NA;NA;190;215;221;35;NA;17;391;26;NA;NA;NA;NA;133;43;72;206;NA;NA;124;NA;152;39;160;42;NA;106;NA;NA;NA;45;45;NA;NA;NA;NA;NA;NA;NA;NA;NA
"2010-2011";177;NA;148;118;81;NA;NA;NA;134;44;NA;NA;NA;NA;172;NA;96;111;394;555;NA;58;196;144;NA;112;48;NA;NA;NA;434;31;137;NA;222;NA;NA;113;268;NA;68;29;NA;550;NA;NA;NA;NA;NA;325;73;82;NA;102;46;NA;222;44;105;NA;190;NA;240;NA;193;NA;NA;NA;277;NA;NA;588;340;NA;NA;NA;135;NA;57;NA;NA;118;235;249;319;35;NA;27;348;33;NA;NA;76;NA;152;41;64;154;NA;NA;109;NA;166;36;170;34;NA;107;NA;NA;NA;52;53;NA;NA;NA;NA;NA;NA;NA;NA;NA
"2011-2012";163;NA;78;105;NA;NA;NA;NA;140;9;NA;NA;NA;NA;172;NA;52;88;319;315;NA;74;180;77;NA;63;31;NA;NA;NA;429;22;132;NA;145;NA;NA;82;182;NA;63;10;NA;385;NA;NA;NA;NA;NA;292;55;75;NA;NA;6;NA;125;6;77;NA;177;NA;248;NA;115;NA;NA;NA;325;NA;NA;457;NA;NA;213;NA;105;NA;35;NA;NA;NA;202;140;233;15;NA;2;307;4;NA;NA;63;27;116;19;47;189;NA;157;111;NA;146;20;140;16;NA;102;261;NA;NA;8;6;NA;NA;163;NA;35;NA;NA;NA;31
"2012-2013";219;NA;255;230;NA;NA;NA;368;NA;45;NA;NA;NA;NA;203;NA;154;190;418;NA;NA;NA;253;253;NA;220;72;NA;NA;NA;503;43;194;NA;326;NA;NA;155;343;NA;136;31;NA;661;NA;NA;NA;NA;NA;376;115;142;NA;NA;55;NA;297;61;149;NA;335;NA;408;NA;NA;434;NA;NA;517;NA;NA;705;587;NA;329;NA;155;211;96;NA;NA;275;282;309;330;57;NA;40;420;35;NA;NA;139;60;244;59;115;235;NA;297;226;NA;235;65;287;58;NA;172;364;NA;NA;68;60;NA;NA;107;NA;NA;NA;NA;NA;NA
"2013-2014";361;NA;338;267;117;NA;NA;NA;NA;32;NA;NA;NA;NA;334;NA;151;303;652;NA;NA;93;362;345;NA;289;87;NA;NA;NA;721;15;266;NA;425;NA;NA;214;440;NA;149;33;NA;1116;NA;NA;NA;NA;NA;751;154;163;NA;NA;27;NA;450;23;216;NA;463;NA;591;NA;447;554;NA;NA;763;NA;NA;1165;890;NA;500;NA;287;269;155;NA;NA;370;529;447;NA;51;NA;13;824;21;NA;NA;186;90;298;65;160;460;NA;344;266;NA;423;69;327;79;NA;210;NA;NA;NA;41;35;NA;NA;NA;NA;NA;NA;NA;NA;NA
"2014-2015";138;NA;68;111;NA;NA;NA;NA;NA;8;NA;NA;NA;NA;146;NA;36;68;276;NA;NA;29;120;86;NA;56;15;NA;NA;NA;318;9;75;NA;136;NA;NA;55;169;NA;27;6;NA;390;NA;NA;NA;NA;NA;250;36;27;NA;NA;11;NA;111;11;46;NA;NA;NA;213;NA;NA;NA;NA;NA;276;NA;NA;449;313;NA;142;NA;69;NA;24;NA;NA;NA;142;134;NA;8;NA;6;276;8;NA;NA;41;14;90;13;35;138;NA;NA;48;NA;98;13;83;13;NA;51;NA;NA;NA;15;16;NA;NA;82;NA;NA;NA;NA;NA;NA
"2015-2016";136;NA;129;120;NA;NA;NA;NA;NA;7;NA;NA;NA;NA;134;NA;83;103;247;413;NA;69;145;133;NA;NA;42;NA;NA;NA;309;12;104;NA;175;NA;NA;93;191;NA;62;8;NA;426;NA;NA;NA;NA;NA;241;56;48;NA;NA;8;NA;181;12;92;NA;NA;NA;NA;NA;NA;NA;NA;NA;320;NA;NA;NA;NA;NA;199;NA;84;NA;31;NA;NA;NA;183;187;NA;17;NA;6;264;7;NA;NA;61;30;130;17;39;154;NA;NA;137;NA;144;23;161;23;NA;93;NA;NA;NA;18;14;NA;NA;130;NA;19;NA;NA;NA;NA
"2016-2017";NA;NA;44;61;NA;NA;NA;NA;NA;NA;NA;NA;91;NA;108;NA;22;42;181;225;NA;38;88;50;NA;34;11;NA;NA;NA;222;8;68;NA;102;NA;172;49;118;NA;31;3;NA;267;NA;NA;NA;NA;NA;172;24;28;NA;NA;6;NA;70;5;36;NA;87;NA;103;NA;NA;NA;NA;NA;NA;NA;NA;NA;NA;NA;110;NA;49;NA;12;NA;NA;NA;95;81;NA;5;NA;3;190;5;NA;NA;26;9;77;6;17;96;NA;NA;72;NA;79;7;88;NA;NA;51;NA;NA;NA;9;7;NA;NA;79;NA;12;NA;NA;NA;NA
"2017-2018";NA;NA;149;198;136;NA;NA;NA;NA;NA;NA;NA;NA;NA;248;NA;68;146;434;NA;NA;125;270;185;NA;NA;62;NA;NA;NA;466;6;221;NA;284;NA;NA;153;NA;NA;98;26;NA;615;NA;NA;NA;NA;NA;402;102;128;NA;NA;37;NA;221;36;135;NA;NA;NA;NA;NA;258;NA;NA;NA;379;NA;NA;692;457;NA;NA;NA;163;133;75;NA;NA;NA;288;215;NA;37;NA;16;450;19;NA;NA;NA;65;218;55;98;301;NA;NA;193;271;212;45;270;NA;NA;151;NA;NA;NA;45;40;NA;NA;210;NA;NA;NA;NA;NA;NA
"2018-2019";NA;NA;NA;130;56;NA;NA;NA;NA;NA;NA;NA;278;NA;NA;NA;NA;80;356;NA;NA;NA;200;147;NA;NA;55;NA;NA;NA;NA;NA;161;NA;204;NA;NA;108;172;NA;91;16;NA;473;NA;NA;NA;NA;NA;345;NA;80;NA;NA;23;NA;NA;17;94;NA;207;NA;314;NA;213;244;NA;NA;417;NA;NA;565;461;NA;NA;NA;134;NA;16;NA;NA;152;256;167;NA;7;NA;13;360;17;NA;NA;83;40;NA;41;76;200;NA;NA;147;NA;168;37;177;NA;NA;128;NA;NA;NA;27;27;NA;NA;186;NA;59;NA;NA;NA;NA
"2019-2020";NA;NA;NA;134;19;NA;NA;NA;NA;NA;NA;NA;NA;NA;NA;NA;NA;141;496;NA;NA;84;NA;181;NA;NA;54;NA;NA;NA;504;NA;164;NA;296;NA;NA;125;NA;NA;75;15;NA;587;NA;NA;NA;NA;NA;376;93;78;NA;139;6;NA;NA;NA;124;NA;NA;NA;NA;NA;315;NA;NA;NA;NA;NA;NA;694;NA;NA;330;NA;129;NA;NA;NA;NA;NA;280;292;NA;NA;NA;3;392;3;NA;NA;NA;NA;NA;32;55;NA;NA;NA;208;NA;208;38;257;NA;NA;140;NA;NA;NA;6;6;NA;NA;NA;NA;NA;NA;NA;NA;NA
